Movie_ID,Title,Overview,Overview_WordCount,Genres,Director,Cast,Production_Company,Release_Date,Release_Year,Release_Month,Release_DayOfWeek,Runtime_Minutes,Budget_Local_Currency,Revenue_Local_Currency,Budget_Crores,Revenue_Crores,Profit_Local_Currency,ROI_Percent,Popularity_Score,Vote_Average,Vote_Count
1235877,Jana Nayagan,"A clash of ideologies. One stands for the people, the other feeds on control. Their paths collided once before. Years later, a child’s silent fear ignites the past, drawing a former police officer into a battle far bigger than personal revenge.",41,"Action, Drama",H. Vinoth,"Vijay, Pooja Hegde, Bobby Deol, Mamitha Baiju, Priyamani",KVN Productions,22-07-2026,2026,7,Wednesday,183,0,0,0,0,0,0,33.6214,5.5,10
1509599,Gatta Kusthi 2,"Picks up after the first film, with Veera and Keerthi balancing parenthood and Keerthi's wrestling career, featuring a role reversal where Veera takes on more domestic responsibilities.",27,"Comedy, Drama",Chella Ayyavu,"Vishnu Vishal, Aishwarya Lekshmi, Zara Zyanna, Karunas, Munishkanth",Vels Film International,03-07-2026,2026,7,Friday,153,0,0,0,0,0,0,27.6505,3.625,4
1432631,Idhayam Murali,"A young man navigates the complexities of unrequited love, finding that even as years pass and life takes unexpected turns, certain emotions remain deeply embedded in his heart.",28,"Romance, Comedy, Drama",Aakash Baskaran,"Atharvaa Murali, Fahadh Faasil, Preity Mukhundhan, Kayadu Lohar, Natarajan Subramaniam",Dawn Pictures,10-07-2026,2026,7,Friday,164,0,0,0,0,0,0,21.8,7.7,3
921711,Tamil Rockers,4 Major characters running for the Money facing more challenges by forgetting the fact that it's not the decision of money to reach human.,24,"Comedy, Thriller",Barani Jayapal,"Premji Amaran, Meenakshi Dixit, VTV Ganesh, S.P.B. Charan, Devadarshini",Jaswanth Super Cinemas,31-12-2021,2021,12,Friday,98,0,0,0,0,0,0,16.4506,4.75,4
1367220,Karuppu,"In a world where justice falters, guardian deity Vettai Karuppu takes the guise of a lawyer to battle a corrupt legal system preying on the powerless.",26,"Action, Fantasy",RJ Balaji,"Suriya, Trisha Krishnan, RJ Balaji, Indrans, Anagha Maya Ravi",Dream Warrior Pictures,14-05-2026,2026,5,Thursday,152,1336000000,279314096.5,133.6,27.93,-1056685904,-79.09,12.5282,6.7,23
1408162,Vishwanath & Sons,"Sanjay Vishwanath is an acclaimed professional handgunner in his 40s with a major stake in fame and wealth. When he comes across a woman named Maddy in her 20s, their dynamic poses many issues that they must come to terms with.",41,"Family, Drama, Romance",Venky Atluri,"Suriya, Mamitha Baiju, Radhika Sarathkumar, Raveena Tandon, Anil Kapoor",Sithara Entertainments,14-08-2026,2026,8,Friday,0,0,0,0,0,0,0,14.0608,0,0
1479832,DC,Rebel Devadas joins forces with Chandra in a dangerous world where passion and peril collide. Their turbulent alliance demands bloodshed and tests loyalties as survival becomes the ultimate stake in their fight.,32,"Romance, Action, Drama",Arun Matheswaran,"Lokesh Kanagaraj, Wamiqa Gabbi, Sanjana Krishnamoorthy, Sharath Ravi, Kobisan Chandrakumar",Sun Pictures,07-08-2026,2026,8,Friday,141,0,0,0,0,0,0,12.6931,0,0
1515729,Blast,A seemingly ordinary family must unleash their hidden martial arts skills when they clash with a ruthless criminal gang tied to corruption and violence.,24,"Action, Thriller",Subash K Raj,"Arjun Sarja, Abhirami, Preity Mukhundhan, Vivek Prasanna, John Kokken",AGS Entertainment,28-05-2026,2026,5,Thursday,143,0,0,0,0,0,0,12.6937,6.864,33
1324842,Lucky the Superstar,"A stray puppy's adventure transforms lives: helping a child heal, bringing a family together, and causing political mayhem while finding her way home.",23,"Drama, Comedy",Udhayabanu Mageswaran,"G. V. Prakash Kumar, Anaswara Rajan, Meghna Sumesh, Subbu Panchu, Devadarshini",Kavithalayaa Productions,20-02-2026,2026,2,Friday,123,0,0,0,0,0,0,6.218,2.3,3
1433117,Kara,"A thief tries to go straight, but when predatory banks trap his father in debt, he returns to crime — with a determined cop closing in on his trail.",29,"Crime, Drama, Thriller, Action",Vignesh Raja,"Dhanush, Mamitha Baiju, K. S. Ravikumar, Suraj Venjaramoodu, Karunas",Vels Film International,30-04-2026,2026,4,Thursday,161,0,0,0,0,0,0,6.7149,5.833,27
987642,Arulmozhi,A private investigator accidently becomes a vigilante as he tries to save his friend and his family who are abducted by a dangerous militant group that is going to release a chemical bomb.,33,"Action, Drama",Manan Subra,"Sangabalan Subramaniam, Alvin Martin, Vikadakavi Magen, Pashini Sivakumar, Vidia Liana",Jaysanga Sir Sdn Bhd,16-06-2022,2022,6,Thursday,120,0,0,0,0,0,0,5.5072,0,0
611377,Azhaggiye Thee,,0,"Drama, Romance",Logan,Saresh D'seven,AT Movies,27-06-2019,2019,6,Thursday,150,0,0,0,0,0,0,4.728,6,1
1602337,Parimala and Co,"A dark comedy centered around a chaotic family whose tangled relationships and unpredictable situations lead to emotionally charged and absurd moments, blending humor with underlying tension and drama.",28,"Crime, Comedy, Mystery, Thriller",Pandiraj,"Jayaram, Urvashi, Sanjana Krishnamoorthy, Ananthika Sanilkumar, Mysskin",Lyca Productions,05-06-2026,2026,6,Friday,138,0,0,0,0,0,0,4.8635,6.25,4
417709,Geethaiyin Raadhai,"A romantic Indian comedy that tells the story of a girl who finds the hero of her life and the two of them eventually fall in love with each other. However, they must also work together to overcome the hardship in their journey of love.",45,"Romance, Comedy",Shalini Balasundaram,"Karnan GCrak, Shalini Balasundaram, Vicran Elanggoven, Suvarna Panjavaranam, Kannan Raajamanickam",Vikadakavi Production,22-09-2016,2016,9,Thursday,135,0,0,0,0,0,0,4.4647,0,0
1126723,Mr. X,Centers on secret intelligence agency cases involving five major national threats that were thwarted through covert operations.,17,"Action, Thriller",Manu Anand,"Arya, Gautham Ram Karthik, Manju Warrier, R. Sarathkumar, Anagha",Prince Pictures,17-04-2026,2026,4,Friday,153,0,0,0,0,0,0,5.0485,5.5,4
1565790,Double Occupancy,"Rajini transforms between woman by day and man by night, hiding this gender swap from partners creating tangled complications.",19,"Romance, Drama, Fantasy",Aswin Kandasamy,"Santhosh Sreeram, Reshma Venkatesh, Samyuktha Viola Viswanathan, Vinoth Kishan, VTV Ganesh",Avni Cinemax,12-06-2026,2026,6,Friday,132,0,0,0,0,0,0,4.1909,6,1
1273049,Dragon,"Raghavan transforms from a school topper into a “bad boy” to score girls in college, but ends up a heartbroken dropout. He then cons his way into a successful finance career, but the lies keep building and maintaining the facade proves tricky.",42,"Comedy, Romance, Drama",Ashwath Marimuthu,"Pradeep Ranganathan, Anupama Parameswaran, Kayadu Lohar, Mysskin, Gautham Vasudev Menon",AGS Entertainment,21-02-2025,2025,2,Friday,157,356810196,1150309026,35.68,115.03,793498830,222.39,3.9198,7.198,48
489398,Aasaan,"Professor Madhusoodhanan is an applied Mathematics professor whose weapon is his intelligence. With nothing to lose except his daughter, Madhusoodhanan must win the fight to keep his daughter safe.",29,"Action, Drama",S. D. Puvanendran,"Hari Dhass, Shashi Tharan, Seelan Manoheran, Saresh D'seven, Sasitharan K. Rajoo",Nova Rimbun,30-11-2017,2017,11,Thursday,150,0,0,0,0,0,0,4.2029,0,0
1542352,Youth,"Youth follows Praveen, a 15-year-old boy who enters adolescence determined to find true love before school ends. As he goes through multiple relationships and heartbreaks, he slowly begins to understand what love truly means. Along the way, the experiences shape his growth, maturity, and outlook on life.",47,"Comedy, Romance, Drama",Ken Karunaas,"Ken Karunaas, Anishma Anilkumar, Suraj Venjaramoodu, Devadarshini, Meenakshi Dinesh",Paarvathaa entertainment,19-03-2026,2026,3,Thursday,141,62858800,628588000,6.29,62.86,565729200,900,4.0925,7.105,19
1137861,Maalai Nera Malipoo,The movie is about how the global pandemic forces a prostitute to change her medium of work onto a digital platform and how her relationship with her son is affected,30,Drama,Sanjay Narayanan,"Vinithra Madhavan Menon, Master Ashwin, Dhinesh Pandiyar, Arjun Maheswar, Samyuktha",Every Frame Matters,09-06-2023,2023,6,Friday,119,0,0,0,0,0,0,3.1503,6.5,2
1510769,29,"A quirky 29-year-old named Sathya embarks on an unexpected journey of laughter, unlikely friendships, and self-discovery. Through hilarious misadventures and chance encounters, he slowly sees life's bigger picture - its surprises, joys, and second chances.",35,"Romance, Comedy, Drama",Rathna Kumar,"Vidhu, Preethi Asrani, Mahendran, Sindhu Shyam, Avinash Raghudevan",Stone Bench Creations,08-05-2026,2026,5,Friday,149,0,0,0,0,0,0,3.7595,6.9,8
1508564,With Love,"Sathya reluctantly agrees to a blind date arranged by his sister and meets Monisha. They discover they attended the same school years ago. Bonding over shared memories and old crushes, they reconnect with their past and grow closer.",38,"Romance, Comedy",Madhan,"Abishan Jeevinth, Anaswara Rajan, Harish Kumar, Kavya Anil, Sacchin Nachiappan",MRP Entertainment,06-02-2026,2026,2,Friday,141,0,0,0,0,0,0,3.3895,6.595,21
519965,Villavan,A young man takes on the role of a vigilante and goes out to hunt his father's murderer. This ongoing search eventually leads him to unexpected surprises.,27,"Action, Adventure",Vassan,"Vinod Mohana Sundaram, Sangeeta Krishnasamy, Logan Nathan, Mathialagan, Bala Ganapathi William",GVKM Elephant Pictures,19-04-2018,2018,4,Thursday,120,0,0,0,0,0,0,4.2481,6,1
400921,Avan Aval,"The story is based on real life incidents and is a revenge thriller with lot of suspense. A husband wants to take revenge for an extramarital affair, his wife has. The way a mysterious girl befriends him and helps his endeavour, forms the crux of the story.",47,,Ramesh Krish,"Devika Madhavan, Chandrika, Sachu, Vignesh",Unknown,08-04-2016,2016,4,Friday,0,0,0,0,0,0,0,4.3302,7,1
1561955,Stephen,"A psychiatrist evaluating a self-confessed serial killer unravels a twisted web of trauma, deceit, and psychological manipulation—only to question if the killer is truly guilty or just another victim in a larger, darker game.",34,"Thriller, Mystery",Mithun,"Gomathi Shankar, Smruthi Venkat, Michael Thangadurai, Vijayashree, Kuberan",JM Production House,05-12-2025,2025,12,Friday,124,0,0,0,0,0,0,3.4825,6.58,25
672041,Santhittha Naal Muthal,"The movie is about a love story between the main characters, Tamil and Mozhi. This story begins from their first encounter in their high school years till their adulthood. The movie illustrates how their relationships are coping with different challenges over time.",42,"Romance, Comedy",Sheela Pravina,"Mervin Emmanuel, Nawinia Murali, Kishalini, David Anthony, Kogila Cumarasamy",Top Movies Sdn Bhd,13-02-2020,2020,2,Thursday,120,0,0,0,0,0,0,4.1146,0,0
616367,Igloo,"Webbed around a couple who believe, preach and practise positivity, where the ‘picture perfect’ lives of a couple are devastated with a hazardous illness and how they handle it positively",30,"Drama, Romance",Bharath Mohan,"Amzath Khan, Anju Kurian, Bagavathi Perumal, Mathew Varghese, Lizzie Antony",Drumsticks Productions,17-07-2019,2019,7,Wednesday,138,0,0,0,0,0,0,3.4654,5.5,3
602143,Unmaiyen Velicham,"A thriller film directed by PK Sivakumar, starring Kirthi Krishna, Nizhalgal Ravi and Vijay Aathik in the lead roles.",19,"Drama, Thriller",Unknown,"Kirthi Krishna, Nizhalgal Ravi, Vijay Aathik",Sree Sree Printers,10-05-2019,2019,5,Friday,138,0,0,0,0,0,0,3.5108,0,0
1596008,Con City,"Follows a struggling family whose lives change when a receipt printer starts generating money after a lightning strike, leading to public chaos when society discovers the money-making machine.",28,"Comedy, Crime, Drama",Harish Durairaj,"Arjun Das, Anna Ben, Yogi Babu, Vadivukarasi, Thambi Ramaiah",Power House Pictures,26-06-2026,2026,6,Friday,150,0,0,0,0,0,0,3.4474,6.5,2
913932,Ikk,"A footballer who suffers a head injury on the field witnesses a murder while convalescing in his hospital room. However, there is hardly any sign of a crime having happened. What's happening?",32,"Fantasy, Thriller",Babu Tamizh,"Yogesh, Anicka Vikraman, Guru Somasundaram, Aadukalam Naren, Y. G. Mahendran",Dharmraj Films,10-12-2021,2021,12,Friday,103,0,0,0,0,0,0,3.8512,0,0
959163,Gatta Kusthi,"Veera, a misguided man who wants a timid, not-so-learned and subservient wife with long hair, unknowingly ends up getting married to Keerthi, an intrepid wrestler who is also more educated than him and has cropped hair. For how long can Keerthi maintain the charade and what happens when Veera comes to know the truth?",54,"Comedy, Drama",Chella Ayyavu,"Aishwarya Lekshmi, Vishnu Vishal, Karunas, Munishkanth, Kaali Venkat",Vishnu Vishal Studioz,02-12-2022,2022,12,Friday,146,0,258850000,0,25.89,0,0,4.0828,5.774,31
1538457,Meesaya Murukku 2,,0,"Comedy, Romance, Drama",HipHop Tamizha Adhi,"HipHop Tamizha Adhi, Ketika Sharma, Chaithra J Achar, Ramya Ranganathan, Harshath Khan",Avni Cinemax,25-09-2026,2026,9,Friday,0,0,0,0,0,0,0,3.6112,0,0
682569,Athaiyum Thaandi,"Directed by Vikinish Lokarag Asokan, this romantic drama film stars Vemanna Appannah, Yuvaraj Krishnasamy, Vanessa Cruez and Sathis Rao Chinniah.",20,"Comedy, Romance",Vikinish Lokarag Asokan,"Vemanna Appannah, Yuvaraj Krishnasamy, Vanessa Cruez, Sathis Rao Chinniah",AT Movies,12-03-2020,2020,3,Thursday,111,0,0,0,0,0,0,3.7894,7,1
1538273,Pyaar Prema Kalyanam,,0,"Romance, Comedy",Elan,"Elan, Saanve Meghana, Radhika Sarathkumar, M. S. Bhaskar, Yogi Babu",Rise East Entertainments Pvt Ltd,21-08-2026,2026,8,Friday,0,0,0,0,0,0,0,2.7977,0,0
589120,Thumbaa,Two painters and a photographer try to stop a forest officer from poaching a tiger.,15,Adventure,Harish Ram LH,"Darshan, Keerthi Pandian, KPY Dheena, George Vijay Nelson, Dharani Vasudevan",Regal Reels,21-06-2019,2019,6,Friday,123,0,0,0,0,0,0,2.4609,0,0
949229,Leo,"Parthiban, a cafe owner, lives with his family in Himachal Pradesh. Things take an absurd turn for him when he gets in the way of a drug cartel.",28,"Action, Crime, Thriller",Lokesh Kanagaraj,"Vijay, Sanjay Dutt, Arjun Sarja, Trisha Krishnan, Madonna Sebastian",Seven Screen Studios,18-10-2023,2023,10,Wednesday,163,3525310298,5993027548,352.53,599.3,2467717250,70,3.5479,6.851,134
458383,Vettai Naai,"Set against the backdrop of a village near Kodaikanal, Vettai Naai revolves around Sekar (RK Suresh), a small-time rowdy, who seeks redemption post his marriage.",25,"Drama, Action",Jai Shankar,"R. K. Suresh, Subiksha, Ramki, Namo Narayana, Rama",THAAI MOVIES,26-02-2021,2021,2,Friday,122,0,0,0,0,0,0,2.3961,0,0
413136,Merku Thodarchi Malai,"Living on the borders of Kerala and Tamil Nadu, Rangasamy, a laborer just like his fellow sons of soils toils, hard-working at the spice plantations owned by landlords. He lives a happy life and wishes to own a piece of land and earn a living through farming. After years of struggle, his dream finally comes true when Chaako, a local politician helps him buy the land, however, he soon faces tougher challenges as he has to deal with corrupt and wealthy politicians.",82,Drama,Lenin Bharathi,"Antony, Gayathri Krishna, Anthony Vaathiyaar, Abu Valayamkulam, Thevaram Sornam",Vijay Sethupathi Productions,24-08-2018,2018,8,Friday,122,0,0,0,0,0,0,3.2858,7.5,17
1118224,Maharaja,"A barber seeks vengeance after his home is burglarized, cryptically telling police his ""Lakshmi"" has been taken, leaving them uncertain if it's a person or object, jeer at his request until they learn what they're really looking for.",38,"Action, Thriller, Mystery",Nithilan Saminathan,"Vijay Sethupathi, Anurag Kashyap, Sachana Namidass, Natarajan Subramaniam, Abhirami",Passion Studios,14-06-2024,2024,6,Friday,141,0,898338257,0,89.83,0,0,3.4354,7.694,237
1579405,Love Oh Love,"A couple is in love. One partner's excessive spending pushes the other into debt. When the burdened partner decides to seek a divorce, the other files a police complaint through the leader of a women's association. As they begin living together, they gradually understand each other's struggles. Eventually, they reconcile and choose to continue their life together.",57,"Romance, Comedy",Magesh Rajendran,"Pavish Narayanan, Naga Durga, Selvaraghavan, Vanitha Vijayakumar, K. S. Ravikumar",Zinema Media,10-07-2026,2026,7,Friday,130,0,0,0,0,0,0,3.6198,0,0
1602783,Thaai Kizhavi,"An elderly and feared moneylender from a village near Madurai falls seriously ill, prompting her estranged sons and extended family to reunite after years of separation. As tensions rise inside the household, hidden motives, family conflicts, and expectations over her wealth turn her uncertain condition into the center of a chaotic family drama.",53,"Comedy, Drama",Sivakumar Murugesan,"Radhika Sarathkumar, Singampuli, Aruldoss, Balasaravanan, Munishkanth",Sivakarthikeyan Productions,27-02-2026,2026,2,Friday,144,81758941.5,0,8.18,0,0,0,3.4421,7.05,10
854384,Kaalam Maari Pochu,Vasu's birthday surprises catch everyone off-guard.,6,Drama,Kumaravarman R. Sivaperumal,"Ravin Rao Santheran, Kavita Sinniah, Eswarji, Bawang Manisegaran, A. Kabilan",Unknown,25-06-2020,2020,6,Thursday,23,0,0,0,0,0,0,3.0859,0,0
405684,Kaatru Veliyidai,"Romance is in the air as the lives of Fighter Pilot Varun & Medical Doctor Leela collide amidst the scenic beauty of Kashmir. While Leela yearns for Varun’s affection in the delicate of ways, Varun’s idea of love is all give-give, not give-take. Just as the avalanche of built-up emotions sets rolling, Varun becomes a PoW post the Kargil episode. Do their paths cross later?",65,"Romance, Thriller",Mani Ratnam,"Karthi, Aditi Rao Hydari, RJ Balaji, Rukmini Vijayakumar, KPAC Lalitha",Madras Talkies,07-04-2017,2017,4,Friday,147,0,0,0,0,0,0,3.1254,5.6,29
647650,Pulanaivu,"Aishwarya, a young and beautiful woman who is just starting college, is trying to move on from her previous relationship. So she is not interested when one of her new friends falls for her and tries hard to earn her love and attention. As their love story develops, a murder suddenly occurs.",52,"Crime, Romance, Thriller",Shalini Balasundaram,"Irfan Zaini, Shalini Balasundaram, Desmond Dass, Krithigah Nair, Kabil Ganesan",Story Films Sdn Bhd,14-11-2019,2019,11,Thursday,115,0,0,0,0,0,0,3.3867,7,1
606563,Zombie,A group of individuals are trapped in a resort where there's a zombie outbreak. Can they get out of the place alive?,22,"Comedy, Horror",Bhuvan Nallan,"Yogi Babu, Yashika Anand, T.M. Karthik, Bijili Ramesh, John Vijay",S3 Pictures,06-09-2019,2019,9,Friday,129,0,0,0,0,0,0,2.9519,3,2
357706,Irudhi Suttru,"A grumpy boxing coach takes on a young, rebellious woman under his wings and starts training her for the world championship. But their biggest battle has to be fought outside the ring.",32,Drama,Sudha Kongara Prasad,"R. Madhavan, Ritika Singh, Mumtaz Sorcar, Nassar, Radha Ravi",Rajkumar Hirani Films,28-01-2016,2016,1,Thursday,109,25050000,175350000,2.5,17.54,150300000,600,2.5296,7.341,66
764750,The Nightmare,A heartbroken young lady battles sinister urges and accidentally attracts Death.,11,"Horror, Thriller",V. G. Ravyn Manogaran,"Vidia Liana, Logen Manogaran",Ravynizm Entertainment,23-05-2020,2020,5,Saturday,10,0,0,0,0,0,0,3.358,6,1
329133,RajiniMurugan,Rajini Murugan locks horns with Yezharai Mookkan who tries to get a share of Murugan's ancestral property by defaming his grandfather.,21,"Comedy, Action",Ponram,"Sivakarthikeyan, Keerthy Suresh, Soori, Samuthirakani, Rajkiran",Eros International,04-12-2015,2015,12,Friday,159,0,0,0,0,0,0,3.1732,5.3,27
1234139,Jailer 2,"Following the events of ""Jailer"",  former ruthless police officer Muthuvel Pandian must come face-to-face with an even larger threat.",19,"Action, Comedy",Nelson Dilipkumar,"Rajinikanth, Mohanlal, Ramya Krishnan, Mithun Chakraborty, Vijay Sethupathi",Sun Pictures,15-10-2026,2026,10,Thursday,0,0,0,0,0,0,0,3.1781,0,0
1680497,Galatta Family,"The plot follows a struggling man who swaps identities with his gangster lookalike, resulting in chaotic consequences",17,"Comedy, Drama",A. Sarkunam,"Vimal, Anicka Vikraman, Thambi Ramaiah, Rajendran, Anandaraj",Unknown,28-11-2025,2025,11,Friday,0,0,0,0,0,0,0,2.6448,0,0
475934,Kadhal Kasakuthaiya,"Diya, a twelfth standard school girl, due to peer pressure and her surroundings, is in quest of her love. She finds a twenty-five-year-old Arjun, who is a software engineer by profession, as her perfect match and tries to impress him. How Diya wins her love overcoming all the social stigma forms the main part of the story.",57,"Comedy, Romance, Drama",Dwarakh Raja,"Dhruva, Venba, Charle, Kalpana, Linga",Etcetera Entertainment,08-09-2017,2017,9,Friday,0,0,0,0,0,0,0,3.0244,5.8,2
743563,Vikram,"Amar is assigned to investigate a case of serial killings. When Amar investigates the case, he realizes it is not what it seems to be and following down this path will lead to nothing but war between everyone involved.",39,"Action, Crime, Thriller",Lokesh Kanagaraj,"Kamal Haasan, Fahadh Faasil, Vijay Sethupathi, Suriya, Narain",Raajkamal Films International,02-06-2022,2022,6,Thursday,174,1282113108,4523363169,128.21,452.34,3241250061,252.81,2.745,7.543,173
794353,Aatkal Thevai,Bases on a true story the movie shows the crime of drug facilitated sexual assault.,15,,Sakthee Sivan,"Sakthee Sivan, Mime Gopi, Boxer Dheena, Anu, Gayatri Rema",Unknown,05-02-2021,2021,2,Friday,0,0,0,0,0,0,0,3.1899,1,1
548513,Avalukkenna Azhagiya Mugam,"Three friends, who experienced love failure, go on a trip with another friend of theirs to make his affair a successful one.",22,,A. Kesavan,"Vijay Karthik, Yogi Babu, Anupama Prakash, Poovarasan, Vicky Adhitiyan",Kathiravan Studios,07-09-2018,2018,9,Friday,0,0,0,0,0,0,0,3.1803,0,0
587471,Tamilarasan,"Frustrated with a greedy hospital, an honest cop takes its heart surgeon hostage to save his son. Can he succeed, especially with his corrupt superior Rana Pratap Singh already has a bone to pick with him, trying to put him down?",41,"Action, Drama",Babu Yogeswaran,"Vijay Antony, Remya Nambeesan, Suresh Gopi, Pranav MohanRaja, Sonu Sood",SNS Movies,21-04-2023,2023,4,Friday,136,0,0,0,0,0,0,3.1051,3.1,7
1209511,Love Insurance Kompany,"In 2040, an app premised on ensuring romance for all is used widely by the population. When the voice behind the app's AI realizes its misconception to true love, he embarks on a quest to prove that love does not come from a screen.",44,"Romance, Science Fiction, Comedy",Vignesh Shivan,"Pradeep Ranganathan, Krithi Shetty, S. J. Suryah, Yogi Babu, Gouri G Kishan",Seven Screen Studios,10-04-2026,2026,4,Friday,157,0,0,0,0,0,0,2.7278,4.8,8
392383,Tea Kadai Raja,The story centers around boys who live next door to each other and revolves around a love affair of one of the boys in his semi urban backdrop.,28,,Marudhu Raja,"Marudhu Raja, Neha Gayatri, Yogi Babu, Sharmila Thapa, Madhan Bob",Unknown,08-04-2016,2016,4,Friday,107,0,0,0,0,0,0,2.4949,0,0
1623927,Granny,"Granny is an upcoming film directed by Vijaya Kumara, starring Vadivukkarasi, Dhileepan, Singampuli, Gaja Raja, Ananthu Nag, and Aparna in prominent roles.",22,Horror,Vijaya Kumaran,"Vadivukarasi, Dhileban, Gajaraj, Ananth Nag, Aparna",Vijay Mary Universal Media,30-01-2026,2026,1,Friday,124,0,0,0,0,0,0,3.0784,0,0
1561687,Made in Korea,A woman from a small town in Tamil Nadu moves to South Korea — a place she always dreamed of — but struggles to find her footing in a foreign land.,31,Drama,Ra. Karthik,"Priyanka Arul Mohan, Rishikanth, Park Hye-jin, Baek Si-hun, Jang Jae-hyeon",Rise East Entertainments Pvt Ltd,12-03-2026,2026,3,Thursday,113,0,0,0,0,0,0,3.1029,7.25,42
618880,Chennai Palani Mars,"An aspiring scientist and a musician, both peculiar by nature, set out on an ambitious trip to Mars.",18,"Fantasy, Drama, Comedy",Biju Viswanath,"Praveen Raja, Rajesh Giriprasad, Vasant Marimuthu, A. Ravikumar, Madhan Kumar Dhakshinamoorthy",Vijay Sethupathi Productions,26-07-2019,2019,7,Friday,120,0,0,0,0,0,0,2.9004,2,2
1556783,TN 2026,"Set in Pollachi, the story follows a powerful landlord, Sivalingam Mandradiyar, who becomes obsessed with a rising actor, Kukanth Kumar, believing he is the next M.G.R. He pours his wealth into shaping the actor's career and political future. But as ambition and fame grow, so does the risk of downfall. Will it lead to power or ruin?",57,"Comedy, Drama",Umapathy Ramaiah,"Natarajan Subramaniam, Thambi Ramaiah, M. S. Bhaskar, Ilavarasu, Shrita Rao",Kannan Ravi Groups,10-04-2026,2026,4,Friday,138,0,0,0,0,0,0,3.3659,0,0
444516,Naachiyaar,"A lady cop takes interest in the case of a pregnant minor girl and her lover. But there’s a twist in the case, and can she right a wrong, despite pressure from superiors?",33,"Crime, Thriller",Bala,"Jyothika, G. V. Prakash Kumar, Rockline Venkatesh, Ivana, Gopi Kannadasan",EON Productions Limited,16-02-2018,2018,2,Friday,100,0,0,0,0,0,0,2.8876,5.583,12
1518247,Happy Raj,"A city romance meets a rural family invasion. What follows is chaos, comedy, and heartfelt moments. The story unfolds as a joyful entertainer that explores love, cultural clashes, and the importance of family bonds.",34,"Romance, Comedy, Drama",Maria Raja Elenchezhian,"G. V. Prakash Kumar, Sri Gouri Priya Reddy, Abbas, George Mariyan, Geetha Kailasam",Beyond Pictures,27-03-2026,2026,3,Friday,159,0,1984544.5,0,0.2,0,0,3.194,4.5,4
1730079,Saa Vee,A young man's life turns into a nightmare when his uncle's dead body disappears the moment he closes his eyes.,20,"Comedy, Mystery, Thriller, Drama",Anton Ajith,"Udaya deep, Aadesh Bala, Aashika V, Ratchasan Yazar, Master Ajay",Anton Ajith Productions,05-12-2025,2025,12,Friday,105,6569195.5,0,0.66,0,0,0,2.5949,10,3
577757,Kuthuoosi,"A well-educated youngster drops his plans of settling down in the US to develop agriculture in his village, but faces threat from many people.",24,"Action, Drama",Siva Shakthi,"Dhileban, Amala Rose, Jaya Balan, Yogi Babu",Sri Lakshmi Studios,25-01-2019,2019,1,Friday,134,0,0,0,0,0,0,2.7221,0,0
328376,Touring Talkies,"A 75-year-old man, who is one the verge of dying, goes searching for the lover from his youth. Does he find her? A school girl from a lower caste is raped and murdered by two powerful upper caste men. Her elder sister takes revenge in her own style...",48,Drama,S. A. Chandrasekhar,"S. A. Chandrasekhar, Manobala, Robo Shankar, Sunu Lakshmi, Vijay Vishwa",Star Makers,30-01-2015,2015,1,Friday,136,40497500,0,4.05,0,0,0,2.8118,4,1
411491,Kadalai,A youngster with a lackadaisical attitude realises the importance of embracing agriculture when a selfish businessman tries to acquire land from his village.,23,"Romance, Comedy",P Sagaya Suresh,"Ma Ka Pa Anand, Aishwarya Rajesh, Yogi Babu, Ponvannan, John Vijay",Udhayam Entertainment,28-10-2016,2016,10,Friday,138,0,0,0,0,0,0,2.8946,0,1
533296,Kasu Mela Kasu,"Periyasamy, an idler, hopes to enjoy life as a rich man by making his son, Murali woo Mynaa, who, he thinks, is the daughter of a wealthy jeweller. Little does he realise that Mynaa is actually the daughter of a beggar!",41,"Comedy, Romance",K. S. Palani,"Mayilsamy, Ganja Karuppu, Kovai Sarala, Nalini, Jangiri Madhumitha",Ragav Movie Entertainment,06-07-2018,2018,7,Friday,122,0,0,0,0,0,0,2.9018,0,0
1257957,Bison Kaalamaadan,A young man fights to overcome violence plaguing his village and succeed as a professional kabaddi player.,17,"Drama, Action",Mari Selvaraj,"Dhruv Vikram, Anupama Parameswaran, Rajisha Vijayan, Pasupathy, Ameer",Neelam Productions,17-10-2025,2025,10,Friday,169,0,0,0,0,0,0,2.8967,7.316,19
1321108,Dude,"Childhood friends Agan and Kural are inseparable. When Kural encounters romantic troubles, Agan must balance his hidden feelings for her with his desire to ensure her happiness.",27,"Action, Comedy, Drama, Romance",Keerthiswaran,"Pradeep Ranganathan, Mamitha Baiju, R. Sarathkumar, Hridhu Haroon, Neha Shetty",Mythri Movie Makers,17-10-2025,2025,10,Friday,140,0,0,0,0,0,0,2.4143,5.543,46
402692,Metro,"A journalist becomes a vigilante in order to bring down a chain-snatching gang, unaware of the fact that his younger brother is a part of it.",26,"Thriller, Action, Crime",Ananda Krishnan,"Metro Shirish, Bobby Simha, Yogi Babu, Vijay Sathya, Maya Preethi",Metro Productions,24-06-2016,2016,6,Friday,119,0,0,0,0,0,0,2.8605,6.7,8
605241,Perazhagi ISO,,0,,Unknown,"Shilpa Manjunath, Vivek Raj, Livingston, Sundarrajan, Sachu",Unknown,24-05-2019,2019,5,Friday,118,0,0,0,0,0,0,2.6922,0,0
618151,Taana,"Revolves around a family, in a village, where cops are regarded as kaaval deivam similar to Aiyanaar and Karuppan and most of the members of which have been in the police force for decades. All, except for One person, who vows to make his son a cop one day, despite troubles from supernatural forces..",54,"Comedy, Horror, Drama",Yuvaraj Subramani,"Vaibhav, Nandita Swetha, Yogi Babu, Pandiarajan, Hareesh Peradi",Nobel Movies,24-01-2020,2020,1,Friday,123,0,0,0,0,0,0,2.7129,5.7,3
1153399,Coolie,"Deva, once living a quiet life, is shaken when his close friend dies under suspicious circumstances. Determined to uncover the truth, he infiltrates a powerful gang operating in the shadows. As he investigates, Deva becomes entangled in a dangerous web of crime, betrayal, and secrets from his own past, forcing him to confront powerful enemies while protecting the ones he loves.",61,"Action, Thriller, Crime",Lokesh Kanagaraj,"Rajinikanth, Nagarjuna Akkineni, Soubin Shahir, Upendra, Shruti Haasan",Sun Pictures,13-08-2025,2025,8,Wednesday,170,3590500000,4836152165,359.05,483.62,1245652165,34.69,3.1369,6.201,87
522571,Ais Kosong,"The film is a comedy film that revolves around three strangers who met by chance and went on a road trip to Penang. On their journey north, they unknowingly played havoc and poured cold water on the plans of two crime gangs who are at war with each other.",49,"Adventure, Comedy",Manan Subra,"Alvin Martin, Sasikumar Kandasamy, Anu Ramamoorthy, Sangabalan, Shamini Ramasamy",MS Digital Studio,03-03-2016,2016,3,Thursday,93,0,0,0,0,0,0,3.3882,0,0
1222049,Nilavuku En Mel Ennadi Kobam,"Prabhu, a young chef, is ready to move forward with an arranged marriage when his past love, Nila, unexpectedly reenters his life, challenging his plans and emotions.",27,"Romance, Comedy, Drama",Dhanush,"Pavish Narayanan, Anikha Surendran, Priya Prakash Varrier, Mathew Thomas, Venkatesh Menon",Wunderbar Films,21-02-2025,2025,2,Friday,131,144652728,0,14.47,0,0,0,3.0599,6.4,8
786567,Gandhi Talks,"A silent black comedy, about the monetary needs of a character & how it impacts the others. A young, unemployed graduate Mahadev’s struggle to land a job through any means possible and crosses paths with a businessman and petty thief. A subject wherein silence speaks much louder than words. Although a work of fiction by the writer, all the characters in the film are sketched out to seem very real and relatable ensuring an enriching journey as well a laugh riot as the cat and mouse guffaws amongst them unfold. Gandhi Talks aims at telling a story by switching off the device of dialogue, which is not only scary but also interesting and challenging.",114,Comedy,Kishor Pandurang 'Belekar',"Vijay Sethupathi, Arvind Swamy, Aditi Rao Hydari, Divay Dhamija, Siddharth Jadhav",Movie Mill Entertainment,30-01-2026,2026,1,Friday,133,0,0,0,0,0,0,3.0141,7.333,3
457871,Kalki,A scientist trying to solve one of the universe's greatest puzzles begins a romance with a much younger colleague that's haunted by a dark secret.,25,"Drama, Romance, Science Fiction",Dhilip Kumar,"Kishore, Yasmin Ponnappa, Mithraboomi Saravanan",Pramod Films,02-03-2018,2018,3,Friday,45,0,0,0,0,0,0,3.0107,4.7,3
613703,Kadaisi Vivasayi,"Maayandi, the only farmer in a village that has abandoned farming, is charged with a petty case that leads to his imprisonment.",22,Drama,M. Manikandan,"Nallandi, Vijay Sethupathi, Yogi Babu, Muniswaran, Kaalaipandiyan",Tribal Art Productions,11-02-2022,2022,2,Friday,145,0,0,0,0,0,0,3.0397,8.577,26
280956,Kangaroo,"Murugesan aka Kangaroo cares so deeply for his sister Azhagu, whom the local pimp Ticket is lusting after. And then, when the men Azhagu agrees to marry die one after the other in seemingly natural circumstances, questions arise. Who murdered them and to what end?",45,,Samy,"Arjuna, Sri Priyanka, Varsha Ashwathi, Ganja Karuppu, Thambi Ramaiah",V House Productions,24-04-2015,2015,4,Friday,0,0,0,0,0,0,0,2.4075,4,1
392382,Oyee,"A girl in her mid-20s, who is out on parole for her sister's wedding, gets entangled in confusion after her visit to a joint family.",25,"Romance, Comedy, Family",Francis Markus,"Geethan Britto, Eesha Rebba, Arjunan Nandakumar, Papri Ghosh, Sangili Murugan",Jupiter Films,08-04-2016,2016,4,Friday,127,0,0,0,0,0,0,2.7726,5,2
1029731,Kuzhali,"A higher caste school girl tries to elope with her lower caste lover with dream of continuing her studies, after her elders knows about the affair. This creates great chaos in the village & lives are turned upside down.",39,Drama,Chera. Kalaiyarasan,"Aara, J Vignesh, Senthikumari, Shalini Saroj",Trident Arts,23-09-2022,2022,9,Friday,135,0,0,0,0,0,0,2.619,0,0
460549,Sema,"A vegetable vendor marries a girl against her father's wish. The couple, with the help of their respective mothers, manage to hide it from the girl's father till she gives birth to a child",34,"Action, Comedy",Vallikanth,"G. V. Prakash Kumar, Arthana Binu, Sujatha Sivakumar, Yogi Babu, Mansoor Ali Khan",Linga Bairavi Creations,25-05-2018,2018,5,Friday,122,0,0,0,0,0,0,3.1075,1.5,2
412171,Bayam Oru Payanam,"A passionate photographer, who gets stuck in a terror-stricken atmosphere, tries to save himself and his family from an unknown evil force.",22,"Horror, Thriller",Mani Sharma,"Bharath Reddy, Vishakha Singh, Meenakshi Dixit, Singampuli, Urvashi",Octo Spider Productions,26-08-2016,2016,8,Friday,127,0,0,0,0,0,0,2.5312,3.5,2
1728047,DELIVERY BOY,"A young food delivery rider, who dreams of becoming a police officer, is forced to steal money to save his critically injured mother. Months later, when he discovers that the same man has been falsely accused of murder, he risks everything to save the life he once unknowingly changed forever.",50,"Action, Drama",Nani darla,"Leo Sivakumar, Radhika Sarathkumar, Brigida Saga, Kaali Venkat, Jenson Dhivakar",Unknown,04-09-2026,2026,9,Friday,133,34955772,0,3.5,0,0,0,2.7005,0,0
431769,Koditta Idangalai Nirappuga,"On a business trip to India, an NRI fantasises about getting into a relationship with the young wife of his middle-aged driver.",22,"Thriller, Drama, Comedy",R. Parthiban,"Shanthanu Bhagyaraj, Parvatii Nair, R. Parthiban, Thambi Ramaiah, Simran",Reel Estate Company,14-01-2017,2017,1,Saturday,124,0,0,0,0,0,0,2.755,0,0
427727,Kannula Kaasa Kattappa,"A drama film directed by Major Gowtham, starring Aravind Akash, Ashwathy Ravikumar and Chandini Tamilarasan in the lead roles.",19,"Drama, Comedy",Gowtham Sundararajan,"Aravind Akash, Chandhini Tamilarasan, M. S. Bhaskar, Yogi Babu, Kalyan Kumar",Sugar & Spice Entertainment,25-11-2016,2016,11,Friday,117,0,0,0,0,0,0,2.7004,0,0
1617089,Vengeance,"Vengeance follows a young woman with a mysterious past that slowly comes to light. Driven by an unrelenting purpose, she transforms into someone capable of crossing any boundary to fulfill her mission. Each obstacle she faces only sharpens her resolve, pulling her deeper into a ruthless path.",47,Drama,Rahul Ashok,"Abarnathi, Ilavarasu, Kaali Venkat, Livingston, Y. G. Mahendran",AC Productions,13-03-2026,2026,3,Friday,149,0,0,0,0,0,0,2.9701,0,0
544679,Aaruthra,"Shattered by his sister’s cruel murder, a sculptor awards death punishments to those who are behind the brutal act in different ways",22,Drama,Pa. Vijay,"Pa. Vijay, K. Bhagyaraj, S. A. Chandrasekhar, Y. G. Mahendran, Mayilsamy",Vil Makers Production,31-08-2018,2018,8,Friday,126,0,0,0,0,0,0,2.6464,1,1
330428,Kuttram Kadithal,"A school teacher slaps a student who faints and goes into a coma, setting the stage for an emotional ordeal for everyone involved.",23,"Family, Drama",Bramma G,"Master Ajay, Radhika Prasidhha, Sai Rajkumar, Pavel Navageethan, Kulothungan Udayakumar",Unknown,25-09-2015,2015,9,Friday,114,0,0,0,0,0,0,2.5497,6.7,11
713242,Soundless Dance,"In the spring of 2009, Sri Lanka's decades long civil war is entering its most violent phase. Siva, a young Sri Lankan refugee living illegally in France, has lost contact with the family he was forced to leave behind. Haunted by the trauma of the war that devastated his childhood and obsessed by the flow of images on the Internet, Siva sinks into a waking dream that propels him into the heart of the battlefield.",75,Drama,Pradeepan Raveendran,"Patrick Yogarajan, Manoranjan Jegatheeswaran, Lavan Nadarajah, Susiananthan Nadarajah, Yogarajah Murugavel",Baldanders Films,07-04-2019,2019,4,Sunday,89,0,0,0,0,0,0,2.6384,0,0
507419,Inba Twinkle Lilly,"Three elderly women, who are in desperate need of money, plan to rob a bank — the same place where they had previously lost their hard-earned money during a bank robbery!",31,"Comedy, Drama",RK Vidhyaadharan,"Saranya Ponvannan, Kovai Sarala, Kalpana, Venniradai Moorthy, Chitra Lakshmanan",Appu Movies,29-06-2018,2018,6,Friday,122,0,0,0,0,0,0,2.4934,0,0
402781,Yaakkai,"When the chairman of a multi-specialty hospital dies mysteriously, a cop begins an investigation which leads him to find more bodies.",21,"Thriller, Drama, Romance",Kuzhandhai Velappan,"Krishna Kulasekaran, Swathi Reddy, Prakash Raj, Radha Ravi, Guru Somasundaram",Prism Pictures,03-03-2017,2017,3,Friday,127,0,0,0,0,0,0,2.3672,3.6,5
1032627,Love Today,A young couple is made to exchange their phones for a day. What follows is a hilarious and emotional sequence of events that puts their lives in misery.,28,"Comedy, Romance",Pradeep Ranganathan,"Pradeep Ranganathan, Ivana, Akshaya Udhayakumar, Raveena Ravi, Radhika Sarathkumar",AGS Entertainment,04-11-2022,2022,11,Friday,154,0,0,0,0,0,0,2.5045,6.905,58
1627642,Thiraivi,"A woman is talking to a man about a plan. The man says that he needs to kill someone, but the woman says that he should not do it. The woman is shocked and does not know what to do. Then, the woman was bound and gagged by the man",50,"Mystery, Thriller",Karthi Dakshinamoorthy,"Munishkanth, Ashna Zaveri, Nizhalgal Ravi, Ashok Kumar Balakrishnan, Saravana Subbiah",Unknown,30-01-2026,2026,1,Friday,0,0,0,0,0,0,0,2.3387,0,0
619329,Munthiri Kaadu,"In a Village Where they used to Honor Kill Love couples of the opposite cast and in that village A girl and boy from the opposite cast who used to be friends are getting pressure from village people that they love each other . What happens at the End? Whether they succeed or not is the story.",57,"Drama, Action",Mu Kalanjiyam,"Seeman, Pugazh Mahendran, Palamedu Parthipan, Subha Priya Malar, C.H. Jayarao",Aathi Thiraikalam,07-04-2023,2023,4,Friday,178,0,0,0,0,0,0,2.7066,5.1,5
582072,Kadhal Mattum Vena,"A romantic film directed by Sam Khan, starring Sam Khan, Elizabeth and Divyanganaa Jain in the lead roles.",18,"Drama, Romance",Sam Khan,"Sam Khan, Elizabeth, Divyanganaa Jain, Hamida Khatoon",Luckky Studios,15-02-2019,2019,2,Friday,94,0,0,0,0,0,0,2.5957,0,0
934292,Pandrikku Nandri Solli,"Fate brings together a cop, a gangster and an aspiring filmmaker, who hail from different places. After the initial misunderstandings and confusions between them, they form as a team and go in search of a unique pig statue and a huge sum of money. But little did they know that they would have to face unheard hurdles and riddles to possess the statue and money.",65,"Comedy, Crime",Bala Aran,"Nishanth Russo, Vijay Sathya, Nakkalites Chella, Joe Malloori, Balaji Rathinam",Studio Green,04-02-2022,2022,2,Friday,107,0,0,0,0,0,0,2.5528,8,1
589698,Pattipulam,"Due to street racing by local guys, a girl looses her parents and she takes revenge on the street racer!",20,"Comedy, Romance",J. Suresh,"Amitha Rao, Veera Samar, Yogi Babu, Cheran Raj, Supergood Subramani",Eros International,22-03-2019,2019,3,Friday,100,0,0,0,0,0,0,2.8139,5,1
607693,Aruvam,A food safety officer and a teacher who has no sense of smell come together to fight the practice of food adulteration and its devastating effect on people.,28,"Thriller, Horror",Sai Shekhar,"Siddharth, Catherine Tresa, Sathish, Kabir Duhan Singh, Aadukalam Naren",Trident Arts,10-10-2019,2019,10,Thursday,133,0,0,0,0,0,0,2.797,4.429,14
1390963,C4 Cinta,"The film interlinks multiple plots that weave together the lives of Hari, Soniya and their friends, as they navigate the complexities of rekindled relationships and unspoken truths across the vibrant landscapes of Singapore and Malaysia. As they confront their past and present, the film explores themes of love, memory, and identity. Each character's journey is intricately connected, offering a rich tapestry of emotional drama, family values, and friendship.",68,"Romance, Comedy",Karthik Shamalan,"Yuvaraj Krishnasamy, Pashini Sivakumar, Loga Varman Strideran, Ravin Rao Santeran, K. S. Maniam",Unknown,21-11-2024,2024,11,Thursday,167,0,0,0,0,0,0,3.6138,0,0
460539,Kuppathu Raja,A story about the relationship between the slum dwellers in Chennai and how certain anti-social elements create unrest in their lives.,21,"Action, Comedy, Drama",Baba Baskar,"G. V. Prakash Kumar, R. Parthiban, Palak Lalwani, Poonam Bajwa, Yogi Babu",S FOCUSS,05-04-2019,2019,4,Friday,127,0,0,0,0,0,0,2.5149,5,5
455429,Meendum Vaa Arugil Vaa,Meendum Vaa Arugil Vaa is a bilingual Horror film. Directed by J Jaya Rajendra Cholan,15,"Thriller, Horror",J. Jaya Rajendra Cholan,"Santhosh Prathap, Sai Priya Deva, Aarav Kizar",Lipi Cine Crafts,31-12-2018,2018,12,Monday,0,0,0,0,0,0,0,2.5933,0,0
667957,Paramapadham Vilayattu,"The local party leader gets hospitalized, Dr. Gayathri tries her best to cure him, but he dies. The leader's son is forced to take over while Dr. Gayathri tells him about the conspiracy over his father's death.",37,Thriller,K. Thirugnanam,"Trisha Krishnan, Nandha, Richard Rishi, Vela Ramamoorthy, A. L. Azhagappan",Night ed films,14-04-2021,2021,4,Wednesday,121,0,0,0,0,0,0,2.5754,3.8,5
942426,Narigal,"Distraughted by his daughter's nude photos being distributed on the internet without consent, the father along with some family members commit suicide. Determined to uncover the cause of the suicide, a man investigates and discovers that an online cybercrime syndicate is actively extorting money from female victims and uploading obscene videos. Now he has to track down the suspects of syndicate, how will the story goes?",66,"Action, Comedy",RMS Sara.R,"Jayarajendran John, RMS Sara.R, Nithya Shree, lvin Martin Santhiavoo, Lingkesvaran Maniam",Boss Pictures,24-02-2022,2022,2,Thursday,119,0,0,0,0,0,0,2.2063,9,1
388733,Aagam,"An ambitious youngster who feels very strongly about brain drain, gets embroiled in a conspiracy, which borders on what they call, knowledge terrorism.",23,"Thriller, Crime",Vijay Anand Sriram,"Irfan, Jayaprakash, Deekshitha Manikkam, Riyaz Khan, Y. G. Mahendran",Jyostar Enterprises,18-03-2016,2016,3,Friday,116,0,0,0,0,0,0,2.5049,3,2
525461,Pinnokam,Pinnokam-The Flashback is Tamil language action romantic movie from Malaysia.This film were directed and starred by debuted A.Hamen Kumar.,19,"Action, Romance",A. Hamen Kumar,"A. Hamen Kumar, Anu Ramamoorthy, Aghonderan Sahadevan II, Surenderaj Yuvaraj, Murali Raj",DCinema Sdn Bhd,01-01-2015,2015,1,Thursday,90,0,0,0,0,0,0,3.5261,0,0
592875,Uriyadi 2,A young man struggles for justice for the victims who are affected by the chemical plant leakage which lead to many deaths in the village.,25,"Action, Thriller",Vijay Kumar,"Vijay Kumar, Vismaya, Sudhakar, Arumugam Bala",2D Entertainment,05-04-2019,2019,4,Friday,119,0,0,0,0,0,0,2.2201,7,11
530957,Kanne Kalaimaane,"A rich farmer named Kamala Kannan, and chronicles the changes in his world following the arrival of Bharathi, a newly appointed bank manager in the village.",26,"Drama, Family, Romance",Seenu Ramasamy,"Udhayanidhi Stalin, Tamannaah Bhatia, Vadivukarasi, Vasundhara Kashyap, 'Poo' Ram",Red Giant Movies,22-02-2019,2019,2,Friday,124,0,0,0,0,0,0,2.5036,6.6,8
342003,Eli,A small-time thief is asked by a cop to infiltrate a gang of smugglers and collect evidence against them.,19,Comedy,Yuvaraj Dhayalan,"Vadivelu, Sadha, Pradeep Ram Singh Rawat, Kitty, Adithya Menon",City Cine Creations,19-06-2015,2015,6,Friday,154,0,0,0,0,0,0,2.5597,3,5
536937,Ondikatta,A noble person takes revenge on his ex-lover's husband when he gets to know that she has been tortured.,19,"Drama, Romance",Bharani,"Vikram Jagadish, Neha, Sentrayan, Jangiri Madhumitha, Kalairani",Friends Creations,20-07-2018,2018,7,Friday,133,0,0,0,0,0,0,2.5557,0,0
345454,Mapla Singam,Youngsters belonging to two rival factions in a village fall in love with each other. Will this romance add fuel to the enmity or result in peace?,27,"Action, Comedy, Romance",N. Rajasekhar,"Vimal, Anjali, Soori, Radha Ravi, Swaminathan",Escape Artists Motion Pictures,11-03-2016,2016,3,Friday,130,0,0,0,0,0,0,2.7807,4.8,6
757545,Mookuthi Amman,"A TV reporter, who has been gathering evidence to expose a self-styled godman for years, gets help from Goddess Mookuthi Amman. How does he utilise the situation to bring down the godman before the public?",35,"Comedy, Fantasy",RJ Balaji,"Nayanthara, RJ Balaji, Urvashi, Mouli, Ajay Ghosh",Vels Film International,14-11-2020,2020,11,Saturday,134,0,0,0,0,0,0,2.8613,5.614,22
582465,Naduvan,"A man learns that his wife is cheating on him with his best friend. Even as he plans to kill her, four young men enter his home to rob the place!",31,"Thriller, Drama",Sharran Kumar,"Bharath Srinivasan, Aparna Vinod, Gokul Anand, Aruvi Bala, Karthik Sasidharan",Cue Entertainment,24-09-2021,2021,9,Friday,123,0,0,0,0,0,0,2.6669,7.5,2
899187,Border,An investigative crime thriller.,4,"Action, Thriller",Venkatesh S,"Charles Anthony Samy, Boxer Dheena, Billy Murali, Avinash, Kavita Radheshyam",Unknown,12-11-2021,2021,11,Friday,122,0,0,0,0,0,0,2.6819,0,0
946937,Jiivi 2,"Saravanan restarts his life by marrying Kavitha, the daughter of his house owner, and takes up the job of a share-auto driver. As Mani, his friend, comes back into his life, the cycle of events start again putting Saravanan's life in a challenging situation.",44,"Crime, Mystery, Thriller",V. J. Gopinath,"Vetri, Karunakaran, Rohini, Rama, Y. G. Mahendran",V House Productions,19-08-2022,2022,8,Friday,109,0,0,0,0,0,0,2.7393,6.3,7
410627,Meen Kuzhambum Mann Paanaiyum,"A father and son, who fail to understand each other, decide to sort out their issues with the help of their family friend in an unusual and bizarre way.",29,"Comedy, Family, Romance",Amudeshwar,"Kalidas Jayaram, Ashna Zaveri, Pooja Kumar, Prabhu, Urvashi",Eshan Productions,10-11-2016,2016,11,Thursday,136,0,0,0,0,0,0,2.3562,2.5,2
1597280,Kenatha Kanom,"Desperate to find water, residents of a parched village start digging a new well, but what they find is not water but a dinosaur fossil.",25,"Comedy, Drama, Family",Suresh Sangaiah,"Yogi Babu, Lovelyn Chandrasekhar, George Mariyan, Raichal Rabecca Philip, Hello Kandasamy",Box Office Studio,13-03-2026,2026,3,Friday,116,0,0,0,0,0,0,2.9215,0,0
482247,Ka..Ka..Ka.. Aabathin Arikuri,Ka..Ka..Ka.. Aabathin Arikuri is a Tamil movie starring Nassar and Yogi Babu in prominent roles. It is an horror drama directed by Manon M.,24,"Comedy, Horror",Manon M,"Ashok Kumar Balakrishnan, Megashree, Yogi Babu, Yuvina Parthavi, Nassar",Arpita Creations,18-08-2017,2017,8,Friday,119,0,0,0,0,0,0,2.4336,0,0
260658,Vizhithiru,"Various people in different places, and dealing with diverse issues, come together and run for their lives in an unexpected situation.",21,,Meera Kathiravan,"Krishna Kulasekaran, Venkat Prabhu, Vidharth, Sai Dhanshika, Thambi Ramaiah",Unknown,03-11-2017,2017,11,Friday,127,0,0,0,0,0,0,2.407,5,3
455611,Enga Amma Rani,"When one of her daughters dies and the second one is diagnosed with the same illness, single mom in Malaysia takes her to a hill station, where the girl starts behaving mysteriously.",32,"Horror, Thriller, Drama",S. Bani,"Sai Dhanshika, Namo Narayana, Anil Murali, Vaishali Thaniga, Rindhu Ravi",MK Films,05-05-2017,2017,5,Friday,110,0,0,0,0,0,0,2.5692,4,1
1321821,Pechi,"Five young trekkers and their tour guide embark on a weekend adventure in the Kollimalai hills. Despite warnings, they venture into a restricted area, unknowingly entering the domain of a malevolent spirit, which is hell bent on wreaking havoc in their lives. Did they survive the relentless onslaught and harrowing encounter with the supernatural force in the haunted woods?",59,Horror,Ramachandran B,"Gayathrie Shankar, Balasaravanan, Preethi Nedumaran, Dev Ramnath, Seeniyammal",Veyilon Entertainment,02-08-2024,2024,8,Friday,110,0,0,0,0,0,0,2.6557,8.333,3
1078567,Kalluri Rascals,"Varun, the younger brother of a police officer, arrives in Kuala Lumpur to begin his tertiary studies. But books and grades threaten to go out the window when he finds himself captivated by a fellow student, Nivetha. Unfortunately, college senior and big bully, Prem is also in pursuit of her. Naturally, the lads clash, leading to Varun becoming involved in many shenanigans, including provoking the local mob boss.",68,Action,Shaswin Raj,"Ganessan Manogharan, Kishok, Riknaveen, Arun Kumaran, Aghonderan Sahadevan II",Trillion Studios,31-08-2023,2023,8,Thursday,0,0,0,0,0,0,0,2.4598,0,0
636621,Super Duper,"Two petty criminals end up kidnapping the wrong woman, and end up in a situation where they have to deal with a kingpin of a drug mafia.",27,"Comedy, Thriller",Na. Arun Karthik,"Dhruva, Indhuja Ravichandran, Shah Ra, Adhithya Shivpink, Soundaraya Gowda",Unknown,20-09-2019,2019,9,Friday,118,8657029.5,0,0.87,0,0,0,2.5887,3,1
777614,Thaen,"A naive and uneducated youngster, who earns living by beekeeping in a forest, gets the shock of his life when his wife is diagnosed with a rare disease. The lack of documents to prove his identity makes things worse for him",41,Drama,Ganesh Vinayak,"Abarnathi, Tharun Kumar, Bava Lakshmanan, Kayal Devaraj",Trident Arts,19-03-2021,2021,3,Friday,121,0,0,0,0,0,0,2.5418,8.8,2
619811,Mayuran,A college student locks horns with a dreaded gangster after getting to know that his friend was killed by the latter.  But he realises that his opponent is too big for him and hatches plans to defeat him.,38,"Crime, Thriller",Nandan Subbarayan,"Anand Sami, Vela Ramamoorthy, Amudhavanan, Ashmitha K Dogra, Balaji Radhakrishnan",Pinnacle Film Studios,30-08-2019,2019,8,Friday,109,0,0,0,0,0,0,2.6335,0,0
927342,Amaran,"A heroic true story of Major Mukund Varadarajan, an Indian Army officer who displayed extraordinary bravery during a counterterrorism mission in Kashmir’s Shopian district. The film captures his courage in protecting his nation and the devotion of his wife Indhu Rebecaa Varghese.",42,"Action, Drama, Adventure, War",Rajkumar Periasamy,"Sivakarthikeyan, Sai Pallavi, Rahul Bose, Bhuvan Arora, Lallu Prasath",Raajkamal Films International,31-10-2024,2024,10,Thursday,169,1227450000,3273200000,122.75,327.32,2045750000,166.67,2.9106,7.372,258
400391,Uriyadi,A group of college students gets entangled in the scheme of a fledgling caste outfit that wants to turn into a political party.,23,"Thriller, Action",Vijay Kumar,"Vijay Kumar, Chandru, Jayakanth Velu, Siva Perumal, Mime Gopi",Souvenir Productions,27-05-2016,2016,5,Friday,126,0,0,0,0,0,0,2.4307,7.8,24
456289,Velaikkaran,"An enterprising youngster in a slum wants his people to lead a life of dignity, but has to take on an ambitious capitalist, who only wants to dominate his field.",30,"Drama, Thriller",Mohan Raja,"Sivakarthikeyan, Fahadh Faasil, Nayanthara, Sneha, Prakash Raj",24AM Studios,22-12-2017,2017,12,Friday,150,0,0,0,0,0,0,2.8146,6.925,40
402780,Kuttram 23,A case involving the disappearance of a pregnant woman turns into a personal one for the cop who is tasked with investigating it.​,23,"Thriller, Crime, Action",Arivazhagan Venkatachalam,"Arun Vijay, Mahima Nambiar, Vamsi Krishna, Thambi Ramaiah, Aravind Akash",In Cinemas Entertainment,03-03-2017,2017,3,Friday,134,0,0,0,0,0,0,2.7147,7,34
1218835,Diary,What happens when a diary founded in a secondhand bungalow began to haunt Sharvesh and his wife? The crux of the story is about the mystery hidden in the house.,30,"Horror, Mystery",Vathani Kunasegarran,"Ravin Rao Santeran, Hamsni Perumal, Shahstan Kurup, Puveneswary Sukumaran",Astro,16-09-2023,2023,9,Saturday,107,0,0,0,0,0,0,1.9875,0,0
412018,Katha Nayagan,A coward has to prove that he can be brave to marry the girl he is in love with.,19,"Action, Comedy, Romance",Tha. Muruganantham,"Vishnu Vishal, Catherine Tresa, Soori, Rajendran, Anandaraj",Vishnu Vishal Studioz,08-09-2017,2017,9,Friday,138,0,0,0,0,0,0,2.4852,3.75,6
353415,Wagah,A BSF jawan is held captive in an illegal camp run by Pakistani soldiers. Will he be able to rescue his girlfriend and return to his homeland?,27,"Action, Drama, Romance",G. N. R. Kumaravelan,"Vikram Prabhu, Ranya Rao, Shaji Choudhary, Karunas, Sathyan Sivakumar",Vijay Bhargavi Films,12-08-2016,2016,8,Friday,122,0,0,0,0,0,0,2.8773,4.4,5
410611,Kaala Koothu,"Two school boys become thick friends after a shared life experience. They grow up and fall in love with two young women. Just when things finally seem to be going their way, tragedy strikes.",34,"Drama, Romance, Thriller",M. Nagarajan,"Prasanna, Kalaiyarasan, Sai Dhanshika, Srushti Dange, Mahendran",Madurai Sri Kallalagar Entertainment,25-05-2018,2018,5,Friday,122,0,0,0,0,0,0,2.342,6.7,3
1584857,Murugesan +2,"Murugesan+2 is a darkly comic tale about Murugesan, a truck driver leading a secret double life with two families. When he is presumed dead after a severe accident, a promised settlement sparks a bitter feud between his wives and their families, each scheming for control of the money. Just as the battle turns vicious, Murugesan returns alive, only to become a burden to those who once mourned him. Faced with betrayal and greed, Murugesan and his disillusioned sons walk away, leaving behind a biting satire on family, loyalty, and the corrupting power of money.",94,Comedy,M. Ramesh Bharathi,"Thambi Ramaiah, S.K. Gaayathri",Unknown,21-11-2025,2025,11,Friday,0,0,0,0,0,0,0,2.4709,0,0
534588,Atcham Thavir,,0,Thriller,S. S. Vikneshwaran,"S. Gana, Uthaya THR Raaga, Punnagai Poo Gheetha, Aanantha THR Raaga, Revathy THR Raaga",Unknown,05-07-2018,2018,7,Thursday,125,0,0,0,0,0,0,2.6458,0,0
614621,Jail,Three youngsters in a resettlement colony that houses people displaced from their neighbourhood because of gentrification try to chart out a life for themselves.,24,Drama,Vasanthabalan,"G. V. Prakash Kumar, Abarnathi, Radhika Sarathkumar, Nandhan Ram, Tamizh",Krikes Cine Creations,09-12-2021,2021,12,Thursday,134,0,0,0,0,0,0,2.5499,3,2
861037,Yugi,"A detective, along with his team and with help of a suspended Police Sub-Inspector, goes in search of a missing girl, Karthika. What follows is shocking revelations about Karthika, who became the victim of power and economic exploitation.",38,"Drama, Thriller",Zac Harriss,"Kathir, Natarajan Subramaniam, Narain, Anandhi, Athmeeya Rajan",11:11 Productions,18-11-2022,2022,11,Friday,131,0,0,0,0,0,0,2.363,6,2
347438,Kamara Kattu,"Two jilted school boys, murdered by the mother of the girls whom they love, return as ghosts and haunt the girls to get their revenge.",25,"Horror, Romance",Ramki Ramakrishnan,"Sree Raam, Yuvan, Raksha Raj, Manisha Jith, Crane Manohar",Unknown,22-05-2015,2015,5,Friday,158,0,0,0,0,0,0,2.4325,6,1
542794,Odu Raja Odu,A wife wants her husband to get her a set-top box. The husband goes out to buy it with his drug peddler friend and gets into problems that soon spiral out of control.,33,"Comedy, Drama",Nishanth Ravindaran,"Guru Somasundaram, Nassar, Anand Sami, Lakshmi Priyaa, Ashiqa Salvan",Candle Light Productions,17-08-2018,2018,8,Friday,122,0,0,0,0,0,0,2.6618,6.5,2
360251,Maya,"An artist realizes that the story that he is illustrating, about a ghost who was an inmate of an asylum in a forest, could be real. Meanwhile, an aspiring actress takes up a challenge to watch a horror film all alone in the theatre at night. How are these storylines connected?",51,"Drama, Horror, Thriller",Ashwin Saravanan,"Nayanthara, Aari Arjuna, Amzath Khan, Robo Shankar, Mime Gopi",Potential Studios,17-09-2015,2015,9,Thursday,141,0,0,0,0,0,0,2.5984,6.8,23
1079147,Curry Mee,"Two rival gangs, one lead by Taiko Raja(S.Gana) and another lead  by Ah Meng (Echo Quah),  are always at odds with each other. One day, an incident occurs in the village where Sulaiman (Ropie) is the respected leader of the local community. Sulaiman finds out about it and brings Raja and Ah Meng together. There on, they become good friends until there is a conflict due to developers, land issues, and the tricks of their gang members. Sulaiman proposes a non violent solution to Raja and Ah Meng, this is when hilarity ensues.",93,"Comedy, Drama, Family, Music, Romance",Kash Villanz,"S. Gana, Echo Quah, Ropie Cecupak, Nazira Ibrahim, Evon Tay",GV Media Broadcast,15-02-2024,2024,2,Thursday,158,0,0,0,0,0,0,2.8582,0,0
639743,Draupathi,A man who is accused of killing his wife and her sister on the basis of casteism goes on a rampage to kill those who cheat upper-caste women in the pretense of having a romantic relationship.,36,"Action, Drama",Mohan G,"Richard Rishi, Sheela Rajkumar, Arumugam Bala, Jeeva Ravi, Karunas",GM Film Corporation,28-02-2020,2020,2,Friday,159,0,0,0,0,0,0,2.6268,5.3,5
900042,Singa Paarvai,"A woman who is undergoing police training, loses her sight in a road accident.  Her life crosses path with a serial rapist. Will her training & willpower save her from the situation?",32,Action,J.K.,"Varalaxmi Sarathkumar, Thalaivasal Vijay, Ravi Kale, Bharath Reddy, Pandi",Unknown,19-11-2021,2021,11,Friday,115,0,0,0,0,0,0,2.625,6,1
617053,Nasir,"Follows Nasir, a middle-aged street salesman, who belongs to the Islamic minority and who lives with his mother Fatima, his wife Taj and his cousin Iqbal in a densely populated ghetto. As his day unfolds we find him to be a nimble romantic, marshalling a love of love, song, children, friendship, and even God to rise into something resembling a life well lived. But the increasing communal bigotry has other plans.",71,Drama,Arun Karthick,"Valavane Koumarane, Sudha Ranganathan, Yasmin Rahman, P. Sabari, Bakkiyam Sankar",Stray Factory,16-07-2020,2020,7,Thursday,75,0,0,0,0,0,0,2.68,4.8,4
415193,Imaikkaa Nodigal,A CBI officer goes in search of a ruthless serial killer. Things get worse when the murderer targets the former and her family,23,"Action, Thriller, Drama, Crime",R. Ajay Gnanamuthu,"Nayanthara, Anurag Kashyap, Atharvaa Murali, Raashii Khanna, Manasvi Kottachi",Cameo Films,30-08-2018,2018,8,Thursday,170,0,0,0,0,0,0,2.4117,6.924,72
398034,Velainu Vandhutta Vellaikaaran,"Murugan is the go-to man for MLA 'Jacket' Janakiraman who is in the good books of the minister of state. Murugan falls in love with an aspiring cop, Archana and tries to make her a cop using his rapport with Jacket. The minister on his deathbed, confides with Jacket where he has stashed billions of cash but an irked relative leads him into an accident that wipes out his memory. Murugan and Jacket's attempts wriggle out of the situation is what the rest of the movie has in store.",89,"Romance, Comedy, Drama",Ezhil,"Vishnu Vishal, Nikki Galrani, Soori, Aadukalam Naren, Ravi Mariya",Fox Star Studios,02-06-2016,2016,6,Thursday,138,0,0,0,0,0,0,2.4605,5.571,14
1265827,Retro,"A man with a violent past seeks a fresh start, but the life he left behind resurfaces, forcing him to face old conflicts and redefine his future.",27,"Romance, Action, Drama",Karthik Subbaraj,"Suriya, Pooja Hegde, Joju George, Jayaram, Vidhu",2D Entertainment,30-04-2025,2025,4,Wednesday,162,634600000,953595050,63.46,95.36,318995050,50.27,2.3975,6.444,45
412572,Sivaranjiniyum Innum Sila Pengalum,"Three women, who belong to different walks of life, go through severe identity crisis because of the patriarchal system in their respective families. Set in three different time periods, the movie throws light on their helplessness and other myriad issues faced by these married women despite them having their life partners by their side.",54,Drama,Vasanth,"Lakshmi Priyaa, Parvathy Thiruvothu, Kalieaswari Srinivasan, Karunakaran, Sunder Ramu",Hamsa Productions,26-11-2021,2021,11,Friday,112,0,0,0,0,0,0,2.2036,8,3
330406,Narathan,A director narrates his script to a producer and the events in his story happen in real-life to the producer's nephew!,21,"Thriller, Action, Comedy, Romance",Naga Venkatesh,"Nakul, Nikesha Patel, Premji Amaran, Radha Ravi, M. S. Bhaskar",Vetrivel Film International,01-04-2016,2016,4,Friday,140,0,0,0,0,0,0,2.3837,3.3,3
447557,Oru Kidayin Karunai Manu,"People of a village go on a trip to their neighbouring village to offer a goat as a sacrifice with a newlywed couple. On a remote thoroughfare, there is an accident and a local is found dead. What happens next?",40,Drama,Suresh Sangaiah,"Vidharth, Raveena Ravi, Krishnamoorthy, Jayaraj, Hello Kandasamy",Eros International,02-06-2017,2017,6,Friday,121,0,0,0,0,0,0,2.5742,7.2,12
579388,Lisaa,A young woman goes to meet her estranged grandparents and ends up facing life-threatening situations.,15,Horror,Raju Viswanath,"Anjali, Sam Jones, Yogi Babu, Makrand Deshpande, Mime Gopi",PG Media Works,24-05-2019,2019,5,Friday,111,0,0,0,0,0,0,2.2853,6,4
412077,Kaathadi,"Two criminals try to kidnap a child from a rich family and ask for a hefty ransom in order to live a happy life. However, things do not go as planned for the kidnappers.",34,"Action, Comedy",Kalyaan,"Avishek Karthik, Sai Dhanshika, John Vijay, Rajendran, Daniel Annie Pope",Galaxy Pictures Limited,23-02-2018,2018,2,Friday,119,0,0,0,0,0,0,2.4688,0,0
1600735,Anali,"Entire Story takes place over a single night. It revolves around Jansi and her 8yr old child, who gets trapped between third world war tensions and dangereous men Lal Chetta, Khan Bhai & Ranga Reddy. These men far more dangerous than wild animals. The Note film thrillingly portraits by how Jansi uses her intelligence to escape and bring everything to an end.",62,"Action, Thriller",Dinesh Dena,"Cynthia Lourde, Kabir Duhan Singh, Sakthi Vasu, Abhishek Vinod, Killi Sivakumar",Cynthia Production House,02-01-2026,2026,1,Friday,120,0,0,0,0,0,0,2.1528,0,0
447833,Oru Mugathirai,A psychiatric doctor is infatuated with a psychology student and turns into a psychopath!,14,"Thriller, Horror",R Senthilnadan,"Rahman, Devika Madhavan, Delhi Ganesh, Meera Krishnan, Swaminathan",Sree Sai Vignesh Studios,17-03-2017,2017,3,Friday,132,0,0,0,0,0,0,2.29,0,0
494918,Utharavu Maharaja,"A traumatic incident from his childhood has left Ravi, the son of a dhobi, with dissociative identity disorder. One day, after a night of inebriation, he wakes up to realise that he was out for a month! And, he starts hearing a voice in his head — from a king, no less — commanding him to act as it wishes. Meanwhile, a businessman claims that Ravi, as Vasu, robbed him off Rs 400 crore. What is happening to Ravi, and how does Arun Bose, a doctor, fit in this bizarre tale?",91,"Romance, Fantasy, Comedy",Asif Kuraishi,"Udhaya, Prabhu, Kovai Sarala, Nassar, Manobala",Jaeshan Studios,28-12-2018,2018,12,Friday,133,0,0,0,0,0,0,2.2703,0,0
668391,Seeru,A guy from a small-town takes on a ruthless criminal lawyer for his friend and sister(s).,16,"Action, Drama",Rathina Shiva,"Jiiva, Riya Suman, Varun Kamal, Navdeep, Sathish",Vels Film International,07-02-2020,2020,2,Friday,124,0,0,0,0,0,0,2.6614,4.8,5
540160,Enga Kattula Mazhai,A couple of wastrels chances upon a bag full of American currency. A corrupt cop and a ruthless pawnbroker are also after the bag.,24,"Comedy, Drama",Sribalaji,"Sonu Gowda, Appukutty, Java Sundaresan, Aruldoss, Mithun Maheshwaran",Unknown,03-08-2018,2018,8,Friday,123,0,0,0,0,0,0,2.236,1,1
402537,Muthina Kathirika,"A 40-year-old, small-time politician, who badly wants to shrug off his bachelorhood, falls in love with a 20-something girl.",19,"Romance, Comedy",Venkat Raghavan,"Sundar C, Vaibhav, Poonam Bajwa, Sathish, Kiran Rathod",Avni Cinemax,17-06-2016,2016,6,Friday,129,0,0,0,0,0,0,2.2486,5,2
952220,Achcham Madam Naanam Payirppu,"The story revolves around a teenager from a conservative family who struggles to strike a balance between societal expectations and personal desires. According to the popular adage, Achcham (Fear), Madam (Innocence), Naanam (Coyness), Payirppu (Chastity) are the four ""ideal"" qualities that every good Tamil girl must possess.",47,"Drama, Comedy",Raja Ramamurthy,"Akshara Haasan, Usha Uthup, Malgudi Subha, Anjana Jayaprakash, Shalini Vijayakumar",TrendLoud Production House,25-03-2022,2022,3,Friday,80,0,0,0,0,0,0,2.4589,4.5,2
412193,Kadavul Irukaan Kumaru,A confused groom and his friend get booked by a cop while they are on the way back from a bachelor party.,22,"Action, Comedy, Romance",M. Rajesh,"G. V. Prakash Kumar, Nikki Galrani, Anandhi, RJ Balaji, Prakash Raj",Amma Creations,18-11-2016,2016,11,Friday,139,0,0,0,0,0,0,2.4664,3,6
855566,Thittam Irandu,"Athira, a 25-year-old cop gets to investigate her best friend's missing case. The case turns out to be very mysterious when she suspects that her accident has been staged and that she has been murdered. After digging deep into the case, she gets to know shocking revelations about her and now she has to make some life-changing decisions.",58,"Thriller, Mystery, Crime",Vignesh Karthick,"Aishwarya Rajesh, Gokul Anand, Jeeva Ravi, Ananya Ramaprasad, Pavel Navageethan",Mini Studios,30-07-2021,2021,7,Friday,122,0,0,0,0,0,0,2.1589,5.9,16
475004,Thappu Thanda,A politician sends a bagful of money with his driver intending to distribute it to the people of his constituency in exchange for their votes. A few individuals plot to steal the money. What happens next?,36,"Crime, Thriller",Srikantan Anand,"Sathya Murthi, Swetha Gai, Mime Gopi, John Vijay, Aathma Patrick",Clapboard production,08-09-2017,2017,9,Friday,146,0,0,0,0,0,0,2.5367,8,1
363182,Kathukutty,The wastrel son of a veteran politician is chosen by the party high command as an electoral candidate. His one redeeming quality is that he empathises with farmers and their plight. Can he overcome the schemes of the rival party's candidate and fight for the land he cares so much for?,51,Drama,Era. Saravanan,"Narain, Soori, Srushti Dange, Sandhya, Jayaraj",Unknown,09-10-2015,2015,10,Friday,0,0,0,0,0,0,0,2.4505,3.5,2
507409,Billa Pandi,"Billa Pandi is an upcoming Tamil action movie, directed by Saravana Sakthi.",12,"Action, Romance",Saravana Sakthi,"R. K. Suresh, Indhuja Ravichandran, Yogi Babu, Thambi Ramaiah, Chandhini Tamilarasan",Studio 9 Productions,06-11-2018,2018,11,Tuesday,133,0,0,0,0,0,0,2.201,4,1
442413,Pagadi Attam,A top cop investigates the case of a missing youngster who is allegedly involved in romantic deception of girls.,19,"Thriller, Crime, Drama",Ram K Chandran,"Rahman, Nizhalgal Ravi, Gowry Nandha, Monica Chinnakotla, Rajashree",Marram Movies,17-02-2017,2017,2,Friday,129,0,0,0,0,0,0,2.2427,0,0
484505,Enbathettu,"A family-oriented man is caught off-guard when his number is misused by a bunch of gangsters. He then tries to find a way out this trouble, highlighting how people, especially the youth, should use technology wisely and be wary of being too exposed to it.",45,"Action, Romance, Thriller",M. Madhan,"M. Madhan, Upasana Rai, Jayaprakash, Daniel Balaji, G. M. Kumar",JK Movie Makers,28-07-2017,2017,7,Friday,123,0,0,0,0,0,0,2.3182,0,0
1608579,Anantha,"An anthology film centered on the divine grace and miracles of Sri Sathya Sai Baba, showcasing how faith transforms lives, featuring stories of a mischievous man's redemption and a village facing floods, emphasizing universal love and divinity, not a specific religion",41,Drama,Suresh Krissna,"Jagapati Babu, Suhasini Maniratnam, Y. G. Mahendran, Thalaivasal Vijay, Abhirami Venkatachalam",Inner View,13-01-2026,2026,1,Tuesday,136,0,0,0,0,0,0,2.6706,2,1
536595,Kanaa,A woman who hails from a middle-class family background aims to excel in the competitive world of cricket with the help of her supportive father.,25,"Drama, Family",Arunraja Kamaraj,"Aishwarya Rajesh, Sathyaraj, Darshan, Rama, Ilavarasu",Sivakarthikeyan Productions,21-12-2018,2018,12,Friday,145,0,0,0,0,0,0,2.3154,7.452,21
391105,Amma Kanakku,A mother tries to persuade her daughter who has given up on her studies to pursue her education despite the financial burdens.,22,"Drama, Family",Ashwiny Iyer Tiwari,"Amala Paul, Revathi, Samuthirakani, Yuvasri Lakshmi",Wunderbar Films,15-07-2016,2016,7,Friday,110,0,0,0,0,0,0,2.1762,5.9,7
622739,Sixer,"A site engineer, who suffers from night blindness, gets into trouble when he is mistaken for the leader of a protest group by a goon. His life becomes even more complicated after he falls in love.",36,"Comedy, Romance",Chachi,"Vaibhav, Palak Lalwani, Sathish, Radha Ravi, R. N. R. Manohar",Trident Arts,30-08-2019,2019,8,Friday,141,0,0,0,0,0,0,2.3927,5.643,7
1607634,Anbe Diana,,0,"Comedy, Drama",Pari Elavazhagan,"Pari Elavazhagan, Ramya Ranganathan, Chetan, Roja Selvamani, Gopi Aravindh",Million Dollar Studios,17-07-2026,2026,7,Friday,0,0,0,0,0,0,0,2.4977,0,0
969658,Kathir,"A beautiful bond between a youngster who has gone through many failures and an old woman with an inspiring past, and how the young man's life takes a turn after he learns the story of the older woman.",38,Drama,Dhinesh Palanivel,"Venkatesh Appadurai, Rajini Chandy, Santhosh Prathap, Bhavya Trikha, Aryan Ramesh",Dhuvaraga Studios,29-04-2022,2022,4,Friday,134,0,0,0,0,0,0,2.3568,9,1
318579,Idhu Namma Aalu,"An eternal romantic falls in love with the girl his father has decided to get him married to, but will his past love affair prove to be a problem?",29,"Comedy, Romance",Pandiraj,"Silambarasan, Nayanthara, Andrea Jeremiah, Soori, Arjunan Nandakumar",Pasanga Productions,27-05-2016,2016,5,Friday,137,0,0,0,0,0,0,2.2191,4.667,9
1097000,Lubber Pandhu,Middle aged local cricketer Poomalai finds a new rival in the form of a younger sports person named Anbu. Their rivalry in cricket gets complicated when Anbu falls in love with Poomalai's daughter Durga.,34,"Family, Drama, Comedy",Tamizharasan Pachamuthu,"V R Dinesh, Harish Kalyan, Sanjana Krishnamoorthy, Swasika, Kaali Venkat",Prince Pictures,20-09-2024,2024,9,Friday,146,0,0,0,0,0,0,1.9985,7.7,16
778660,Pebbles,"A young boy follows his violent and alcoholic father on a quest to find his mother, who has run away from his abuse.",23,Drama,P. S. Vinothraj,"Chella Pandi, Karuththadaiyaan, Banupriya, Muthulakshmi, Philip Aruldoss",Rowdy Pictures,04-02-2021,2021,2,Thursday,74,0,0,0,0,0,0,2.2056,6.2,16
1035678,Repeat Shoe,"A crew involved in child sex trafficking who kidnaps girl children, abusing them and torturing those who does not comply. These girls feeling trapped and having no way out are in desperation. After many experimentation a scientist successfully end up making a Time Travelling Shoe. While testing it he gets arrested by police, so he ends up hiding invention in a safer place.",63,"Crime, Science Fiction, Thriller",Kalyaan,"Priya Kalyaan, Yogi Babu, Redin Kingsley, KPY Bala, George Vijay Nelson",Netco Studios,14-10-2022,2022,10,Friday,112,0,0,0,0,0,0,2.1059,0,0
732927,Lockup,The mysterious death of a cop becomes complex as investigation progresses because of fabricated evidences and indirect involvement of a few other cops in the case.,26,"Crime, Thriller",SG Charles,"Vaibhav, Venkat Prabhu, Vani Bhojan, Poorna, Easwari Rao",Shvedh Group,14-08-2020,2020,8,Friday,106,0,0,0,0,0,0,2.3077,6,5
493177,Junga,"A simpleton has to turn into a quirky, albeit miserly, don to save his legacy and his ancestral property, a movie hall.",22,"Action, Comedy",Gokul,"Vijay Sethupathi, Sayesha Saigal, Madonna Sebastian, Yogi Babu, Suresh Chandra Menon",A & P GROUPS,27-07-2018,2018,7,Friday,157,0,0,0,0,0,0,2.3425,5.605,19
536591,Pon Manickavel,A cop tasked with investigating the murder of a judge finds out that a businessman might be the key to cracking the case.,23,"Action, Thriller",A. C. Mugil,"Prabhu Deva, Nivetha Pethuraj, J. Mahendran, Suresh Chandra Menon, Prabhakar",Nemichand Jhabak Productions,19-11-2021,2021,11,Friday,138,0,0,0,0,0,0,2.3597,4,1
1298092,Lockdown,"During a national emergency, Anita finds herself isolated at home while facing personal challenges. As she adapts to the new reality, an unexpected situation tests her resilience and changes her perspective on life.",33,Thriller,Ar Jeeva,"Anupama Parameswaran, Charle, Nirosha, Priya Venkat, Livingston",Lyca Productions,30-01-2026,2026,1,Friday,120,0,0,0,0,0,0,2.48,7,1
477448,Pichuvakaththi,"The lives of three friends, who get booked in a petty offense, turn topsy-turvy when they engage in illegal acts to overcome the hurdles they face.",26,"Crime, Thriller",Ayyappan,"Inigo Prabhakaran, Ramesh Thilak, Yogi Babu, Sri Priyanka, Balasaravanan",Sri Annamalaiyaar Movies,22-09-2017,2017,9,Friday,128,0,0,0,0,0,0,2.2879,0,0
371109,Peigal Jaakkirathai,"Saravanan, who has suicidal tendencies, becomes part of Annachi's household as the latter, who has a fear of ghosts, believes that he will help him get rid of it. But the young man has a near-death experience after which he starts seeing ghosts!",43,"Comedy, Horror",Kanmani,"Jeevarathnam, Eshanya Maheshwari, Thambi Ramaiah, John Vijay, Manobala",Sri Sai Sarvesh Entertainment,01-01-2016,2016,1,Friday,148,0,0,0,0,0,0,2.3328,4.5,2
535156,Maanaadu,"A Muslim man, who is stuck in a time loop, has to stop a political rally from taking place in order to save the state's chief minister and prevent religious violence.",31,"Thriller, Action, Science Fiction",Venkat Prabhu,"Silambarasan, S. J. Suryah, Kalyani Priyadarshan, Anjena Kirti, Aravind Akash",V House Productions,24-11-2021,2021,11,Wednesday,147,988640334,0,98.86,0,0,0,2.6705,6.971,52
466498,Vilayattu Aarambam,An action tale about Multilevel Marketing Scam and romance.,9,"Thriller, Action, Crime",Vijay Anand,"Yuvan, Riyaz Khan, Shravya, Powerstar Srinivasan, Bhanuchander",Unknown,02-06-2017,2017,6,Friday,131,0,0,0,0,0,0,2.2769,0,0
454122,Nagarvalam,"The driver of a Metro water lorry falls in love with a girl from a very affluent and powerful family, and faces objections and threats to their relationship.",28,"Thriller, Action, Romance",Marxx,"Yuthan Balaji, Deekshitha Manikkam, Yogi Babu, Balasaravanan, Namo Narayana",Red Carpet Production,21-04-2017,2017,4,Friday,133,0,0,0,0,0,0,2.2279,0,0
464086,Yevanavan,"Akhil shoots his girlfriend Nayana on camera while she is taking bath. Nayana finds about it and gets furious. Though Akhil deletes the video immediately, he later recovers it with the help of a recovery software as he wants to enjoy Nayana taking bath. The mobile gets lost and it travels via many pairs of hands. Finally Saran, a software professional, gets it. Akhil traces it and asks Saran to give back his mobile; Saran, who know about the bathing video contained in the mobile phone, puts a few demands to give it back. He wants Akhil to do certain things. What are the things demanded by Saran? Could Akhil do them and get his mobile back? Does Nayana know all these things? What happened to the love? Watch the movie to know the answers.",135,"Thriller, Crime",Natty Kumar,"Sonia Agarwal, Vincent Asokan, Akhil, Nayana, Delhi Ganesh",Dreams on Frames,30-06-2017,2017,6,Friday,131,0,0,0,0,0,0,2.3767,6,4
455032,Kurangu Bommai,"An honest driver tries to find the owner of a bag, supposedly containing money to fund the marriage of the man’s daughter, not realising that it was used by his own father to move a stolen idol.",37,"Action, Crime, Family, Thriller",Nithilan Saminathan,"Vidharth, Bharathiraja, Delna Davis, Elango Kumaravel, P.L. Thenappan",Shreya Sri Movies LLP,01-09-2017,2017,9,Friday,106,0,0,0,0,0,0,2.2778,7.2,24
1123851,Simple Manusan,"A 32-year-old barber enjoys his modest life but struggles with a deep sense of loneliness, believing that marriage could fill the void. Under pressure from his family, friends, and society, he embarks on a quest to find the perfect partner, exploring everything from dating apps to traditional matchmakers. Despite this, he faces a series of disappointments and rejections. As his search spirals into frustration, he begins to doubt if the life he seeks is even possible or if he's just chasing an illusion.",83,"Comedy, Romance",Haran Kaveri,"Hindravel Chandrabose, Mogan Chandra Dass, Shamini Ramasamy, Braima Sivagnanam, Ravi Shanker",Comrade Pictures,20-02-2025,2025,2,Thursday,119,0,0,0,0,0,0,2.8458,0,0
409159,Kadugu,A common man wages war against an influential personality to seek justice for a 14-year-old girl molested by a corrupt politician.,21,"Comedy, Drama",S. D. Vijay Milton,"Bharath Srinivasan, Rajakumaran, Subiksha, Radhika Prasidhha, Vaishali Thaniga",Rough Note Productions,24-03-2017,2017,3,Friday,175,0,0,0,0,0,0,2.4929,8.2,5
1041278,Kaalangalil Aval Vasantham,A guy who is obsessed on having a filmy romantic life has to understand what love truly means after marrying a no nonsense entrepreneur.,24,"Romance, Comedy",Raghav Mirdath,"Kaushik Ram, Anjali Nair, Heroshini Komali, Vigneshkanth, Anitha Sampath",Aram Entertainment,28-10-2022,2022,10,Friday,120,0,0,0,0,0,0,2.3884,0,0
949958,Kallan,A son of a hunter starts dealing with guns to make his ends meet. Little does he know that fate would start hunting him and his friends for his decisions.,30,"Action, Crime",Chandra Thangaraj,"Karu Pazhaniappan, Nikitha Narayan, Soundara Raja, Namo Narayana, Vela Ramamoorthy",Etcetera Entertainment,18-03-2022,2022,3,Friday,124,0,0,0,0,0,0,2.6329,7,1
411311,Kadamban,"The honey-extracting tribal folks of Kadambavanam, a village in the deep interiors of dense forests, enjoy their peaceful &amp; humble lives with the philosophical company of their forefathers. Presence of limestone underneath earns the village some interest from unethical vultures. With multiple soft evacuation plans failing against the tribal resistance, they resort to uglier ways putting the villagers’ lives into complete disarray. Can they withstand when payback time presents itself?",70,Action,N. Ragavan,"Arya, Catherine Tresa, Y. G. Mahendran, Super Subbarayan, Deepraj Rana",Super Good Films,14-04-2017,2017,4,Friday,138,0,0,0,0,0,0,2.3207,7,13
486404,Palli Paruvathile,"A school student loves his classmate, who also harbours feelings for him. But when her rich, powerful family questions her, she lies that she isn't love with him, and this plays havoc on the boy's family.",36,"Romance, Family, Drama",Vasudev Baskar,"Nandhan Ram, Venba, R. K. Suresh, Urvashi, K. S. Ravikumar",VKPT Creations,15-12-2017,2017,12,Friday,153,0,0,0,0,0,0,2.2234,0,0
591086,Watchman,"An ambitious youngster, who is all set to get engaged to his ladylove in a few hours, gets trapped in a secluded bungalow and faces death threat in different ways.",30,"Drama, Action, Thriller",A. L. Vijay,"G. V. Prakash Kumar, Samyuktha Hegde, Suman Talwar, Yogi Babu, Raj Arjun",Double Meaning Productions,12-04-2019,2019,4,Friday,140,0,0,0,0,0,0,2.3597,5,7
439977,Hara Hara Mahadevaki,"The bags belonging to a young man about to break up with his lover, two bumbling criminals planning a bomb blast, a man circulating counterfeit currency, and a couple paying ransom to save their daughter get mixed up leading to so much confusion.",43,"Romance, Comedy, Drama",Santhosh P. Jayakumar,"Gautham Ram Karthik, Nikki Galrani, Rajendran, Karunakaran, Sathish",Thangam Cinemas,29-09-2017,2017,9,Friday,140,0,0,0,0,0,0,2.5178,5,10
330414,10 Endrathukulla,"A driving instructor is tasked with taking Shakila, an orphan, from Chennai to Mussoorie. However, he falls in love with Shakila and tries to save her when he learns the truth about his task.",34,"Action, Romance",S. D. Vijay Milton,"Vikram, Samantha Ruth Prabhu, Pasupathy, Abhimanyu Singh, Manobala",A.R.Murugadoss Productions,21-10-2015,2015,10,Wednesday,144,0,0,0,0,0,0,2.1721,4.5,23
369376,Karaiyoram,A woman moves to a beach house to forget a personal tragedy and falls in love with a local there. But people in the place tell her that the guy has been dead for 10 years! Is she going mad or is something sinister at play here?,47,"Mystery, Thriller",Jagadish Kumar,"Nikesha Patel, Iniya, Simran, Suniel Shetty, M. S. Bhaskar",Unknown,01-01-2016,2016,1,Friday,117,0,0,0,0,0,0,2.1381,1.8,2
937020,Jailer,"Muthuvel Pandian, a retired, stern yet compassionate jailer lives a peaceful life with his family, but trouble knocks his door when his cop son’s tryst with an antique mafia gang goes awry and forces Muthu to step back into a dark world he had voluntarily took a break from.",49,"Action, Crime, Thriller, Comedy, Adventure",Nelson Dilipkumar,"Rajinikanth, Vinayakan, Vasanth Ravi, Yogi Babu, Ramya Krishnan",Sun Pictures,10-08-2023,2023,8,Thursday,165,0,6095289998,0,609.53,0,0,2.4679,6.504,118
264045,Purampokku Engira Podhuvudamai,"A revolutionary is sentenced to death for his anti-national activities. And so begins a battle of wits between the prison officer and his comrades, who try to rescues him with the help of the reluctant hangman who has been selected to deliver the punishment.",44,"Action, Crime, Drama",S. P. Jananathan,"Arya, Vijay Sethupathi, Shaam, Karthika Nair, Rama",Binary Pictures,01-05-2015,2015,5,Friday,159,0,0,0,0,0,0,2.3455,6.2,8
891398,Anandham Vilayadum Veedu,"Two half-brothers decide to build a house in which they can live together with their respective brothers and families, but an evil man plots to create a rift between the families.",31,"Family, Romance, Action",Nandha Periyasamy,"Gautham Ram Karthik, Shivathmika, Cheran, Saravanan, Daniel Balaji",Sri Vaari Film,24-12-2021,2021,12,Friday,147,0,0,0,0,0,0,2.2035,6,1
477440,Bayama Irukku,"Four friends accompany the man who saved them to his house, only to discover that his wife could be a ghost!",21,"Horror, Comedy",P. Jawahar,"Santhosh Prathap, Rajendran, Lollu Sabha Jeeva, Jagan, Bharani",Vasantham Productions,22-09-2017,2017,9,Friday,122,0,0,0,0,0,0,2.0984,6.5,2
493178,Maari 2,"After falling off the radar for a few years, Maari is back in the fray doing what he does best: taking trouble by the horns and being a total bad-ass. This time around, he is facing off against a formidable opponent named Beeja, who would stop at nothing until he sees Maari's downfall.",53,"Action, Comedy",Balaji Mohan,"Dhanush, Sai Pallavi, Krishna Kulasekaran, Varalaxmi Sarathkumar, Tovino Thomas",Wunderbar Films,21-12-2018,2018,12,Friday,150,0,0,0,0,0,0,2.506,5.372,39
329475,Katham Katham,"An idealistic sub-inspector joins a station that is run by a corrupt inspector, who moves closely with a criminal-minister. Gradually, his hate for the other takes over and he edges towards the dark side while the other sees the error of his ways and reforms.",45,"Drama, Action, Comedy, Romance",Babu Thooyavan,"Nandha, Natarajan Subramaniam, Sharika, Sanam Shetty, Nizhalgal Ravi",Appu Movies,13-03-2015,2015,3,Friday,168,0,0,0,0,0,0,2.125,5.2,2
374117,Tharkappu,"An encounter specialist learns the hard truth that all his encounter operations have been to safeguard the interests of corrupt politicians and businessmen. But before he can undo the damage, it is too late; and four innocents become collateral damage as well.",42,"Action, Drama, Thriller",R. P. Ravi,"Sakthi Vasu, Samuthirakani, Riyaz Khan, Sathish Krishnan, Vaishali",Kinetoscope Production,31-12-2015,2015,12,Thursday,148,0,0,0,0,0,0,2.3243,4,1
572461,Maaniik,"When Maaniik is convinced that he is cursed in love, things take a turn for the better when a girl named Keerthi walks into his life.",26,"Romance, Comedy",Martyn Nirmal Kumar,"Ma Ka Pa Anand, Suza Kumar, Manobala, Yogi Babu, Vathsan Veeramani",Mohita Cine Talkies,04-01-2019,2019,1,Friday,141,0,0,0,0,0,0,2.3734,1,1
412224,Meendum Oru Kadhal Kadhai,"A Hindu boy falls in love with a Muslim girl. Naturally, this romance faces problems.",15,"Drama, Romance",Mithran Jawahar,"Walter Phillips, Isha Talwar, Arjunan Nandakumar, Nassar, Manoj K Jayan",Block Ticket Films,26-08-2016,2016,8,Friday,144,0,0,0,0,0,0,2.2384,5.7,3
472947,Abhiyum Anuvum,"They fell in love and swore to always be together, until a strange twist of fate reveals them to be more than just lovers. To what extent will they go to protect their love?",34,"Drama, Romance",B. R. Vijayalakshmi,"Tovino Thomas, Pia Bajpiee, Rohini, Prabhu, Suhasini Maniratnam",Yoodlee Films,25-05-2018,2018,5,Friday,121,0,0,0,0,0,0,2.5295,0,0
999455,Therkathi Veeran,"Saarath, a rich, upright and helpful youth, concerned about the welfare of coastal fishermen of his area, takes care of their problems with his friends. His actions rewards not only the love of his life, but also a long list of enemies.  At one point,Saarath's enemies get together and kill one of his friends and frame him for the murder and implicate the police. Can Saarath able to prove his innocence and recover from the crime of murder?",78,"Action, Drama",Shaarath,"Shaarath, Anagha Sajeev, Ashok Kumar Balakrishnan, Kabir Duhan Singh, Madhusudhan Rao",Chandrababu Film Factory,02-12-2022,2022,12,Friday,149,0,0,0,0,0,0,2.175,0,0
786341,Kutty Story,An anthology of four stories that revolve around man-woman relationships.,10,"Romance, Drama",Gautham Vasudev Menon,"Gautham Vasudev Menon, Amala Paul, Robo Shankar, Abhishek Vinod, Vinoth Kishan",Vels Film International,12-02-2021,2021,2,Friday,132,0,0,0,0,0,0,2.3112,5.7,6
461845,Thanga Radham,"Selva, a tempo driver, delivers vegetables to a competitive market where time is of the essence. However, things get complicated when he falls in love with his business rival Parama's sister.",31,"Action, Romance",P. Balamurugan,"Vettri, Adithi, Soundara Raja, Aadukalam Naren, Rajendran",Vcare Production,16-06-2017,2017,6,Friday,122,0,0,0,0,0,0,2.2111,7,1
952510,Jothi,A pregnant woman's baby is stolen from her womb. Can a cop find the culprits behind such a heinous crime?,20,"Crime, Thriller, Mystery",AV. Krishna Paramatma,"Vetri, Sheela Rajkumar, Krisha Kurup, Elango Kumaravel, Saravanan",SPR Studios,28-07-2022,2022,7,Thursday,115,0,0,0,0,0,0,2.1698,7,1
496412,Charlie Chaplin 2,A marriage is in the verge of trouble as the groom sends an abusive message to the bride under the influence of alcohol. Will he able to save the wedding?,30,"Romance, Comedy, Drama",Sakthi Chidambaram,"Prabhu Deva, Nikki Galrani, Adah Sharma, Prabhu, Amit Bhargav",Amma Creations,25-01-2019,2019,1,Friday,118,0,0,0,0,0,0,2.164,5.75,4
536613,House Owner,"An elderly couple, a house wife and a retired army man, go through some unanticipated moments during a rainy season in Chennai.",22,"Drama, Family, Action",Lakshmi Ramakrishnan,"Kishore, Kishore DS, Lovelyn Chandrasekhar, Sriranjini, Lakshmi Ramakrishnan",Monkey Creative Labs,27-06-2019,2019,6,Thursday,109,0,0,0,0,0,0,4.8867,6.2,2
260625,Uyir Mozhi,Uyir Mozhi is a sci-fi film that talks about the miraculous properties of DNA. The story is about 5 boys who fall in love with the same girl and the role DNA plays in their love lives.,37,"Romance, Science Fiction",Rajaa,"Sarthaj, Vithika Sheru, Java Sundaresan, Bobby Antony, Sasi",Harmon Movie Makers,15-11-2016,2016,11,Tuesday,125,0,0,0,0,0,0,2.329,10,1
1095108,Jambu Maharishi,"story is based on the true story of Jambu Maharishi, who passed away at Thiruvanaikaval near Tiruchi",17,Drama,Balaji poobalan,"Balaji poobalan, Prabhakar, Radha Ravi, Vagai Chandrasekar, Nizhalgal Ravi",TVS Films (in),24-03-2023,2023,3,Friday,0,0,0,0,0,0,0,2.4057,0,0
412583,Enakku Vaaitha Adimaigal,"After his girlfriend breaks up with him, a guy tells his friends that he’s going to commit suicide and goes missing. Thus begins a nightmare for the friends",28,"Comedy, Drama",Mahendran Rajamani,"Jai Sampath, Pranitha Subhash, Karunakaran, Kaali Venkat, Rajendran",Vansan Movies,02-02-2017,2017,2,Thursday,135,0,0,0,0,0,0,2.1615,6.9,7
504233,Kalavani Mappillai,"A young man in order to marry the love of his life, he has to hide the fact that he can't drive from the girl's mother.",26,"Action, Comedy, Romance",Gandhi Manivasagam,"V R Dinesh, Mirnaa, Anandaraj, Devayani, Renuka",Rajapushpa Pictures,06-11-2018,2018,11,Tuesday,136,0,0,0,0,0,0,2.2207,7.5,2
659687,Pizhai,Three naughty kids hailing from poor families feel earning money is more important than studying. Time makes them realize the importance of education in life.,25,Drama,Rajvel Krishnaa,"Charle, Mime Gopi, Nasath, Kalloori Vinoth, Manisha Jith",Turning Point Pictures,03-01-2020,2020,1,Friday,111,0,0,0,0,0,0,2.28,6,1
408447,Paisa,A rag picker stumbles into a fortune.,7,"Drama, Crime",Abdul Majith,"Sree Raam, Mayilsamy, Nassar, Madhusudhan Rao, Deepika",RK Dream World,01-07-2016,2016,7,Friday,130,0,0,0,0,0,0,2.1456,5,1
799021,Akka Kuruvi,"After a boy loses his sister's pair of shoes, he goes on a series of adventures in order to find them. When he can't, he decides to participate in a race to win new shoes.",35,"Drama, Family",Samy,"Mahin, Daviya, Tara Jagadamba, Senthil Kumar, Kathir",Kanavu Thozhirsalai,06-05-2022,2022,5,Friday,113,0,0,0,0,0,0,2.3553,0,0
597797,Thanimai,"A drama film directed by S Sivaraman, starring Sonia Agarwal in the lead role.",14,,S. Sivaraman,"Sonia Agarwal, Bonda Mani, Ganja Karuppu, Mohan Raman, Swaminathan",Foot Steps Production,03-05-2019,2019,5,Friday,134,0,0,0,0,0,0,2.0938,3,1
595490,Mehandi Circus,"A music shop owner falls in love with a girl from a circus troupe that visits his village, but caste and class stand in the way.",26,Drama,Raju Saravanan,"Madhampatty Rangaraj, Shweta Tripathi Sharma, Vigneshkanth, Vela Ramamoorthy, G. Marimuthu",Giant Films,19-04-2019,2019,4,Friday,135,0,0,0,0,0,0,2.2572,6,8
329589,Sagaptham,"Saga, an unassuming young man, leaves his village and goes to Malaysia where he becomes a detective and takes on an illegal drugs racket.",24,"Action, Comedy",Surendran,"Shanmuga Pandian, Vijayakanth, Neha Hinge, Suresh, Shubra Aaiyappa",Captain Cine Creations,02-04-2015,2015,4,Thursday,155,0,0,0,0,0,0,2.0277,3,2
937331,Koorman,A former cop with mind-reading skills gets involved in a case involving rape and murder. Can he crack it while keeping a lid on the ghosts of his own past?,30,"Thriller, Drama, Crime",Bryan Biju George,"Rajaji Manickam, Janani Iyer, Balasaravanan, Aadukalam Naren, Gautham Vasudev Menon",Unknown,11-02-2022,2022,2,Friday,116,0,0,0,0,0,0,2.0296,8,1
1250508,Kaantha,"Set in the backdrop of a film set, in the 1950’s in post colonial Madras, the film is centred around the professional rivalry between a film-maker trying to make his seminal film and the top reigning actor who the director once introduced. The rivalry spirals around the leading actress, a debutante and as the relationship between the three.",58,"History, Crime, Drama",Selvamani Selvaraj,"Dulquer Salmaan, Bhagyashri Borse, Samuthirakani, Ravindra Vijay, Rana Daggubati",Spirit Media,13-11-2025,2025,11,Thursday,150,0,0,0,0,0,0,2.4165,6.688,24
280945,Nambiyaar,"Ramachandran, a young man who is preparing for his IAS exam, battles his id, which keeps getting him into problems.",20,Comedy,Ganeshaa,"Srikanth, Santhanam, Sunaina, Parvathy Omanakuttan, John Vijay",Golden Friday Films,19-08-2016,2016,8,Friday,140,0,0,0,0,0,0,2.2923,3.8,3
602287,Market Raja MBBS,"An arrogant don is possessed by the ghost of a medical college student and turns meek. Now, his accomplices have hide this fact from the outside world and ensure the return of the actual don.",35,"Comedy, Action",Saran,"Radhika Sarathkumar, Aarav Kizar, Kavya Thapar, Nikesha Patel, Nassar",Surabi Pictures,29-11-2019,2019,11,Friday,153,0,0,0,0,0,0,1.9183,1.5,2
1088783,Vizhithelu,Crime Investigation Officer Sivakumaran and his team investigate the 5 Suicide cases in a day due to Online gambling scams at the Sivagangai district. Siva and his team track down the Scammers with the help of  an investigative reporter.,39,"Crime, Thriller",A. Tamil Selvan,"Ashok Kumar Balakrishnan, Gayatri Rema, Saravanan, Saravana Sakthi, Sujatha Sivakumar",AADHAVAN CINE CREATIONS,03-03-2023,2023,3,Friday,0,0,0,0,0,0,0,2.5267,0,0
617953,Nungambakkam,"The story based on the sensational Swathi murder case. Nungambakkam title refers to the railway station in Chennai where the 24-year-old software engineer Swathi was stabbed to death. Swathi was murdered when she was waiting for the train in the morning at the Nungambakkam railway station on June 24, 2016.",50,"Crime, Thriller",Ramesh Selvan D S,"Ajmal Ameer, R. N. R. Manohar, Mano, Ayraa, A. Venkatesh",Jaya Subha Shree Productions,26-07-2019,2019,7,Friday,92,0,0,0,0,0,0,2.1522,0,0
413135,Azhiyatha Kolangal 2,An unexpected incident turns the life of a celebrated writer and his college girlfriend topsy-turvy.,15,Drama,MR Bharathi,"Prakash Raj, Revathi, Archana, Easwari Rao, Nassar",Charulatha Films,29-11-2019,2019,11,Friday,102,0,0,0,0,0,0,2.0895,6,1
330399,Rajathandhiram,"Three small-time criminals take up an offer to rob one of the biggest jewellery shops in the city. Will they be successful in their attempt, given that the store's owner, a ruthless man, is aware of the plan?",38,"Romance, Crime, Drama, Thriller, Comedy",A. G. Amid,"Veera Bahu, Regena Cassandrra, Pattiyal K. Shekar, Darbuka Siva, Ilavarasu",White Bucket Productions,13-03-2015,2015,3,Friday,135,0,0,0,0,0,0,2.2722,6.9,8
399171,Saithan,A software engineer starts hearing a voice inside his head that tells him to go in search of a woman named Jayalakshmi and murder her!,25,"Thriller, Action",Pradeep Krishnamoorthy,"Vijay Antony, Arundhathi Nair, Y. G. Mahendran, Meera Krishnan, Kitty",Vijay Antony Film Corporation,01-12-2016,2016,12,Thursday,124,125250000,576150000,12.53,57.62,450900000,360,2.4809,6,8
370849,English Padam,"Cheated by a big shot, four individuals team up to give the guy a taste of his own medicine.",19,"Horror, Thriller, Comedy",Kumaresh Kumar,"Ramki, Sanjeev, Meenakshi, Singamuthu, Jangiri Madhumitha",RJ Media Creations,24-11-2017,2017,11,Friday,121,0,0,0,0,0,0,2.2202,0,0
892121,3.33,"A young man is haunted by a number, which happens to be the time he was born at. Can he and his family escape its clutches?",26,"Horror, Thriller",Nambikkai Chandru,"Sandy, Gautham Vasudev Menon, Shruthi Selvam, Mime Gopi, Reshma Pasupuleti",Bamboo Trees Productions,10-12-2021,2021,12,Friday,124,0,0,0,0,0,0,2.2359,5.3,3
615639,Kennedy Club,A kabaddi team faces several struggles while competing in a national-level championship.,12,"Drama, Thriller",Suseenthiran,"M. Sasikumar, Bharathiraja, Meenakshi Govindarajan, Soori, Murali Sharma",Nallusamy Pictures,23-08-2019,2019,8,Friday,120,0,0,0,0,0,0,2.3256,4,1
330405,Savaale Samaali,Two employees try to get their debt-ridden TV channel to the top position by manufacturing a fake reality show that involves uniting lovers who face opposition at home.,28,"Romance, Comedy, Drama",Sathyasiva,"Ashok Selvan, Bindu Madhavi, Nassar, M. S. Bhaskar, Urvashi",Unknown,04-09-2015,2015,9,Friday,0,0,0,0,0,0,0,2.1084,3.3,3
1098950,Parundhaaguthu Oor kuruvi,"A small-time criminal is caught up in a situation where he has to save a celebrity actresses' husband, whose life is in danger. But it is not as simple as he thinks.",32,"Thriller, Action",Dhanabalan Govindaraj,"Nishanth Russo, Vivek Prasanna, Gayathri Iyer, Vinod Sagar, Vadivel Murugan",Lights On Media,24-03-2023,2023,3,Friday,112,0,0,0,0,0,0,2.1242,8,1
679226,Galtha,"After the dumping of waste in their area causes the death of many due to mosquitoes and unknown viruses, a brave individual steps up to fight against the system and incite a change for the well-being of his people.",39,"Action, Drama",S Hari Uthraa,"Antony Sagayaraj, Appukutty, Divya Elumalai, Gajaraj, Muthu Veera",Malar Movie Makers,28-02-2020,2020,2,Friday,110,0,0,0,0,0,0,2.2362,0,0
1006753,Vattakara,"Senthil,  Tharun, Mani , and Madhavan coincidentally meet on one journey and become good friends. To come out of their struggles and personal problems in their life finally, they collaborate with each other and made a plan to rob the Vattakara.",41,Crime,K.Bharathi Kannan,"Mahesh, Saranesh Kumar, Vattakara Satheesh, Kannan Madhavan, Sharah Monu",IMF Creations,05-08-2022,2022,8,Friday,132,0,0,0,0,0,0,2.2776,0,0
411303,Veera,"Two friends, who aspire to take control of things in their locality, face a series of issues when they take up an assignment involving kidnapping a politician’s daughter.",28,"Romance, Comedy",K. Rajaraman,"Krishna Kulasekaran, Iswarya Menon, Karunakaran, Rajendran, Yogi Babu",R S Infotainment,16-02-2018,2018,2,Friday,129,0,0,0,0,0,0,2.0942,4,2
764135,Biskoth,"The son of a biscuit maker grows up as a worker in the company that his dead father founded. One say, a guardian angel walks into his life, and tells him stories that change his life for the better.",39,"Comedy, Romance",R. Kannan,"Santhanam, Tara Alisha Berry, Anandaraj, Rajendran, Swathi Muppala",Unknown,14-11-2020,2020,11,Saturday,110,0,0,0,0,0,0,2.1981,4.667,6
504227,Thimiru Pudichavan,A cop tries to bring a lot of positive changes in a city which is polluted by a goon’s actions.,20,"Action, Drama",Ganeshaa,"Vijay Antony, Nivetha Pethuraj, Boxer Dheena, Daniel Balaji, Lakshmi Ramakrishnan",Vijay Antony Film Corporation,16-11-2018,2018,11,Friday,156,0,0,0,0,0,0,2.2675,5.35,10
402698,Raja Manthiri,Raja Mandhiri story is about the relationship between two brothers and twists happens in the marriage arrangements of the elder. The elder brother is played by Kaali Venkat (Surya) and Kalai (Karthi) plays the younger sibling.,36,"Drama, Comedy",Usha Krishnan,"Kalaiyarasan, Kaali Venkat, Balasaravanan, Shaalin Zoya, Kayal Perera",Etcetera Entertainment,24-06-2016,2016,6,Friday,128,0,0,0,0,0,0,2.2423,6,4
280880,Ethiri En 3,,0,,Ramkumar,"Srikanth, Poonam Bajwa, Prabhu, Sampath Raj, Suman Talwar",Sixth Sense,31-12-2016,2016,12,Saturday,0,0,0,0,0,0,0,2.1639,0,1
412853,Balloon,"A filmmaker goes to check out a haunted house in Ooty to seek inspiration for a horror film, not realising that the place has a connection with his past.",29,"Thriller, Horror",Sinish Sreedharan,"Jai Sampath, Anjali, Janani Iyer, Nagineedu Vellanki, Yogi Babu",Auraa Cinemas,29-12-2017,2017,12,Friday,146,0,0,0,0,0,0,2.043,7.4,8
882577,Kadamaiyai Sei,A civil engineer who has lost his job meets a tragic accident when he is about to reveal a shocking truth that will save countless lives.,26,"Comedy, Action",Venkat Raghavan,"S. J. Suryah, Yashika Anand, Rajendran, Raja Simman, Vincent Asokan",Ganesh Entertainment,12-08-2022,2022,8,Friday,155,0,0,0,0,0,0,2.2644,7,1
568829,Pancharaaksharam,Five friends playfully read passages of doom from a book that can predict an individual’s future. Can they overcome the tragedies that fate has in store for them and rewrite their destinies?,32,Thriller,Balaji Vairamuthu,"Santhosh Prathap, Madhu Shalini, Ashwin Jerome, Sana Althaf, Gokul Anand",Paradox Productions,27-12-2019,2019,12,Friday,115,0,0,0,0,0,0,2.139,4,2
956121,Vidiyatha Iravondru Vendum,"A Horror thriller happening during the course of one night, talks about If there's an accident, how we have to be more responsible on the road",26,"Horror, Thriller",Karuppaiah Murugan,"Ashok Kumar Balakrishnan, Hrithika Srinivasan, Muthu Raman, Crane Manohar, E. Ramadoss",Unknown,11-02-2022,2022,2,Friday,110,0,0,0,0,0,0,2.2632,0,0
894074,Poikkal Kuthirai,"For Kathiravan, who lost his left leg in an accident,his 8-year-old daughter is his world. She is diagnosed with a congenital heart problem and 7 Million INR is needed to save his daughter. Unable to raise such a huge amount, he plans to kidnap businessman Rudra's daughter.  Instead Kathir becomes embroiled in his own kidnapping plot.",56,"Crime, Thriller",Santhosh P. Jayakumar,"Prabhu Deva, Raiza Wilson, Varalaxmi Sarathkumar, Prakash Raj, Baby Aazhiya",Mini Studios,05-08-2022,2022,8,Friday,117,0,0,0,0,0,0,2.453,6,1
1297181,Madharaasi,"A man with a psychological disorder overcomes trauma and confronts his nemesis in a fast-paced action film with romance and unique elements, exploring themes of resilience and redemption.",28,"Action, Romance, Thriller",A. R. Murugadoss,"Sivakarthikeyan, Rukmini Vasanth, Vidyut Jammwal, Biju Menon, Vikranth",Sri Lakshmi Movies,04-09-2025,2025,9,Thursday,168,2004000000,61481133.5,200.4,6.15,-1942518867,-96.93,1.9768,6.8,28
456296,En Aaloda Seruppa Kaanom,The adventures of a young man who tries to trace the missing slipper of the girl he is in love with.,21,"Romance, Comedy",K. P. Jagannath,"Tamizh, Anandhi, Yogi Babu, K. S. Ravikumar, Jayaprakash",Drumsticks Productions,17-11-2017,2017,11,Friday,127,0,0,0,0,0,0,2.1936,6,1
493881,Oru Nodiyil,"Madan and Rupa are hired by the KTV News Channel to work together to unravel the mystery of Parvathipuram, a mysterious village where anybody who went there for the last five hundred years had been killed.Rupa dies and Madan is suspected to have killed her. Later with the help of Anna & Shruti learn about the history of Parvathipuram  and the reason for all of the mishaps in the village.",70,"Comedy, Horror, Thriller",M.A.Chowdary,"Srushti Dange, Brahmanandam, Anandaraj, Satya Prakash, Thagubothu Ramesh",Unknown,22-04-2016,2016,4,Friday,135,0,0,0,0,0,0,2.3217,0,0
477234,Theru Naaigal,"A group of young men kidnaps a politician-gangster, who is awaiting the results of an election. What are they after?",20,"Thriller, Crime, Drama",Hari Uthra,"Pavel Navageethan, Appukutty, Imman Annachi, Mime Gopi, Arumugam Bala",Shree Bhuwal Movie Productions,22-09-2017,2017,9,Friday,102,0,0,0,0,0,0,2.2045,0,0
367756,Thirunaal,"An underling of a gangster decides to turn over a new leaf, but will his violent past let him do so?",21,"Romance, Action",Ramnath Palanikumar,"Jiiva, Nayanthara, Meenakshi, Sharath Lohitashwa, Gobinath Chandran",Kodhandapani Films,05-08-2016,2016,8,Friday,138,0,0,0,0,0,0,2.2283,5.571,7
1642665,Anthony,"Set along the coastal shores of Jaffna, the story follows a fisherman and his family  whose lives are inseparably tied to the sea. As he struggles to balance his responsibilities toward his profession and his family, a tender love story unfolds, shaping his choices and testing his values. Daily life within the fishing community  its hardships, traditions, and unspoken bonds, forms the backdrop of the narrative. When personal desires begin to clash with family expectations, the protagonist is forced to confront sacrifice, loyalty, and the true meaning of love. Through moments of romance, conflict, and emotional depth, the film reveals the  strength of family ties and the resilience of a community that survives by trusting the sea and each other.",120,"Family, Drama",Sukirthan Christhuraja,"Vincent Nakul, TJ Bhanu, Sudharshan Raveendran, Saumi Munasin, Ashana Julius Kanistan",Osai Films,13-03-2026,2026,3,Friday,136,0,0,0,0,0,0,2.1728,0,0
401628,Mayangaathey,"Aravind is a biker from Sabah who meets Kaaviya and falls in love with her at first sight. After getting to know her, Aravind learns that Kavya is a single mother and all this while, her life is decided by her family. Aravind follows Kavya back to Kuala Lumpur to ask Kavya's family for her hand in marriage. Soon, everyone in the family starts to like Aravind and he too develops a special bond with Aarthi (Nilaxshita), Kavya`s daughter who suffers from a liver condition. However, what Aravind does not realise is that everything has been planned from the start and he has fallen into Kavya's cunning trap.",108,,C. Kumaresan,"C. Kumaresan, Shaila Nair, Thivya Naidu, K.K. Khanna, Suresh THR",CK Films,09-06-2016,2016,6,Thursday,0,12525000,0,1.25,0,0,0,2.1141,0,0
880780,Idiot,"The descendants of two men who betrayed a royal family centuries ago are caught up in events that involve ghosts, revenge and kidnapping.",23,"Horror, Comedy, Drama",Rambhala,"Shiva, Nikki Galrani, Anandaraj, Urvashi, Ravi Mariya",Screen Scene Media Entertainment,01-04-2022,2022,4,Friday,122,0,0,0,0,0,0,2.2166,6,1
981371,Bakasuran,A street performer is on a killing spree and a retired army man turned YouTuber tracks an online sex racket parallely. How do their lives connect and what is the street performer really seeking?,34,"Thriller, Drama",Mohan G,"Selvaraghavan, Natarajan Subramaniam, Radha Ravi, Devadarshini, Ramachandran Durairaj",GM Film Corporation,17-02-2023,2023,2,Friday,155,0,0,0,0,0,0,2.2756,4.6,6
399135,Unnodu Ka,"Two middle-aged men, who are settled in the same city, try to put an end to their families' blood feud in their village. Meanwhile, their children, fall in love with each other and decide to get hitched.",37,"Comedy, Drama, Family",R. K.,"Aari Arjuna, Maya Preethi, Prabhu, Urvashi, Balasaravanan",Abirami Media Works,13-05-2016,2016,5,Friday,143,0,0,0,0,0,0,2.588,5.5,3
483985,Yenda Thalaiyila Yenna Vekkala,A young engineering graduate is just trying to settle down in life but things do not go well for him when an unfortunate occurrence happens. A mystical force is forcing him to do certain tasks. Failure to finish the tasks will result in his death.,45,"Fantasy, Romance, Comedy",Vignesh Karthick,"Azhar, Sanchita Shetty, Yogi Babu, Eden Kuriakose, Mansoor Ali Khan",Yogi and Partners,23-02-2018,2018,2,Friday,116,0,0,0,0,0,0,2.1286,0,0
601256,Mirugaa,"A serial killer gets hitched to a billionaire with the sole aim of looting her money. However, the presence of a man-eating tiger at the place they reside in becomes an obstacle to him.",34,"Thriller, Crime",J. Parthiban,"Raai Laxmi, Srikanth, Pandi, Dev Gill, Naira Shah",Jaguar Studios,05-03-2021,2021,3,Friday,130,0,0,0,0,0,0,2.2291,0,0
413750,Yeidhavan,"After his sister’s dreams are shattered, an angry youngster takes on fraudsters who have commercialised the education sector for their selfish needs.",22,"Action, Crime",Sakthi Rajasekaran,"Kalaiyarasan, Aadukalam Naren, Satna Titus, Vela Ramamoorthy, Sandra Amy",Unknown,12-05-2017,2017,5,Friday,132,0,0,0,0,0,0,2.1499,7,2
1045021,Thug Life,"In a world ruled by crime and betrayal, mafia kingpin Sakthivel and his brother Manikkam rescue a young boy, Amaran, during a violent police shootout and raise him as their own. Years later, when an assassination attempt shakes Sakthivel's empire, suspicion turns inward. Consumed by vengeance, Sakthivel sets out to destroy the very family he once built.",57,"Action, Crime, Drama",Mani Ratnam,"Kamal Haasan, Silambarasan, Trisha Krishnan, Ashok Selvan, Abhirami",Raajkamal Films International,04-06-2025,2025,6,Wednesday,165,2922500000,0,292.25,0,0,0,2.125,5.16,25
891268,Yennanga Sir Unga Sattam,A youngster wants to get by in life without putting in any work. Two interviews that happen in different places shine a light on the caste and class differences in our society.,32,"Drama, Comedy",Prabhu Jeyaram,"R. S. Karthik, Ayraa, Soundarya Bala Nandakumar, Rohini, Sai Dhanyaa",Passion Studios,29-10-2021,2021,10,Friday,131,0,0,0,0,0,0,2.1698,7,1
363978,Ko 2,A young man kidnaps the chief minister and sends the state into a tizzy. What is his motive?,18,"Action, Thriller, Romance",Sarath Mandava,"Bobby Simha, Prakash Raj, Nikki Galrani, Balasaravanan, John Vijay",R S Infotainment,13-05-2016,2016,5,Friday,127,0,0,0,0,0,0,2.0763,5.286,7
1384528,OM Chapter 1: Udhiram - The Blood Wood,,0,"Action, Thriller",Rajkumar Periasamy,"Dhanush, Mammootty, Naseeruddin Shah, Sai Pallavi, Sreeleela",Wunderbar Films,16-10-2026,2026,10,Friday,0,0,0,0,0,0,0,2.1213,0,0
1020844,Yuddha Kaandam,,0,Action,Anantharajan,"Sreeram Karthik, Krisha Kurup, Yog Jappie, Suresh Chandra Menon, Bose Venkat",Unknown,05-09-2022,2022,9,Monday,90,0,0,0,0,0,0,2.1483,7,1
483533,Veeraiyan,"A teenage student, who fails to live up to the expectations of his doting father, seeks the help of a few anti-social people to continue his education.",27,"Action, Drama, Romance",Fareed,"Inigo Prabhakaran, Vela Ramamoorthy, Aadukalam Naren, Shaini, Vincent Nakul",Fara Sara Films,30-11-2017,2017,11,Thursday,130,0,0,0,0,0,0,2.0115,0,0
644468,Bhoomi,"Bhoominathan, a NASA scientist, returns to his drought-affected village in Tamil Nadu and decides to fight against the evil corporates and corrupt politicians responsible for the plight of his people.",30,Drama,Lakshman,"Ravi Mohan, Nidhhi Agerwal, Ronit Roy, Saranya Ponvannan, Radha Ravi",Unknown,14-01-2021,2021,1,Thursday,127,0,0,0,0,0,0,2.2166,4.4,17
580430,Ispade Rajavum Idhaya Raniyum,The relationship between a grumpy guy and a practical girl becomes complicated when the latter gets tired of the former’s impatient behaviour.,22,"Drama, Romance",Ranjit Jeyakodi,"Harish Kalyan, Shilpa Manjunath, Ma Ka Pa Anand, Balasaravanan, Lizzie Antony",Unknown,15-03-2019,2019,3,Friday,153,0,0,0,0,0,0,2.1946,5.2,9
974731,Driver Jamuna,"Jamuna, a cab driver, finds herself in trouble when three contract killers get in for a ride. Can she save herself from this horrific situation?",25,"Action, Thriller",Kinslin,"Aishwarya Rajesh, Aadukalam Naren, Thangapandiyan, Sriranjini, Kavitha Bharathi",18 Reels,30-12-2022,2022,12,Friday,104,0,0,0,0,0,0,2.2717,5.1,7
452158,Naalu Peruku Nalladhuna Edhuvum Thappilla,Three criminals are always on the lookout to make a quick buck. They brainwash a young man and use him to steal a large sum of money.,27,"Thriller, Drama, Crime",Dinesh Selvaraj,"Karthik Raj, Evan Shree, Shariya",Unknown,30-03-2017,2017,3,Thursday,121,0,0,0,0,0,0,2.2135,0,0
570073,Vandi,"Three roommates get into trouble over a missing bike and a stolen bike, which, intriguingly, could be the answer to their problems.",22,"Action, Thriller",Rajesh Balachandiran,"Vidharth, Chandhini Tamilarasan, John Vijay, Supergood Subramani, Yog Jappie",Unknown,28-11-2018,2018,11,Wednesday,148,0,0,0,0,0,0,2.147,7,1
949716,Vidaamuyarchi,"While struggling with his broken marriage, Arjun is pulled into a desperate search for his wife, Kayal, when she goes missing during a road trip.",25,"Action, Drama, Mystery, Thriller, Crime",Magizh Thirumeni,"Ajith Kumar, Trisha Krishnan, Arjun Sarja, Regena Cassandrra, Aarav Kizar",Lyca Productions,06-02-2025,2025,2,Thursday,151,1811950000,1327650000,181.19,132.76,-484300000,-26.73,2.0137,6.031,32
997476,Bestie,A couple on a date at a beach resort experiences strange events and the incidents repeat again as they get stuck in a time loop of sorts.,27,"Horror, Thriller",Ranga,"Ashok Kumar Balakrishnan, Yashika Anand, Lollu Sabha Maaran, Lollu Sabha Jeeva, Seshu",Unknown,08-07-2022,2022,7,Friday,137,0,0,0,0,0,0,2.0253,1,1
981729,Deiva Machan,"A youngster from a small town believes that his only responsibility in life is to find a suitable groom for his sister. However, when things fall into place, he is faced with an issue that he would have never expected in life.",42,"Family, Fantasy, Drama",Martyn Nirmal Kumar,"Vimal, Neha Jha, Anitha Sampath, Balasaravanan, Pandiarajan",Uday Productions,21-04-2023,2023,4,Friday,131,0,0,0,0,0,0,2.2186,4,1
1198208,Veera Dheera Sooran: Part 2,"Kaali is a provision store owner and a loving husband and father, is brought back into the life of crime, when his former boss's son is being hunted by the police.",31,"Action, Crime, Drama, Thriller",S. U. Arunkumar,"Vikram, S. J. Suryah, Suraj Venjaramoodu, Dushara Vijayan, Prudhviraj",HR Pictures,27-03-2025,2025,3,Thursday,162,537903409.5,606363890.5,53.79,60.64,68460481,12.73,2.07,6.885,26
409157,Pottu,"A MBBS student attempts suicide by cutting his hand after performing badly at college,. Things take a turn when his blood spills on a tomb of Pottu, and a mysterious power enters his body which forces him to behave like a girl.",42,Horror,V. C. Vadivudaiyan,"Bharath Srinivasan, Iniya, Srushti Dange, Namitha, Manisha Yadav",Shalom Studios,08-03-2019,2019,3,Friday,120,0,0,0,0,0,0,1.9788,4,3
463196,Pattinapakkam,"When his plans go terribly wrong, an engineering graduate ends up becoming a target for powerful people which begins to affect the lives of the people around him in unimaginable ways.",31,"Action, Thriller",Jayadev,"Kalaiyarasan, Anaswara Kumar, Chaya Singh, Manoj K Jayan, Yog Jappie",Mulamoottil Productions,23-11-2017,2017,11,Thursday,125,0,0,0,0,0,0,2.1124,1,1
273866,Vai Raja Vai,"Karthik, who has ESP, helps his friend Panda win a betting game with his power, but this lands him in trouble with Randhai, the gangster who funded the betting operation, who, now, wants him to use his power and make a killing at a casino.",45,"Romance, Thriller",Aishwarya Rajinikanth,"Gautham Ram Karthik, Priya Anand, Vivek, Taapsee Pannu, Daniel Balaji",AGS Entertainment,01-05-2015,2015,5,Friday,125,0,0,0,0,0,0,2.3031,5.7,14
449196,Vaigai Express,An investigative officer takes up a case involving the deaths of three different women murdered by three different killers with varying motives.,22,"Crime, Drama, Thriller",Shaji Kailas,"R. K., Neetu Chandra, Iniya, Suja Varunee, Komal Sharma",Makkal Paasarai,24-03-2017,2017,3,Friday,130,0,0,0,0,0,0,2.0013,6.7,6
409015,Panjumittai,A happily married man starts suspecting his friend of having an affair with his wife as he finds both of them sharing similar interests.,24,"Romance, Comedy, Fantasy",S. P. Mohan,"Ma Ka Pa Anand, Nikhila Vimal, Sentrayan, Pandiarajan, Pandu",Deepam Cinema,01-06-2018,2018,6,Friday,130,0,0,0,0,0,0,2.28,1,1
1059409,Thalli Pogathey,Karthik is a happy go lucky guy until he meets the beautiful Divya. They hit it off right away and Karthik thinks he finally found the girl of his dream until he realizes she is the biggest problem he ever face.,41,"Drama, Romance, Music",Guna Jayakumar,"Thevaguru Suppiah, Hamsni Perumal, Renny Martin, Vicky Rao, Vishantiny Jack",Dreamouse Pictures Sdn Bhd,09-02-2023,2023,2,Thursday,120,0,0,0,0,0,0,3.7006,0,0
477425,Kalavu Thozhirchalai,An idol smuggler comes to a village to steal a valuable idol and convinces a local small-time thief to help him. Do they succeed?,24,"Drama, Crime",T. Krishnashamy,"Vamsi Krishna, Mu Kalanjiyam, Renuka, Senthil",Unknown,22-09-2017,2017,9,Friday,149,0,0,0,0,0,0,2.3023,0,0
536765,Vinveli Payana Kurippugal,A gangster decides to go on a trip to space and orders those under his 'protection' to cough up the amount.,21,"Thriller, Comedy",R. Jayaprakash,"Athvik Jalandhar, Pooja Ramachandran, Jogikumar, Gopalakrishnan, Muthirulan",LEMURIAN THIRAIKKALAM,20-07-2018,2018,7,Friday,112,0,0,0,0,0,0,1.9649,0,0
864754,Manmatha Leelai,Two one-night stands in the life of a man that happen 10 years apart seem to mirror each other. Is there something more to them than what meets our eyes?,30,"Comedy, Romance",Venkat Prabhu,"Ashok Selvan, Smruthi Venkat, Riya Suman, Samyuktha Hegde, Chandran",Black Ticket Company,01-04-2022,2022,4,Friday,110,0,0,0,0,0,0,2.391,5,8
280107,Naalu Policeum Nalla Irundha Oorum,"Four cops try to stage a crime in their crime-free, model village so that they are not transferred from the place. But their naive attempts result in far-reaching conclusions.",29,"Comedy, Drama, Romance",N. J. Srikrishna,"Arulnithi, Remya Nambeesan, Singampuli, Bagavathi Perumal, Rajkumar",7C's Entertainment,24-07-2015,2015,7,Friday,135,0,0,0,0,0,0,2.1587,4.3,3
382730,Navarasa Thilagam,"A wastrel tries to get the hand of the girl he is in love with but, convincing her father will be most difficult.",23,Romance,Kamran,"Ma Ka Pa Anand, Srushti Dange, Karunakaran, Jayaprakash, Meera Krishnan",Squarestone Films,19-02-2016,2016,2,Friday,149,0,0,0,0,0,0,2.2857,3,2
402696,Appa,"A do-gooder who views everything in a different perspective, inspires others by being a doting father, and tries to bring in a few changes in the society.",27,Drama,Samuthirakani,"Samuthirakani, Thambi Ramaiah, Namo Narayana, Vinodhini Vaidyanathan, J Vignesh",Electra Film Productions Inc.,01-07-2016,2016,7,Friday,122,0,0,0,0,0,0,2.2812,7.1,14
270773,Kallappadam,"Four aspiring film technicians decide to steal from the producer who rejected their script to fund their movie. Meanwhile, the producer's paramour — a former actress — also plans to loot him with the help of her boyfriend. Who succeeds in the end?",43,Drama,J. Vadivel,"J. Vadivel, Lakshmi Priyaa, Gaugin, Krishna Kumar, Singampuli",Unknown,20-03-2015,2015,3,Friday,0,0,0,0,0,0,0,2.44,7,1
430620,Pattathari,Five graduates who are friends while away their lives idly. In walks a girl who stirs things up.,18,"Drama, Comedy",A.R. Sankara Pandi,"Mahanadhi Shankar, Vijay Vishwa, Mirnaa, Ambani Shankar",Unknown,25-11-2016,2016,11,Friday,109,0,0,0,0,0,0,2.0492,0,0
669930,Sandimuni,When the hero is in love with a ghost and some hilarious sequences turn the entire film a fun filled ghost ride.,22,"Comedy, Horror",Milka S. Selvakumar,"Manisha Yadav, Yogi Babu, Natarajan Subramaniam, Kadhal Sukumar, Java Sundaresan",Unknown,07-02-2020,2020,2,Friday,140,0,0,0,0,0,0,2.1366,0,0
391062,Joker,"Mannar Mannan, an ordinary villager, decides to call himself the president of the country and starts fighting against the injustices he comes across in his society. What's his agenda?",29,Drama,Raju Murugan,"Guru Somasundaram, Ramya Pandian, Mu Ramaswamy, Gayathri Krishna, Bava Chelladurai",Dream Warrior Pictures,12-08-2016,2016,8,Friday,130,0,0,0,0,0,0,2.2404,7.5,21
411722,Kootathil Oruthan,"Arvind, an ordinary man who is never noticed by anyone be it at school or home. However, things change when he falls in love with Janani, a class topper and the one who excels in both academics and extra-curricular activities.",40,"Action, Romance, Drama",T. J. Gnanavel,"Ashok Selvan, Priya Anand, Samuthirakani, Anupama Kumar, Balasaravanan",Ramaniyam Talkies,28-07-2017,2017,7,Friday,120,0,0,0,0,0,0,1.9971,6.6,9
1112564,Vaa Vaathiyaar,"After being raised as the reincarnation of a famous actor, a man finds himself clashing with his grandfather's expectations of him.",21,"Comedy, Action",Nalan Kumarasamy,"Karthi, Krithi Shetty, Sathyaraj, Rajkiran, Anandaraj",Studio Green,14-01-2026,2026,1,Wednesday,129,0,0,0,0,0,0,2.3393,4.5,8
343318,Charles Shafiq Karthiga,"Charles wants to catch hold of Karthiga and make her understand his love for her. Shaffiq needs Karthiga to get back the smuggled diamonds that he had entrusted with her. Meanwhile, Karthiga witnesses a murder at her deserted office and the killers are after her.",45,Thriller,S Sathiyamoorthy,"Sharran Kumar, Mishal, Jai Quehaeni, Narayan Lucky, Vimal Aditya",Unknown,27-03-2015,2015,3,Friday,145,0,0,0,0,0,0,2.0162,0,0
433135,Pazhaya Vannarapettai,"Five friends are picked up as suspects in a political murder, and the cops detain one among them to save face in front of the media. To save him, the guy’s friend and a straightforward cop try to track down the real killer.​",43,"Thriller, Action",Mohan G,"Prajin Padmanabhan, Richard Rishi, Karunas, Robo Shankar, Ashmitha Subramaniyam",Sri Krishna Talkies,02-12-2016,2016,12,Friday,137,0,0,0,0,0,0,2.2101,0,0
462201,Sollividava,"Two journalists, both working for two different news channels don't really like each other, but the equation between them changes when fate puts the two of them together in the warring backdrop of Kargil.",34,"Action, Drama, Romance",Arjun Sarja,"Chandan Kumar, Aishwarya Arjun, Suhasini Maniratnam, K. Viswanath, Prakash Raj",Sri Ram Films Internationals,09-02-2018,2018,2,Friday,156,0,0,0,0,0,0,2.0646,7,2
660046,Ponniyin Selvan: Part I,"The Chola kingdom is under threat from forces both internal and external, and with crown prince Aaditha Karikalan, his younger brother Arunmozhi Varman and the emperor, Sundara Cholar separated by situations, it is up to a messenger to ensure the safety of the kingdom. Can he succeed in his mission, especially with Karikalan's former girlfriend, Nandhini, plotting to bring down the entire Chola empire?",64,"Action, Adventure, History",Mani Ratnam,"Vikram, Aishwarya Rai Bachchan, Ravi Mohan, Karthi, Trisha Krishnan",Lyca Productions,30-09-2022,2022,9,Friday,167,2463250000,4926500000,246.32,492.65,2463250000,100,2.1929,7.1,97
1023568,Oh My Ghost,"An aspiring adult filmmaker and his girlfriend explore a haunted bungalow located in a small village, not realising that he had a past that has led him to a ghost, who was once a powerful queen.",36,"Comedy, Horror, Fantasy",R. Yuvan,"Sunny Leone, Sathish, Yogi Babu, Rajendran, Dharsha Gupta",Vau Media Entertainment,30-12-2022,2022,12,Friday,125,0,0,0,0,0,0,2.1187,1,1
588302,Aghavan,A group of criminals hatch a plan to loot the wealth of a huge temple for their selfish needs.,19,"Drama, Mystery",APG Elumalai,"Kishore Ravichandran, Nitya Shetty, Chinni Jayanth, Chirashree Anchan, Hello Kandasamy",RBK Entertainment,15-03-2019,2019,3,Friday,165,0,0,0,0,0,0,2.2586,0,0
587030,Kaithi,"Dilli, a convicted criminal, is out on parole to meet his daughter. However, a drug bust sets him off on a mission to save the life of police officers.",29,"Action, Thriller, Crime",Lokesh Kanagaraj,"Karthi, Narain, Arjun Das, Harish Uthaman, George Mariyan",Dream Warrior Pictures,25-10-2019,2019,10,Friday,147,0,0,0,0,0,0,2.0703,7.542,156
375858,Azhagu Kutti Chellam,"The lives of several individuals in the city criss-cross, thanks to children, who offer them a chance at redemption.",19,"Comedy, Drama, Family",Charles,"Akhil, Karunas, Suresh, Thambi Ramaiah, Aadukalam Naren",Sunland Cinemas,01-01-2016,2016,1,Friday,152,0,0,0,0,0,0,2.1121,6.3,3
985379,Diesel,"During the 1980s, Manoharan was a leader in the city's crude oil smuggling business. Manohar opposed Patanis dream of setting up a private port that would become a hub for the black market oil trade. He looted a large quantity of oil from the pipeline to blackmail the government into fulfilling his dream. Finally, the Vasu finds the missing oil.",60,"Action, Romance, Drama",Shanmugam Muthusamy,"Harish Kalyan, Vinay Rai, Athulya Ravi, Sai Kumar, Sachin Khedekar",SP Cinemas,17-10-2025,2025,10,Friday,145,0,0,0,0,0,0,2.6532,4,4
270779,Moone Moonu Varthai,"Arjun and Karna, two happy-go-lucky friends who have resigned from their jobs, start a bad news delivery service and one of their assigments ends up in a marriage getting cancelled. And the bride happens to be the sister of Arjun’s girlfriend Anjali! Can they undo the damage?",47,"Comedy, Romance",Madhumita,"Arjun Chidambaram, Venkatesh Harinathan, Aditi Chengappa, K. Bhagyaraj, Lakshmi",Capital Film Works,26-06-2015,2015,6,Friday,128,0,0,0,0,0,0,2.316,7,2
603110,Magamuni,Two long-separated brothers end up in life-threatening situations. How do their lives intersect and what happens next?,17,"Drama, Thriller, Crime",Santha Kumar,"Arya, Mahima Nambiar, Indhuja Ravichandran, Kaali Venkat, Jayaprakash",Studio Green,06-09-2019,2019,9,Friday,157,0,0,0,0,0,0,2.0652,6.8,12
1507097,Sattendru Maarudhu Vaanilai,"When a carefree orphan and a runaway minister's daughter marry on impulse, their love is tested by financial struggles and powerful enemies — from corrupt politicians to jealous rivals. Together, they uncover hidden truths and prove that love can survive even the darkest threats.",44,"Thriller, Drama, Comedy, Romance",Babu Vijay,"Jai Sampath, Meenakshi Govindarajan, Yogi Babu, Ramachandra Raju, Sathyan Sivakumar",BV Frames,15-05-2026,2026,5,Friday,120,0,0,0,0,0,0,1.83,0,0
616448,Vaazhl,Follows the journey of one man on the path of his self-discovery that would traverse landscapes outside and layers deep within.,21,Drama,Arun Prabu Purushothaman,"Pradeep Anthony, TJ Bhanu, Diva Dhawan, Aahrav, Nithya",Sivakarthikeyan Productions,16-07-2021,2021,7,Friday,119,0,0,0,0,0,0,2.2943,5.8,8
349740,Kanithan,"A reporter who gets arrested realises that he is a victim of a fake degree certificate racket, and decides to track down the person responsible for misusing his identity.",29,"Action, Romance",T. N. Santhosh,"Atharvaa Murali, Catherine Tresa, Karunakaran, Tarun Arora, K. Bhagyaraj",V Creations,25-02-2016,2016,2,Thursday,145,0,0,0,0,0,0,2.3998,5.731,13
408634,Mannar Vagaiyara,A care-free youngster lands in trouble when he helps his brother to win the lady of his life.,18,"Comedy, Romance",Boopathy Pandian,"Vimal, Prabhu, Anandhi, Saranya Ponvannan, Chandhini Tamilarasan",Arasu Films,26-01-2018,2018,1,Friday,160,0,0,0,0,0,0,2.002,5.3,3
361493,Kirumi,"Kathir, a carefree young man, becomes a police informer like his neighbour Prabhakar, and begins to get too close with inspector Soundarapandian, despite the warnings of the latter. It is only when he tries to ride on an ego clash between Soundarapandian and Mathiarasu, a rival inspector, that he realizes he's become a pawn in a dangerous game.",58,"Thriller, Action, Drama",Anucharan,"Kathir, Reshmi Menon, Charle, Vanitha Thennavan, Yogi Babu",JPR Films,24-09-2015,2015,9,Thursday,104,0,0,0,0,0,0,2.421,5.4,8
452250,Sivalinga,A cop investigating the suspicious death of a Muslim finds out that his own wife has become possessed by the young man’s ghost!,23,"Thriller, Horror",P. Vasu,"Raghava Lawrence, Ritika Singh, Vadivelu, Radha Ravi, Jayaprakash",Trident Arts,14-04-2017,2017,4,Friday,156,0,0,0,0,0,0,2.2853,5.5,14
411714,Papparapaam,Papparapaam traces the life of a man who wakes up at his funeral.,13,"Romance, Comedy",Sasikumaran,"Vinoth Kishan, Ishara Nair, John Vijay, Aadukalam Naren, Mime Gopi",Ink Pen Films,31-12-2018,2018,12,Monday,0,0,0,0,0,0,0,1.9451,0,0
349200,Zero,"A newly-wedded couple's domestic bliss is smashed to smithereens when the wife starts acting crazy. Has she become mentally unstable like her dead mother, or is there a sinister force at work?",32,"Fantasy, Horror, Thriller",Shiv Mohaa,"Ashwin Kakumanu, Sshivada, J. D. Chakravarthi, Ravi Raghavendra, Tulasi",Madhav Media,25-03-2016,2016,3,Friday,159,0,0,0,0,0,0,2.1765,5.8,8
373449,2,"An ornithologist who commits suicide returns as fifth force to wreack vengeance on mankind for harming birds with mobile phone radiation. The only thing that is standing in his way is 2.0, the upgraded version of Chitti, the robot.",39,"Action, Science Fiction, Fantasy",Shankar,"Rajinikanth, Akshay Kumar, Amy Jackson, Sudhanshu Pandey, Adil Hussain",Lyca Productions,29-11-2018,2018,11,Thursday,149,6429500000,9571535612,642.95,957.15,3142035612,48.87,2.2241,5.85,180
342698,Kaaval,"Anbarasu, a carefree son of a corrupt police constable, thwarts an encounter planned by Chandrasekar, an undercover cop. Anbu becomes an unwitting pawn in Chandrasekar's next attempt on the gangster's life but that operation, too, fails. Now, both the cop and the criminal are after Anbu.",46,Action,Nagendran R,"Vimal, Samuthirakani, Punnagai Poo Gheetha, M. S. Bhaskar, Singamuthu",SG Films Pvt Ltd,26-06-2015,2015,6,Friday,0,0,0,0,0,0,0,2.3241,5.5,4
420055,Anbanavan Asaradhavan Adangadhavan,"A local gangster in Madurai bids adieu to his past life. Years after, in his mid-50s, he falls in love with a young girl, which changes his life.",28,"Action, Thriller",Adhik Ravichandran,"Silambarasan, Shriya Saran, Tamannaah Bhatia, Mahat Raghavendra, Kasturi Shankar",Global Infotainment,23-06-2017,2017,6,Friday,140,492650000,0,49.27,0,0,0,2.0482,5.1,11
492891,Chennai 2 Singapore,"An aspiring filmmaker, who is also down on luck, goes to Singapore to meet a producer, but what follows is misadventure after misadventure, with a dash of romance thrown in.",30,"Drama, Comedy, Romance",Abbas Akbar,"Anju Kurian, Gokul Anand, Rajesh Balachandiran, Shiv Keshav, Emcee Jesz",Comicbook Films India Private Ltd,15-12-2017,2017,12,Friday,122,0,0,0,0,0,0,1.993,10,1
595228,Soorarai Pottru,"Nedumaaran Rajangam ""Maara"" sets out to make the common man fly and in the process takes on the world's most capital intensive industry and several enemies who stand in his way.",31,"Drama, Action",Sudha Kongara Prasad,"Suriya, Aparna Balamurali, Paresh Rawal, Mohan Babu, Urvashi",2D Entertainment,12-11-2020,2020,11,Thursday,149,0,0,0,0,0,0,1.9853,7.777,128
622775,Adutha Saattai,A college professor tries to unite his students who lack proper guidance from parents and teachers.,16,"Action, Drama",M. Anbazhagan,"Samuthirakani, Thambi Ramaiah, Yuvan, Athulya Ravi, Junior Balaiah",11:11 Productions,29-11-2019,2019,11,Friday,128,0,0,0,0,0,0,2.1119,4,1
1489510,Aaromaley,"Ajith, a romantic dreamer faces reality when forced to work at a matchmaking agency under Anjali,a pragmatic, grounded woman, devoid of dreamy illusions. Their conflicting ideologies become the foundation of a relationship that’s as charming as it is unfiltered.",39,"Comedy, Romance, Drama",Sarang Thiagu,"Kishen Das, Harshath Khan, Shivathmika, VTV Ganesh, MV Namritha",Mini Studio,07-11-2025,2025,11,Friday,127,0,0,0,0,0,0,2.0298,6.692,13
916472,Trigger,"An undercover cop has to stop the mastermind behind a child kidnapping racket, which will also lead to the redemption of his Azheimer's-affected father, a former policeman.",27,"Action, Drama",Sam Anton,"Atharvaa Murali, Tanya Ravichandran, C. Arun Pandian, Seetha, Krishnakumar Ramakumar",Pramod Films,23-09-2022,2022,9,Friday,122,0,0,0,0,0,0,1.905,4.8,4
456623,Pakka,A heart-broken girl who decides to commit suicide is saved by a person who is a look alike of the former’s lover,22,"Comedy, Action",S. S. Surya,"Vikram Prabhu, Bindu Madhavi, Nikki Galrani, Soori, Sathish",Ben Consortium,27-04-2018,2018,4,Friday,146,0,0,0,0,0,0,2.0844,1,1
450580,Attu,"A romantic action film directed by Rathan Linga, starring Archana Ravi and Rishi Rithvik in the lead roles.",18,"Romance, Action, Drama",Rathan Linga,"Archana Ravi, Rishi Rithvik, Bala Singh, Yogi Babu",Studio 9 Productions,31-03-2017,2017,3,Friday,138,0,0,0,0,0,0,2.0419,0,0
536011,Ilavatta Pasanga,,0,"Action, Romance, Drama",K. Balaseenivasan,"Nizhalgal Ravi, Powerstar Srinivasan",Unknown,28-07-2018,2018,7,Saturday,118,0,0,0,0,0,0,1.7627,0,0
411612,Nibunan,"A senior cop and his team of two are after a serial killer who is giving them nightmares. Shocked after finding who the next possible victim is going to be, the cop tracks down the assassin with the help of various clues.",42,"Action, Crime, Thriller",Arun Vaidyanathan,"Arjun Sarja, Prasanna, Varalaxmi Sarathkumar, Sruthi Hariharan, Krishna Kulasekaran",Passion Film Factory,28-07-2017,2017,7,Friday,137,0,0,0,0,0,0,2.0333,6.577,13
332083,Urumeen,A freedom fighter betrayed by his best friend is reborn along with him in the modern era and is guided by a magical book that also hints this might not be his second birth.,34,"Action, Fantasy, Thriller",Sakthivel Perumalsamy,"Bobby Simha, Kalaiyarasan, Reshmi Menon, Sandra Amy, Appukutty",Zerorules Entertainment,04-12-2015,2015,12,Friday,142,0,0,0,0,0,0,2.165,6.8,4
370076,Theri,"When an honest cop, Vijay Kumar's family is ruthlessly slaughtered by a politician and his aides, he decides to change his identity and commits his life to bring his daughter up in a serene atmosphere. But some freak events end up compromising his identity and what he does to save his daughter and avenge the death of his family unfurls as Theri.",62,"Action, Crime, Thriller",Atlee,"Vijay, Samantha Ruth Prabhu, Amy Jackson, Prabhu, Radhika Sarathkumar",V Creations,14-04-2016,2016,4,Thursday,157,0,5761.5,0,0,0,0,1.9002,6.766,111
349732,Vil Ambu,Two individuals who live in the same locality influence the lives of each other without even realising the presence of the other.,22,"Drama, Romance, Action",Ramesh Subramaniam,"Sri, Harish Kalyan, Srushti Dange, Samskruthy Shenoy, Chandhini Tamilarasan",Star Film Land,12-02-2016,2016,2,Friday,137,0,0,0,0,0,0,2.115,5.8,4
534604,Vedigundu Pasangge,"The film revolves around a village boy named Theva. He ends up in a twisted situation and realises that everything surrounding him is a mystery. Things take a sour turn for Theva, thanks to his unawareness of the true colours of Boss. Boss uses him as bait, which causes trouble for him. Theva learns one of life's lessons – once bitten, twice shy.",63,"Comedy, Romance, Drama, Family",Vimala Perumal,"Denes Kumar, Sangeeta Krishnasamy, Thangamani Velayudan, David Anthony, Alvin Martin",Veedu Production,26-07-2018,2018,7,Thursday,136,0,0,0,0,0,0,1.7648,8,1
945106,Memories,"Venky, suspected of committing multiple murders, suffers from memory loss and finds himself entangled in a web of lies. However, the true identity of Venky and the person responsible for his predicament are complex and multi-layered, leading to the discovery of the real killer.",44,"Thriller, Mystery",Praveen Murugan,"Vetri, Dayyana Hameed, Parvathy Arun, Hareesh Peradi, Ramesh Thilak",Unknown,10-03-2023,2023,3,Friday,120,0,0,0,0,0,0,1.702,6,1
549524,Raja Ranguski,"A police constable becomes the prime suspect in the murder of a woman. With the mysterious killer intent on making him the scapegoat, can he clear his name?",28,"Crime, Thriller, Romance",Dharani Dharan,"Metro Shirish, Chandhini Tamilarasan, Kalloori Vinoth, Jayakumar, Anupama Kumar",Burma Talkies,21-09-2018,2018,9,Friday,122,0,0,0,0,0,0,2.1234,5.3,8
923767,Anbarivu,"Separated twins, Anbu and Arivu have been brought up in two worlds, one which is filled with blood stain and revenge and the other is filled with Wisdom and Peace. Anbu and Arivu are forced to switch from their worlds to reunite their estranged family.",45,"Comedy, Family, Romance",Aswin Raam,"HipHop Tamizha Adhi, Napoleon, Kashmira Pardesi, Shivani Rajashekar, Sai Kumar",Sathya Jyothi Films,07-01-2022,2022,1,Friday,165,0,0,0,0,0,0,2.2898,6.5,6
410323,Neruppu Da,"Guru and his friends' ambition is to become firemen, but a run in with a gangster threatens to bring their dream crashing down.",23,"Romance, Action",B. Ashok Kumar,"Vikram Prabhu, Nikki Galrani, Nagineedu Vellanki, Madhusudhan Rao, Aadukalam Naren",First Artists,08-09-2017,2017,9,Friday,128,0,0,0,0,0,0,2.0202,4.5,6
352113,Vasuvum Saravananum Onna Padichavanga,"Childhood friends Vasu and Saravanan are thick as thieves but Vasu's newly-wed wife, Seema doesn't approve of Saravanan and wants her husband to break ties with him. So, Vasu tries to set up Saravanan with Aishwarya. But, can these friends really drift apart?",43,"Romance, Comedy",M. Rajesh,"Arya, Santhanam, Tamannaah Bhatia, Muktha George, Karunakaran",The Show People,14-08-2015,2015,8,Friday,147,0,0,0,0,0,0,2.3724,4.711,19
592895,Kudimagan,"Kandhan, a villager leading a happy life, gets addicted to alcohol and begins to destroy his own life because of his dependency on the drink.",25,Drama,Sathieshwaran,"Nanditha Jennifer, Akash, Bava Chelladurai, Veera Samar, Bava Lakshmanan",Jeevamalar Sathieshwaran Movies,05-04-2019,2019,4,Friday,125,0,0,0,0,0,0,2.0445,0,0
1506633,Satan - The Dark,"Set in the fictional village of Asthinapuram, near Tamil Nadu–Kerala border, When Alisha and her mother desperate to escape the cursed land long belongs to colonial-era witchcraft and black magic, they find themselves spiraling into a deeper sinister. With only Alisha’s boyfriend standing by them, the trio must confront the horrors that dwell in silence… and the curse that refuses to be outrun.",63,"Horror, Thriller",Manikandan Ramalingam,"F.J., Ayraa, Chandhini Tamilarasan, Mona Kakade, Sreeja Ravi",EPS Pictures,27-03-2026,2026,3,Friday,144,0,0,0,0,0,0,2.0922,7,2
896839,Hiding,"A chased man tries to run from the memories of his past, fleeing Civil War in Sri Lanka.",18,"Thriller, War",Nirusha Wijayamohan,"Jey Jey, Aniston Anton Julius, Jennis Wijayamohan, Suresh Seetharaman, Anusha Navin",Unknown,01-03-2021,2021,3,Monday,9,0,0,0,0,0,0,2.3837,0,0
413019,Muthuramalingam,A rural family known for their bravery and generosity are faced with a unexpected situation that poses a threat to their good reputation.,23,"Action, Drama, Family",C. Raja Durai,"Gautham Ram Karthik, Priya Anand, Napoleon, Suman Talwar, Vivek",Global Media Works,24-02-2017,2017,2,Friday,137,0,0,0,0,0,0,2.2018,2,2
591114,Puppy,A final year college student gets the shock of his life after knowing that he's gonna become a father as his girlfriend shows positive pregnancy test result. How is he going to face his parents?,35,Comedy,Nattu Dev,"Samyuktha Hegde, Varun Kamal, Yogi Babu, Rajendran, G. Marimuthu",Vels Film International,11-10-2019,2019,10,Friday,109,0,0,0,0,0,0,2.0198,4.8,5
280163,Tharai Thappattai,"Sannasi, a folk musician, convinces Sooravali, his lover and a female dancer in his troupe, to marry Karuppaiah, a seemingly docile man. Little do they realise the sinister intentions of Karuppaiah, but when they do it is too late.",39,"Thriller, Action, Drama",Bala,"M. Sasikumar, Varalaxmi Sarathkumar, G. M. Kumar, R. K. Suresh, Ramya NSK",Company Productions,14-01-2016,2016,1,Thursday,128,0,0,0,0,0,0,2.0077,5,8
878182,Plan Panni Pannanum,"To track down his friend's sister, who has eloped with her lover, a young man kidnaps her friend who knows about their whereabouts.",23,"Comedy, Romance",Badri Venkatesh,"Rio Raj, Remya Nambeesan, Balasaravanan, Robo Shankar, Aadukalam Naren",Unknown,30-12-2021,2021,12,Thursday,122,0,0,0,0,0,0,2.0754,5.5,2
400962,Meera Jaakirathai,"A visual communication student sets out to trace the mysterious story behind an infamous bridge with his friends, and ends up with interesting revelations.",24,"Drama, Horror",R. G. Keshavan,"Bobby Simha, Monica, Surendar, Swaminathan, Krishnamoorthy",Unknown,27-05-2016,2016,5,Friday,111,0,0,0,0,0,0,2.0012,2.7,3
579233,Sagaa,"Young orphans Sathya and Kadhir are raised by a local lady-goon in the dark areas of a bustling metro. They are orphaned again when she is killed by her own brother after a dispute over property. Sathya and Kadhir avenge her death, which lands them in jail. While in jail, Sathya befriends two other inmates and manages to escape with them.",61,Crime,Murugesh,"Saran Shakthi, Ayraa, Kishore DS, Sree Raam, Tamizh",Media Boy,01-02-2019,2019,2,Friday,122,0,0,0,0,0,0,2.0081,5,1
522268,Paadam,The movie is directed by Rajashekhar and featured Vijith and Mona as lead characters.,14,,Rajashekar. I,"Karthik, Vijith, Mona Kakade, Yashika Anand, Jangiri Madhumitha",Rollon Movies,27-04-2018,2018,4,Friday,126,0,0,0,0,0,0,2.1488,0,0
363314,Nayagi,"An opportunist short filmmaker takes his unsuspecting girlfriend to an out-of-city bungalow with the wrong intention, but runs into a ghost who cannot tolerate promiscuous men.",26,"Comedy, Horror",Goverdhan Reddy,"Trisha Krishnan, Sushma Raj, Ganesh Venkatraman, Satyam Rajesh, Jayaprakash",Giridhar Productions,15-07-2016,2016,7,Friday,125,0,0,0,0,0,0,2.2134,2.667,3
359122,Strawberry,A taxi driver is befriended by a medium who tells him that a spirit is trying to communicate with him. Who is this spirit and what does it want?,29,Horror,Pa. Vijay,"Pa. Vijay, Yuvina Parthavi, Samuthirakani, Devayani, Kavithalaya Krishnan",Unknown,11-09-2015,2015,9,Friday,140,0,0,0,0,0,0,1.9877,2.5,2
594431,Rocky: The Revenge,"An action film directed by KC Bokadia, starring Srikanth Krishnamachari, Eshanya Maheshwari and Nasser in the lead roles.",18,"Action, Crime, Drama",K. C. Bokadia,"Srikanth, Eshanya Maheshwari, Nassar, Brahmanandam, Karate Raja",BMB Productions,12-04-2019,2019,4,Friday,106,0,0,0,0,0,0,2.1031,0,0
371810,Kavalai Vendam,A chef who is separated from his wife decides to win back her love after she lands up at his doorstep asking for divorce.,24,"Comedy, Drama, Romance",Deekay,"Jiiva, Kajal Aggarwal, Bobby Simha, Sunaina, Sonu Gowda",R S Infotainment,24-11-2016,2016,11,Thursday,137,0,0,0,0,0,0,1.9457,5,16
901521,Methagu-II,"A direct sequel to Methagu, which tells the biography of LTTE Leader Prabhagaran.",13,"War, History, Drama",Raako.Yoagandran,"Kutti Mani, Eeshwar Baasha, Aanandan",Methagu Thiraikkalam,19-08-2022,2022,8,Friday,109,0,0,0,0,0,0,2.0733,7,2
407540,Rekka,A young man haunted by his actions in the past gets caught in the rivalry between two gangsters.,18,"Romance, Action, Comedy",Rathina Shiva,"Vijay Sethupathi, Lakshmi Menon, Kishore, K. S. Ravikumar, Harish Uthaman",Common Man Productions,07-10-2016,2016,10,Friday,150,0,0,0,0,0,0,2.0454,5.413,23
1024226,Udanpaal,"Paraman and his sister Kanmani, who are in dire financial straits, angrily refuse to advise their father Vinayakam to sell their house. When the news comes that Vinayakam has died in an unexpected tragedy, even in that grief-stricken state, the family gets greedy for the compensation that the government is going to provide. But fate twists again as the situation becomes funny yet tragic all at once.",67,"Drama, Comedy",Karthik Seenivasan,"Linga, Gayathrie Shankar, Vivek Prasanna, Abarnathi, Charle",D Company,30-12-2022,2022,12,Friday,113,0,0,0,0,0,0,2.0167,6.333,3
505943,Jarugandi,"An ambitious youngster lands in trouble after making forged documents to earn money. A cop promises to let him go if he coughs up a huge sum, but the guy ends up kidnapping a girl, which makes things worse.",39,"Romance, Comedy, Action",Pitchumani,"Jai Sampath, Reba Monica John, Amit Kumar Tiwari, Ilavarasu, Daniel Annie Pope",Shvedh Group,26-10-2018,2018,10,Friday,136,0,0,0,0,0,0,2.051,4.5,6
946040,Theeyavar Kulaigal Nadunga,An Investigative Police officer teams up with an autism school teacher to solve the mystery of a cruel murder happened in a school for autistic children.,26,"Crime, Thriller",Dinesh Lakshmanan,"Arjun Sarja, Aishwarya Rajesh, Ramkumar Ganesan, Abhirami Venkatachalam, Prankster Rahul",Unknown,21-11-2025,2025,11,Friday,127,0,0,0,0,0,0,1.825,0,0
412998,Mo,Three con-men who become fake shamans to earn their living get the shock of their life when they encounter an unknown spirit.,22,Horror,Bhuvan Nallan,"Aishwarya Rajesh, Suresh Ravi, Darbuka Siva, Munishkanth, Mime Gopi",WTH Entertainment,30-12-2016,2016,12,Friday,130,0,0,0,0,0,0,2.103,7.3,3
409521,Bongu,"Three hi-tech burglars, who lose their jobs because of a business tycoon, set out to take revenge against him.",19,"Romance, Drama, Crime",Taj,"Natarajan Subramaniam, Pooja Bisht, Arjunan Nandakumar, Atul Kulkarni, Sharath Lohitashwa",RT Infinity Deal Entertainment,02-06-2017,2017,6,Friday,124,0,0,0,0,0,0,2.0872,6,4
369819,Sowkarpettai,"Lovers murdered by a moneylender come back as ghosts to make him answer for his crime. Meanwhile, an evil tantric has been waiting for them for years to take his revenge.",31,"Comedy, Drama, Horror, Romance",V. C. Vadivudaiyan,"Srikanth, Raai Laxmi, Saravanan, Powerstar Srinivasan, Suman Talwar",Sri Thenandal Films,04-03-2016,2016,3,Friday,139,0,0,0,0,0,0,1.9852,1.6,5
526079,Amutha,Amutha is a housewife who wakes up one day to find herself on a hospital bed and no idea how she landed there.,23,"Thriller, Crime, Music",P. S. Arjun,"Sriya Sree, Anees Shaz, Levin Simon Joseph, Ashna Sudheer, Shivakumar Raju",Southern Film Factory,16-05-2018,2018,5,Wednesday,0,0,0,0,0,0,0,2.0097,0,0
508705,Tamizhananen,"Tamizhanane, the first Tamil film based on martial arts to fight violence against women.",14,"Action, Drama, Thriller",Sathish Ramakrishnan,"Sathish Ramakrishnan, Vandana Varadarajan, Athvik Jalandhar, Marxis Mani, Preetha Saravanan",Vetri Tamil Vuruvakkam,23-02-2018,2018,2,Friday,107,0,0,0,0,0,0,1.8864,0,0
455920,Uru,"A writer, whose writing is considered outdated due to the changing writing trends, leaves for Megamalai in search of solitude and wanting to write a new book. Upon arriving at Megamalai, a string of unfortunate events take place around him & his wife. Little does he know that it's not only his life that he's endangering.",56,"Crime, Thriller",Vicky Anand,"Sai Dhanshika, Kalaiyarasan, Mime Gopi, V. I. S. Jayapalan, Daniel Annie Pope",Vaiyam Medias,16-06-2017,2017,6,Friday,111,0,0,0,0,0,0,1.9619,4.667,6
366148,Jil Jung Juk,Three bumbling underlings who are tasked with smuggling cocaine get into problems during their journey.,15,"Action, Comedy, Romance, Thriller",Deeraj Vaidy,"Siddharth, Avinash Raghudevan, Sananth, Radha Ravi, Nassar",Etaki Entertainment,12-02-2016,2016,2,Friday,133,0,0,0,0,0,0,1.9929,6.595,21
443810,Padai Veeran,"A care-free youngster sets out to become a cop and comes back to his village to control a riot. He realises that he has to take on people, who are close to him, to manage the situation.",37,"Drama, Action",Dhana,"Vijay Yesudas, Amritha Aiyer, Bharathiraja, Akhil, Singampuli",Dream Temple Productions,02-02-2018,2018,2,Friday,130,0,0,0,0,0,0,1.9144,0,0
409266,Simba,"A stoner befriends a Great Dane, who is the pet of his neighbour, and tries to make her fall in love with him.",23,"Comedy, Drama, Fantasy",Arvind Sridhar,"Bharath Srinivasan, Premji Amaran, Bhanu Sri Mehra, Swetha, Ramana",Magic Chair Films,25-01-2019,2019,1,Friday,145,0,0,0,0,0,0,2.1336,5.1,5
474275,Kadikara Manithargal,The struggles of a poor family forced to rent a house owned by a cruel landlord.,16,"Drama, Family, Romance",Vaigarai Balan,"Karunakaran, Kishore, Sherin Pilakkal, Bala Singh, Latha Rao",Christ P The International Productions,03-08-2018,2018,8,Friday,124,0,0,0,0,0,0,2.1834,0,0
412862,Ratsasan,"A serial killer is murdering school girls, and a newbie cop has to track him down before the victim count increases.",21,"Thriller, Crime, Mystery",Ram Kumar,"Vishnu Vishal, Amala Paul, Suzane George, Munishkanth, Kaali Venkat",Axess Film Factory,05-10-2018,2018,10,Friday,170,0,0,0,0,0,0,1.9706,7.414,198
373908,Nayyapudai,A 70-year-old man takes on a corrupt assistant commissioner and the gangster whom he is protecting.,16,"Romance, Action, Drama",Vijaya Kiran,"S. A. Chandrasekhar, Pa. Vijay, Rajendran, Viji Chandrasekhar, Chandhini Tamilarasan",Unknown,26-02-2016,2016,2,Friday,120,0,0,0,0,0,0,1.9407,3,1
414012,Nethraa,"A young woman moves to Canada with her boyfriend to get married with the help of her friend, but finds herself trapped in a web of lies and deciet.",29,"Drama, Thriller",A. Venkatesh,"Vinay Rai, Subiksha, Robo Shankar, Riythvika, Thaman Kumar",Swetha Cine Arts,08-02-2019,2019,2,Friday,128,0,0,0,0,0,0,1.9759,0,1
612593,Thozhar Venkatesan,"The life of a youngster, who runs a small-scale soda factory, turns topsy-turvy after he meets with a horrific accident. Little does he realise that more troubles are awaiting him.",30,Drama,Maghasivan,"Harishankar, Monica Chinnakotla, Supergood Subramani, Maayi Sundar",Unknown,12-07-2019,2019,7,Friday,112,0,0,0,0,0,0,2.0875,6,1
626392,Master,"An alcoholic professor is sent to a juvenile school, where he clashes with a gangster, who uses the children of the school for criminal activities.",25,"Action, Thriller, Crime",Lokesh Kanagaraj,"Vijay, Vijay Sethupathi, Arjun Das, Malavika Mohanan, Andrea Jeremiah",XB Film Creators,13-01-2021,2021,1,Wednesday,179,0,0,0,0,0,0,2.0826,6.548,125
346667,Trisha Illana Nayanthara,"A young man falls in love with his childhood friends only to keep breaking up with them, not realising that he will always end up as a loser.",28,"Romance, Action, Comedy",Adhik Ravichandran,"G. V. Prakash Kumar, Anandhi, Manisha Yadav, Simran, VTV Ganesh",Cameo Films,17-09-2015,2015,9,Thursday,130,0,0,0,0,0,0,2.1317,5.3,18
1608032,Yellow,"A corporate worker's impulsive decision to leave her desk job leads to a transformative solo adventure, where strangers become friends and comfort zones fade into distant memories.",27,"Adventure, Drama, Family",Hari Mahadevan,"Delhi Ganesh, Aswin Jayaprakash, Namita Krishnamurthy, Lokesh, Jophin Manimala",Covai Film factory,21-11-2025,2025,11,Friday,136,30561000,0,3.06,0,0,0,1.7573,0,0
608518,Thiruttukkalyanam,,0,,Sakthivelan,"A. Venkatesh, Tejasvy Jayakumar, Aadukalam Naren, Nizhalgal Ravi, Thambi Ramaiah",Senthur Pictures,31-05-2019,2019,5,Friday,135,0,0,0,0,0,0,2.0678,0,0
449310,Dhayam,Eight individuals shortlisted for the position of CEO of an organization are left in a room which tricks their mind and tests their skills of survival.,26,Thriller,Kannan Rangaswamy,"Santhosh Prathap, Shyam Krishnan, Anchal Singh, Jeeva Ravi, Jayakumar",Future Film Factory International,24-03-2017,2017,3,Friday,162,0,0,0,0,0,0,1.7721,4.7,3
410592,Mupparimanam,A mysterious youngster kidnaps a girl a few minutes before her wedding and takes her to a secluded place in search of answers for his questions.,26,"Thriller, Drama, Romance",Adhiroopan,"Shanthanu Bhagyaraj, Srushti Dange, Kalyani Natarajan, Thambi Ramaiah, Ravi Prakash",Shamayalaya Creations,03-03-2017,2017,3,Friday,140,0,0,0,0,0,0,2.0944,5.2,5
800770,Calls,"A BPO employee, who is annoyed with constant anonymous calls, gets kidnapped after leaving office. Will her parents be able to find her?",23,"Crime, Drama, Thriller",J. Sabarish,"Chitra Kamaraj, Vinodhini Vaidyanathan, Devadarshini, Sundarrajan, Sriranjini",Infinite Pictures,26-02-2021,2021,2,Friday,151,0,0,0,0,0,0,1.7011,0,0
1381973,Oru Iyakkunarin Kadhal Diary,A story of a film director and his experience in film industry.,12,"Drama, Romance",Velu Prabhakaran,"Velu Prabhakaran, Swathi Shanmugam, Jega, Raghunath Manet, Remya",Sures Invincible Innovations,02-06-2017,2017,6,Friday,124,0,0,0,0,0,0,1.625,0,0
651790,Metro Maalai,"An unlikely bond forms between a dejected guitarist and a neglected young woman, after the two of them cross paths with each other in Kuala Lumpur.",26,"Drama, Romance",Haran Kaveri,"Satish Kumar, Punitah Shanmugam, Karishma Krishnasamy, Kumanavannan Rajendran",Drona Films,28-11-2019,2019,11,Thursday,100,0,0,0,0,0,0,1.5604,0,0
280084,Tamizhuku En Ondrai Azhuthavum,"The city's mobile networks are down due to a solar flare, and Vasanth, an inventive youngster, tries to restore it. Mukil can save his lover only if he can get through to her over phone. Meanwhile, a terrorist will be able to activate the bomb he has planted in a taxi if Vasanth succeeds!",54,"Thriller, Comedy",Ramprakash Rayappa,"Nakul, V R Dinesh, Bindu Madhavi, Aishwarya Dutta, Sathish",VLS Rock Cinema,20-02-2015,2015,2,Friday,141,0,0,0,0,0,0,2.1185,7.7,11
390914,Sawaari,"The lives of a mad serial killer, an ACP who is just hours from his marriage and an unemployed youngster tasked with delivering a serviced vintage Contessa car to a superstitious MLA, intersect under coincidental circumstances leading to a classic cat and mouse tale!",44,"Mystery, Thriller, Crime",Guhan Senniappan,"T.M. Karthik, Munishkanth, Sanam Shetty, Benito Franklin, Kavithalaya Krishnan",Tag Entertainment,18-03-2016,2016,3,Friday,110,0,0,0,0,0,0,1.9812,5.5,1
545238,Bakrid,"A young farmer, who starts rearing a camel, gets to know that the animal deserves to live in a desert for its well-being. He sets out to Rajasthan for the same, but goes through a lot of hardships.",38,Drama,Jagadeesan Subu,"Vikranth, Vasundhara Kashyap, Ali, Vaiyapuri, Rohit Pathak",M10 Production,23-08-2019,2019,8,Friday,121,0,0,0,0,0,0,1.6966,7,3
356515,Jigina,"A dark-skinned call taxi driver starts chatting with a pretty girl on Facebook under the profile of a good-looking guy. He yearns to marry her, but life has quite a bunch of twists in store for him.",37,"Drama, Romance",Nandha Periyasamy,"Vijay Vasanth, Sanyathara, Singampuli, Kumki Ashwin, Sridevi",Thirupathi Brothers,21-08-2015,2015,8,Friday,114,0,0,0,0,0,0,1.9281,4.5,4
553676,Amaavasai,,0,"Drama, Horror, Thriller",Rakesh Sawant,"Jai Akash, Nupur Mehta",Unknown,12-10-2018,2018,10,Friday,130,0,0,0,0,0,0,1.7662,0,0
499612,Keni,When severe drought strikes the village on the Tamil Nadu-Kerala border Indira fights to make the water accessible in the village.,21,Drama,Nishad M A,"Jaya Prada, R. Parthiban, Revathi, Archana, Parvathy Nambiar",Fragrant Nature Film Creations,23-02-2018,2018,2,Friday,143,0,0,0,0,0,0,2.0798,3,1
496903,Nagesh Thiraiyarangam,"A real estate dealer, who sets out to sell his father’s old property, a movie theatre, finds that the building is possessed by a ghost",25,"Romance, Horror",Mohamad Issack,"Aari Arjuna, Ashna Zaveri, Masoom Shankar, Kaali Venkat, Latha Sethupathi",Transindia Media & Entertainment Private Limited,16-02-2018,2018,2,Friday,128,0,0,0,0,0,0,2.3928,0,0
552389,Yaagan,,0,"Drama, Romance",Vinoth Thangavel,"Sajan, Anjena Kirti",Mappanar Production,05-10-2018,2018,10,Friday,120,0,0,0,0,0,0,2.2848,0,0
1103963,N4,The lives of different sets of people residing in Kasimedu change irreversibly overnight after an unforeseen incident. What happens next and how does karma play a major role in their lives?,31,"Action, Thriller",Lokesh Kumar,"Michael Thangadurai, Gabrella Sellus, Afsal Hameed, Vinusha Ravi, Akshay Kamal",Dharmraj Films,24-03-2023,2023,3,Friday,142,0,0,0,0,0,0,1.8616,9,1
1578079,Dorothy,,0,"Action, Adventure, Drama, Romance",Karthik Subbaraj,"Keerthy Suresh, Sananth, Rishikanth, Muruganantham, Suraj Ram",Sikhya Entertainment,25-09-2026,2026,9,Friday,150,0,0,0,0,0,0,1.934,0,0
280878,Eetti,An athlete with a rare bleeding disorder gets into a perilous situation where he has to take on a fake currency racket.,22,Action,Ravi Arasu,"Atharvaa Murali, Sri Divya, Jayaprakash, Aadukalam Naren, Aadukalam Murugadoss",Global Infotainment,11-12-2015,2015,12,Friday,144,0,0,0,0,0,0,2.0497,6.091,11
383703,Yaman,"In a malicious world of ruthless politicians and gangsters, a common man develops a dream to make it big in politics and takes on a few big shots.",28,"Action, Thriller",Jeeva Shankar,"Vijay Antony, Miya George, Thyagarajan, Arul D. Shankar, Sangili Murugan",Lyca Productions,24-02-2017,2017,2,Friday,153,0,0,0,0,0,0,2.0249,6.4,5
1536580,Draupathi 2,"In 14th century AD, people were suffering from the brutality of the Madurai Sultanate and the Delhi Sultan. The Hoysala Emperor Vallalar III protected his empire and people with diplomacy. The sacrifice and betrayal of some changed the course of a kingdom. Insidious interventions disrupt the lives of people and the stability of the state.",55,"Action, Drama, History",Mohan G,"Richard Rishi, Rakshana, Natarajan Subramaniam, Vela Ramamoorthy, Chirag Jani",GM Film Corporation,23-01-2026,2026,1,Friday,159,0,0,0,0,0,0,2.1872,0,0
818491,Vanakkamda Mappilei,"Aravind, a mariner who enjoys a happy life by working six months on the sea and six months on land. Later on, he falls in love with a girl named Thulasi, who doesn’t reciprocate his love. Eventually, after a lot of hardships, love finally starts to begin between them but an incident from Aravind’s past becomes a troublemaker in his new relationship with Thulasi.",64,"Comedy, Romance",M. Rajesh,"G. V. Prakash Kumar, Amritha Aiyer, Daniel Annie Pope, Reshma Pasupuleti, Soundarya Bala Nandakumar",Sun Entertainment,16-04-2021,2021,4,Friday,162,0,0,0,0,0,0,2.0209,1,1
327915,Sakalakala Vallavan,Sakthi is in love with Anjali but marries city girl Divya because his father has given his word to her dad. But Divya is least interested in making the marriage work and wants a divorce...,35,"Romance, Comedy, Drama",Suraj,"Ravi Mohan, Trisha Krishnan, Anjali, Prabhu, Soori",Lakshmi Movie Makers,31-07-2015,2015,7,Friday,145,0,0,0,0,0,0,2.0104,4.583,12
1318308,Aaryan,"A struggling writer announces he'll commit the perfect crime, sparking a tense pursuit as police try to prevent his methodically planned killing spree.",23,"Action, Thriller, Crime",Praveen K.,"Vishnu Vishal, Shraddha Srinath, Selvaraghavan, Maanasa Chaudhary, Avinash",Vishnu Vishal Studioz,31-10-2025,2025,10,Friday,134,0,0,0,0,0,0,1.9652,5.136,11
345348,Thiranthidu Seese,"Two bartenders discover an unconscious girl in the restroom of their pub, who wakes up and accuses them of raping her even though she has no recollection of who of the two did it. And she decides to find out in her own way...",44,Thriller,M Nimeshvarshan,"Sai Dhanshika, Veeravan Stalin, Anjena Kirti, Narayan Lucky, E. Ramadoss",Unknown,22-05-2015,2015,5,Friday,145,0,0,0,0,0,0,1.9569,6,1
280140,Yatchan,"A small-time hooligan hired to kill a girl and an aspiring movie actor find themselves in the wrong place due to a mix-up. Now, the gangster who ordered the hit is after all the three of them.",37,"Romance, Comedy, Action",Vishnu Varadhan,"Arya, Krishna Kulasekaran, Deepa Sannidhi, Swathi Reddy, Thambi Ramaiah",Vishnuvardhan Pictures,11-09-2015,2015,9,Friday,164,0,0,0,0,0,0,2.0616,6.3,11
566104,Agni Devi,"A crime film directed by JPR and Sham Surya, starring Bobby Simha and Sathish Krishnan in the lead roles.",19,,J P R,"Bobby Simha, Madhoo, Remya Nambeesan, Delhi Ganesh, Livingston",Seatoa Studios,22-03-2019,2019,3,Friday,140,0,0,0,0,0,0,2.0283,2.2,2
460401,Ayngaran,"A young mechanical engineer invents a machine that not only saves a four-year-old baby girl from a borewell pit, but also unearths a mysterious theft case in the city.",29,"Action, Drama",Ravi Arasu,"G. V. Prakash Kumar, Mahima Nambiar, Kaali Venkat, Aruldoss, Ravi Venkatraman",Common Man Productions,13-05-2022,2022,5,Friday,135,0,0,0,0,0,0,2.0431,5,3
536425,Theedhum Nandrum,"Three friends, who earn money illegally through burglary, decide to bid farewell to crimes. But fate had other plans for them.",21,"Thriller, Action, Romance",Rasu Ranjith,"Rasu Ranjith, Lijomol Jose, Aparna Balamurali, Eesan, Sandeep Raj",Hari Silver Screens,12-03-2021,2021,3,Friday,143,0,0,0,0,0,0,2.0263,0,0
505924,Kanni Raasi,"The film is about the protagonist's aversion to a love marriage, that is not shared by the heroine, his neighbour.",20,,S. Muthukumaran,"Vimal, Varalaxmi Sarathkumar, Pandiarajan, Kaali Venkat, Robo Shankar",King Movie Makers,04-12-2020,2020,12,Friday,0,0,0,0,0,0,0,2.0999,3,1
260778,Vaalu,"Sharp (Simbu), a happy-go-lucky guy, loves Priya (Hansika), a college student, but later learns that she is enagaged to Anbu ( Aditya), a businessman-gangster. Priya wants them to remain friends and Sharp agrees, all the while scheming to make her fall in love with him.",45,"Comedy, Romance",Vijay Chandar,"Silambarasan, Hansika Motwani, Santhanam, VTV Ganesh, Brahmanandam",Chimbu Cine Arts,14-08-2015,2015,8,Friday,155,0,0,0,0,0,0,2.1497,4.8,10
793711,Trip,"A group of friends mistake two harmless individuals for murderers during a trip to the forest, leading to series of events that turns serious by the minute, putting them all in danger.",32,"Horror, Fantasy, Comedy",Dennis Manjunath,"Sunaina, Karunakaran, Yogi Babu, Rajendran, Praveen Kumar",Sai Film Studios,05-02-2021,2021,2,Friday,122,0,0,0,0,0,0,2.2887,4.7,3
884000,Oh Manapenne!,A wannabe businesswoman and a happy-go-lucky guy meet each other during an arranged marriage blind date but eventually team up to start a food truck on their own.,28,"Drama, Romance, Comedy",Kaarthikk Sundar,"Harish Kalyan, Priya Bhavani Shankar, Anbu Thasan, Venu Arvind, Abishek Kumar",Unknown,22-10-2021,2021,10,Friday,140,0,0,0,0,0,0,1.8226,6.25,6
461448,Nenjil Thunivirunthal,A young man tries to track down the killers who are plotting to murder his close friend. But there's more to it than meets the eye.,26,"Crime, Action, Thriller",Suseenthiran,"Sundeep Kishan, Vikranth, Mehreen Pirzada, Harish Uthaman, Soori",Annai Film Factorie,10-11-2017,2017,11,Friday,129,0,0,0,0,0,0,1.9474,4.25,4
923003,My Dear Bootham,"A boy with stammering frees a genie, who helps him deal with his issues, but can he, given his speech disorder, grant the latter's one wish?",26,"Comedy, Fantasy, Family",N. Ragavan,"Prabhu Deva, Remya Nambeesan, Ashwanth Ashokkumar, Samyuktha Karthik, Imman Annachi",Abhishek Films,15-07-2022,2022,7,Friday,124,0,0,0,0,0,0,1.8694,6,1
1652180,Neelira,A wedding eve in 1988 Sri Lanka turns into a hostage standoff when Indian Army soldiers occupy a family's home overnight.,21,"Thriller, War",Someetharan,"Naveen Chandra, Sananth, Kapila Venu, Roopa Koduvayur, Vidhu",Stone Bench Creations,03-04-2026,2026,4,Friday,92,0,0,0,0,0,0,2.2146,0,0
320906,Orange Mittai,The journey of an old man and an EMT specialist in an ambulance becomes unexpectedly meaningful for both of them.,20,"Drama, Comedy",Biju Viswanath,"Vijay Sethupathi, Aashritha, Ramesh Thilak, Arumugam Bala, Karunakaran",Vijay Sethupathi Productions,31-07-2015,2015,7,Friday,102,0,0,0,0,0,0,1.9858,5.9,15
505687,Manusanaa Nee,"Many youngsters reportedly go missing from the State and police starts investigating the mystery cases. As this happens, a person is treated by a doctor after he gets injured in a fight. He is administered a medicine which is under testing and he gets super human powers. There are also side-effects to the medicine which makes his body decay at a rapid pace. What happens next, what is the medicine that was administered to the hero, what link this has to the missing youngsters forms the rest of the story.",90,"Thriller, Crime",Ghazali,"Dr. Saleem, Anu Krishna, Subbu Panchu, Nellai Siva, Kadhal Sukumar",H3 Cinemas,16-02-2018,2018,2,Friday,0,0,0,0,0,0,0,1.9799,0,0
588951,Gilli Bambaram Goli,"Four youngsters, who work in Malaysia, lock horns with a local gangster.",12,,D. Manoharan,"Deepti Shetty, Naresh, Prasath Karthik, Tamil, Ganja Karuppu",Shri Sai Film Circuit,15-03-2019,2019,3,Friday,152,0,0,0,0,0,0,2.0009,0,0
621004,Kalathil Santhippom,Two friends with contrasting characters lock horns with each other when a girl who was supposed to get hitched with one of them later falls in love with the other .,31,"Action, Family",N. Rajasekhar,"Jiiva, Arulnithi, Manjima Mohan, Priya Bhavani Shankar, Robo Shankar",Super Good Films,05-02-2021,2021,2,Friday,138,0,0,0,0,0,0,2.004,5.8,6
349194,Ulkuthu,A stranger comes to a coastal village and gets into a tiff with the local gangster and his son.,19,"Action, Comedy, Romance",Caarthick Raju,"V R Dinesh, Balasaravanan, Nandita Swetha, John Vijay, Chaya Singh",Abi & Abi Pictures,29-12-2017,2017,12,Friday,131,0,0,0,0,0,0,2.1101,6,2
370069,Thiruttu Rail,A gangster tries to pass off his death by getting his look-alike to be killed in a police encounter. But what he doesn't take into account is the dead man's friends...,31,"Comedy, Action, Romance",Thirupathi Raja,"Rakshan, Charan Selvam, Cathy, Imman Annachi, Mayilsamy",SSS Movies,11-12-2015,2015,12,Friday,0,0,0,0,0,0,0,1.8508,1.5,2
617364,Vellai Yaanai,"Vellai is a farmer from an economically self-sufficient village. But when he and the villagers take a bank's crop loan, they get caught in debt due to drought and low prices for crops. So few desperate farmers migrate to the city in search of a job. Can they pay off their debt? Or will they give up farming?",58,Drama,Subramaniam Siva,"Samuthirakani, Athmeeya Rajan, Yogi Babu, S. S. Stanley, Bava Chelladurai",Mini Studios,11-07-2021,2021,7,Sunday,127,0,0,0,0,0,0,1.9366,6,1
1641315,Fourth Floor,"Drawn Back to Chennai by an Unexpected Call From His Former Lover, Dheeren Travels From Mumbai and Checks Into a Secluded Office Guest House. Soon After His Arrival, Disturbing and Inexplicable Events Begin to Unfold Within Its Walls. Night After Night, Dheeren is Plagued by Vivid Dreams—fragments of Memories That Eerily Mirror His Own Past and Unresolved Relationship.  As the Line Between Dreams and Reality Begins to Blur, Dheeren Realizes These Visions Are Not Random. Each Dream is a Clue, Slowly Pulling Him Toward a Buried Truth Connected to His Ex-lover’s Fate. Trapped Between Guilt, Fear, and the Supernatural, Dheeren Must Confront His Past to Uncover What Truly Happened to Her—before the Guest House Claims Him as Its Next Secret.",120,"Thriller, Horror",L.R. Sundarapandi,"Aari Arjuna, Deepshika Umapathy, Pavithra Aravind, Subramaniam Siva, Adithya Kathir",Mano Creation,27-02-2026,2026,2,Friday,134,0,0,0,0,0,0,1.7858,0,0
493102,50/50,Aalukku Paathi 50/50 is an upcoming Tamil horror comedy film directed by Krishna Sai.,14,,Sai Krishna,"Sethu, Balasaravanan, Sonu Gowda, John Vijay, Yogi Babu",Lipi Cine Crafts,27-12-2019,2019,12,Friday,114,0,0,0,0,0,0,1.8472,6.3,3
527665,Antony,"A cop wakes up to find himself trapped in his car which is buried in the earth. Even as he tries to make an escape, his father and his girlfriend are trying to trace his whereabouts by going after the men who might have a reason to kidnap him.",49,"Thriller, Action",Kuttii Kumar,"Nishanth Russo, Paul Michael, Cheran Raj, Lal",Antony Productions,01-06-2018,2018,6,Friday,105,0,0,0,0,0,0,2.088,0,0
487258,Marainthirunthu Paarkum Marmam Enna,A daring young man joins a gang that is behind chain-snatching crimes in the city. What's his game plan?,19,"Family, Crime, Romance",R. Rahesh,"Dhruva, Aishwarya Dutta, Anjena Kirti, Saranya Ponvannan, Manobala",Etcetera Entertainment,17-08-2018,2018,8,Friday,115,0,0,0,0,0,0,2.1465,6.1,9
617251,Vaanam Kottatum,"A simple father's life whose one mistake breaks him away from his dear family. Even after many years, when he finally meets his family, the same mistake haunts him back in a different form.",34,"Drama, Family",Dhana,"Vikram Prabhu, Madonna Sebastian, Aishwarya Rajesh, Shanthanu Bhagyaraj, R. Sarathkumar",Madras Talkies,07-02-2020,2020,2,Friday,138,0,0,0,0,0,0,2.094,6.4,7
411856,Thollaikatchi,"Thollaikatchi is an upcoming Tamil romantic comedy film directed by M.Sadiq Khan. The film stars Ashwin Kakumanu and Janani Iyer in lead roles with Subbu Panchu, Konjam Nadinga Boss fame Aadhavan, Manobala, Mayilsamy playing supporting roles. The soundtrack is composed by Dharan Kumar. The film is produced by Raja Bala Senthil, B. Kayalvizhi under Kayalaalaya Movies.",56,"Romance, Comedy",M. Sadiq Khan,"Ashwin Kakumanu, Janani Iyer, Subbu Panchu, Mayilsamy, Manobala",Kayalaalaya Movies,31-12-2018,2018,12,Monday,0,0,0,0,0,0,0,1.9551,0,0
1021760,Soppana Sundari,A young woman from a lower-middle class family wins a car in a lucky draw unaware of the trouble it's going to bring her.,24,"Comedy, Thriller, Crime",SG Charles,"Aishwarya Rajesh, Lakshmi Priyaa, Karunakaran, Deepa Shankar, Redin Kingsley",Hamsini Entertainment,14-04-2023,2023,4,Friday,117,0,0,0,0,0,0,1.9907,5.6,10
588280,July Kaatril,A happy-go-lucky youngster’s approach towards romance changes after he becomes close with three women in different phases of his life.,20,Romance,K. C. Sundaram,"Ananth Nag, Anju Kurian, Paloma Monnappa, Samyuktha, Sathish",Kaviya Entertainment,15-03-2019,2019,3,Friday,162,0,0,0,0,0,0,1.7913,0,0
411853,Thiri,"An engineering graduate with a loving family and a caring lover, decides to go against a vindictive politician and his son who threaten to hurt his loved ones.",28,"Thriller, Family, Action",Ashok Amritharaj,"Ashwin Kakumanu, Swathi Reddy, Jayaprakash, Karunakaran, Anupama Kumar",Sea Shore Gold Productions,14-07-2017,2017,7,Friday,150,0,0,0,0,0,0,2.0578,5,2
961413,Kuttram Kuttrame,"Kokila, a village girl and grieving mother, commits suicide and the investigation for this crime falls on two police officers, Nattraayan and Retired DSP Muthukaruppan.",25,"Action, Drama",Suseenthiran,"Jai Sampath, Dhivya Dhuraisamy, Bharathiraja, Smruthi Venkat, Harish Uthaman",D Company,14-04-2022,2022,4,Thursday,107,0,0,0,0,0,0,2.1535,6.3,3
1487142,Sirai,"As he transfers a young convict from prison to court, a police officer learns about the chain of events that led to the young man's conviction for violence.",28,"Drama, Romance",Suresh Rajakumari,"Vikram Prabhu, Lk Akshay Kumar, Anishma Anilkumar, Ananda Thambirajah, Remya Suresh",Seven Screen Studios,25-12-2025,2025,12,Thursday,124,0,0,0,0,0,0,1.9299,6.1,8
410331,Vada Chennai,"Anbu, a young carrom player in North Chennai becomes inadvertently involved in an ongoing conflict between two local gangsters.",19,"Action, Crime, Drama",Vetrimaaran,"Dhanush, Andrea Jeremiah, Ameer, Aishwarya Rajesh, Samuthirakani",Wunderbar Films,17-10-2018,2018,10,Wednesday,166,0,0,0,0,0,0,1.8375,7.809,110
280881,Ettuthikkum Madhayaanai,"A young man and his family move into a new town, but his cop-dad is one day, murdered by an unknown gang. Who is behind the killing and how is this connected to the murder of his childhood friend?",39,,K. S. Thangasamy,"Sathya, Sreemukhi, Sam Anderson, K. S. Thangasamy, Guhan Rajagopal",Raattinam Pictures,27-02-2015,2015,2,Friday,119,0,0,0,0,0,0,1.8765,5,1
1607621,Arjunan Per Paththu,"Arjunan, who witnessed his parents being killed by lightning in front of his eyes, cannot bear the shock and arrives in Chennai from his hometown Madurai. Arjunan, who joined a kayalang shop in Chennai, starts to love a woman. Before marrying that woman, he was a worker and wanted to become an entrepreneur. He gave away all the money he had saved up until then and bought an old Tata Ace and married the woman he loved. Arjuna happily starts driving the vehicle, thinking that his life has become as happy as he thought it would be. Arjuna, who has been facing constant problems with that old vehicle, realizes that he has been completely cheated in buying the vehicle. He brings together all those who have been affected like him and exposes all the frauds in buying and selling old vehicles, seeking justice for himself and all those who have been cheated like him.",154,"Crime, Drama",R Rajmohan,"Yogi Babu, Anamika Mahi, Madhan Kumar Dhakshinamoorthy, Kaali Venkat, Aruldoss",Unknown,17-07-2026,2026,7,Friday,0,0,0,0,0,0,0,2.1489,0,0
949590,Yutha Satham,"A young woman is murdered right in front of a police station. The inspector at the station suspects her boyfriend, a private detective, who claims he is innocent. Who killed the girl and why?",34,"Crime, Thriller",Ezhil,"Gautham Ram Karthik, R. Parthiban, Sai Priya Deva, Robo Shankar, Manobala",Kallal Global Entertainment,18-03-2022,2022,3,Friday,121,0,0,0,0,0,0,1.9748,6.5,2
504195,Traffic Ramasamy,"Social activist Traffic Ramasamy takes on the corrupt and powerful in his quest for justice. Can he succeed to bring them down, especially when they are keen to finish him off for good?",33,Drama,Vicky Anand,"S. A. Chandrasekhar, Prakash Raj, Rohini, Ambika, Manobala",Green Signal Production,22-06-2018,2018,6,Friday,119,0,0,0,0,0,0,2.0467,3,3
624124,Jada,"Jada is an upcoming Indian Tamil language sports drama film written and directed by Kumaran on his directorial debut. The film stars Kathir and newcomer Roshini in the lead roles, while Kishore and Yogi Babu play supporting roles.",38,Drama,Kumaran,"Kathir, Yogi Babu, Kishore, Roshini Prakash, Swathishta Krishnan",Unknown,06-12-2019,2019,12,Friday,132,0,0,0,0,0,0,1.6274,4,2
864210,Onbathu Kuzhi Sampath,"An angry extrovert hunk falls in love with a introvert village belle, and their love is tested with family pride and honour.",22,"Drama, Romance",Ja. Ragupathi,"Balaji Maharaja, Nikhila Vimal, Appukutty, Kadhal Thandapani, Suruli Manohar",Unknown,14-08-2020,2020,8,Friday,127,0,0,0,0,0,0,1.9734,6,1
800613,Sangathalaivan,A socialist takes on a ruthless factory owner after the latter murders his former employee.,15,Drama,Manimaran,"Samuthirakani, Ramya Subramanian, Karunas, Sunu Lakshmi, G. Marimuthu",Grass Root Film Company,26-02-2021,2021,2,Friday,125,0,0,0,0,0,0,2.0629,4,1
458928,Sathya,"An IT employee, who works in Australia, gets a call from his ex-lover, asking him to help her find her missing daughter. The former has a tough time ahead when he comes to know about some shocking revelations",38,"Thriller, Crime",Pradeep Krishnamoorthy,"Sibiraj, Remya Nambeesan, Varalaxmi Sarathkumar, Sathish, Anandaraj",Nathambal Film Factory,08-12-2017,2017,12,Friday,129,0,0,0,0,0,0,2.0085,6.1,7
410617,Achamindri,"A pickpocket, his girlfriend and a cop become the targets of an education racket. ​",15,"Romance, Action",Rajapandi,"Vijay Vasanth, Srushti Dange, Samuthirakani, Vidhya Pradeep, Saranya Ponvannan",Triple V Records,30-12-2016,2016,12,Friday,123,0,0,0,0,0,0,1.9128,7,1
717217,Yaadhumagi Nindraai,"This is based on several true stories that happen in the daily lives of background dancers. This is the first film in Tamil to give an insight into the lives of the background dancers and the dreams and aspirations they cherish. The film follows the story of a young school going girl, forced to take up dancing to make the ends meet for her family. Her dreams and aspirations are simple, but the realities of life is a lot more harsh than what one can imagine. This is a story that travels over 2 decades of the life of one such dancer Thamarai and the various people she meets and travels with. This is a story of hope, it's a story of a young girl, it's a story that has to be experienced to be cherished. It's a story that stays with you for a long time.",147,Drama,Gayathri Raguram,"Gayathri Raguram, Abhishek Vinod, Nivas Adithan, Latha Balakrishnan, Sindhu Krishnan",Suja Movies,19-06-2020,2020,6,Friday,122,0,0,0,0,0,0,1.7529,0,0
534275,Roja Maaligai,,0,"Drama, Thriller",Unknown,"Amaran, Soumiya, Aadukalam Naren, Nizhalgal Ravi",Unknown,06-07-2018,2018,7,Friday,103,0,0,0,0,0,0,1.9894,0,0
410190,Richie,"A journalist sets out to uncover the truth behind an incident, through the perspectives of different people, unraveling how they and their lives are intertwined with it.",27,"Action, Crime, Drama",Gautham Ramachandran,"Nivin Pauly, Shraddha Srinath, Natarajan Subramaniam, Lakshmi Priyaa, Bharat Raj",Yes Cinema Company,08-12-2017,2017,12,Friday,111,0,0,0,0,0,0,1.9445,4.1,7
534601,Ghora,"This horror movie revolves around six college friends, Anand, Sara, Radha, Vimal, Tharan and Laxmi. Despite having feelings for each other, Anand and Laxmi can't take their relationship further due to Laxmi's ex-boyfriend's interference. Hoping for Anand and Laxmi to work things out between them, their friends convince them to go on a road trip to a waterfall. The group of friends enjoy the trip at first but their lives are forever changed after returning from it because now they can feel the presence of a demon around them.",89,Horror,Devendran Arunasalam,"Karnan GCrak, Mugen Rao, Yasmin Nadiah, Sara Baskin, Velarasan",Algebra Films,28-06-2018,2018,6,Thursday,105,0,0,0,0,0,0,1.9771,0,0
567460,Maha,A mother who loses her child to psycho killer's killing spree goes in search for answers,16,"Crime, Mystery, Thriller",U.R. Jameel,"Hansika Motwani, Manasvi Kottachi, Silambarasan, Srikanth, Karunakaran",Etcetera Entertainment,22-07-2022,2022,7,Friday,109,0,0,0,0,0,0,2.0379,6,2
300983,Yennai Arindhaal,"Sathyadev, who is on a career break, is forced to put on his cop shoes ones again to save Thenmozhi, a young woman who is the target of a criminal organ harvesting group, led by a ghost from his past.",40,"Thriller, Action",Gautham Vasudev Menon,"Ajith Kumar, Arun Vijay, Anikha Surendran, Vivek, Anushka Shetty",Shri Sai Raam Creations,29-01-2015,2015,1,Thursday,176,659650000,1336000000,65.97,133.6,676350000,102.53,2.199,6.922,58
349198,Chandi Veeran,"A young man tries to make a case for his neighbouring village, which depends on his village for water. However, the men who call the shots in the place, especially the father of the girl he is in love with, will not give in that easily.",46,"Family, Comedy, Drama, Romance",A. Sarkunam,"Atharvaa Murali, Anandhi, Lal, Rajashree, Bose Venkat",B Studios,07-08-2015,2015,8,Friday,115,0,0,0,0,0,0,1.955,5.25,6
264054,Tamilselvanum Thaniyar Anjalum,"A criminal group wants to stop a courier that has damning evidence against them from reaching the hands of an activist, but they underestimate the young man who has to deliver the package",33,"Romance, Action",Prem Sai,"Jai Sampath, Yami Gautam Dhar, Santhanam, VTV Ganesh, Saranya Ponvannan",Photon Kathaas,05-08-2016,2016,8,Friday,112,0,0,0,0,0,0,1.7972,5,2
463958,Gulaebaghavali,"A don sends three criminals to recover a treasure buried by his grandfather in a village. A fourth criminal joins the trio en route, and they decide to hoodwink the don and share the treasure between themselves.",37,"Comedy, Romance",Kalyaan,"Prabhu Deva, Hansika Motwani, Revathi, Munishkanth, Sathyan Sivakumar",KJR Studios,12-01-2018,2018,1,Friday,129,0,0,0,0,0,0,1.8171,5.559,17
412582,Parandhu Sella Vaa,Tells the story of a young man who is settled in his job and is now going through the exciting journey of finding love.,24,"Drama, Romance",Dhanapal Padmanabhan,"Luthfudeen Baashaa, Aishwarya Rajesh, Narelle Kheng, Sathish, Karunakaran",8 Point Entertainment,09-12-2016,2016,12,Friday,144,0,0,0,0,0,0,2.0961,3,1
1435139,Aan Paavam Pollathathu,"A year into their marriage, unable to distinguish between toxicity and mere misunderstandings, Sakthi decides to part ways with Siva. The couple navigate their separation, and whether they ultimately proceed with divorce forms the emotional climax.",36,"Comedy, Romance, Drama",Kalaiarasan Thangavel,"Rio Raj, Malavika Manoj, Jenson Dhivakar, Vigneshkanth, Sheela Rajkumar",Drumsticks Productions,31-10-2025,2025,10,Friday,120,0,0,0,0,0,0,1.6797,5.4,7
370952,Jithan 2,A man buys a house only to realise that the place is haunted by a ghost that will not let him in peace.,23,"Horror, Thriller",Rahul Paramahamsa,"Jithan Ramesh, Srushti Dange, Yogi Babu, Karunas, Mayilsamy",RPM Cinemas,08-04-2016,2016,4,Friday,141,0,0,0,0,0,0,1.6378,2.3,3
1427157,My Lord,"A man and his wife battle bureaucracy after being wrongly declared dead, while he confronts a kidney trafficking ring connected to corrupt politicians that destroyed his life.",27,"Drama, Thriller",Raju Murugan,"M. Sasikumar, Chaithra J Achar, Guru Somasundaram, Asha Sarath, Jayaprakash",Olympia Movies,13-02-2026,2026,2,Friday,148,0,0,0,0,0,0,1.8521,6,1
1631856,Oh Butterfly!,"When a series of unfortunate coincidences involving a woman, her husband and her ex, culminates in a shocking death, her long-lost sister returns to redeem her.",26,"Thriller, Drama",Vijay Ranganathan,"Nivedhithaa Sathish, Ciby Bhuvana Chandran, Attul, Nassar, Lakshmi Priyaa",Unknown,06-03-2026,2026,3,Friday,131,27139754.5,0,2.71,0,0,0,1.995,0,0
1629469,Sweety Naughty Crazy,"Shiva, a charming college student juggling three different relationships. As he tries to keep them secret, love, lust, and chaos collide in a playful mix of adult humor, romance, and comedy.",31,"Romance, Comedy, Drama",Rajasekar G,"Thrigun, Iniya, Srijitha Ghosh, Radha, Thambi Ramaiah",Arun Visualz Productions,13-02-2026,2026,2,Friday,142,0,0,0,0,0,0,2.0832,0,0
1544326,Nooru Sami,"Selvi, a widowed mother, devotes her life to raising her two sons in a conservative village. Years later, unfulfilled life comes back into focus, challenging deep-rooted traditions. As family and society strongly oppose change, Selvi must choose between societal expectations and her own happiness.",44,"Drama, Family",Sasi,"Swasika, Vijay Antony, Lijomol Jose, Ajay Dhisan, Kavya Anil",Vijay Antony Film Corporation,19-06-2026,2026,6,Friday,131,0,0,0,0,0,0,1.7375,0,0
607280,Dhoni Kabadi Kuzhu,"A group of youngsters in a villagers who are crazy about cricket learn about the history of kabadi and take up the sport, but a rivalry with a neighbouring village poses a life-threatening challenge.",34,Drama,Ayyappan,"Abhilash, Leema Babu, Thenali, Pugazh",Unknown,07-12-2018,2018,12,Friday,120,0,0,0,0,0,0,1.9198,0,0
462654,Rubaai,Two lorry driver friends escapes to Chennai afraid of a loan shark and they try to earn quick money to settle the loan they borrowed. Quick money comes along with the trouble. How they handled that trouble? and how they settled the money?,43,"Thriller, Romance, Action",M. Anbazhagan,"Chandran, Anandhi, Harish Uthaman, M. S. Bhaskar, G. Marimuthu",God Pictures,14-07-2017,2017,7,Friday,119,0,0,0,0,0,0,1.8336,6.7,3
525668,Sughamaai Subbulakshmi,"The story revolves around people's dilemma and their choice to go for love or for their ambitions. Taking place in different ages, the lead characters will come to understand the meaning of love, friendship and dreams to achieve their life goals.",41,"Comedy, Drama, Romance",Karthik Shamalan,"Saresh D7, Punitah Shanmugam, Bhagya Arivuckarasu, Kuben Mahadevan, Karnan GCrak",MA Productions House,17-05-2018,2018,5,Thursday,145,0,0,0,0,0,0,1.9355,0,0
841829,First Nights,A narrative 4-chapter anthology featuring 7 couples with one backdrop - their first night of marriage.,16,"Comedy, Drama, Romance",Jack Prabhu,"Anusha Prabhu, Kalaiyarasan R, Ramya Nivas, Pradeep V, Santoshh KK",Unknown,04-06-2021,2021,6,Friday,106,0,0,0,0,0,0,1.6665,0,0
858082,Ponniyin Selvan: Part II,"968 AD. The Pandyan assassins gather once again to destroy the Chola dynasty. Now the mighty Chola princes must fight the Pandyas, the Rashtrakutas and other Chola enemies who have joined forces. Also, at play are the rumours of Ponniyin Selvan’s death at sea, the powerful Pazhuvettarayar’s betrayal, and the tragic destiny of Aditha Karikalan, whose heart was long lost to the vengeful Nandini.",64,"Action, Adventure, History, Drama",Mani Ratnam,"Vikram, Aishwarya Rai Bachchan, Ravi Mohan, Karthi, Trisha Krishnan",Madras Talkies,28-04-2023,2023,4,Friday,164,2463250000,3340000000,246.32,334,876750000,35.59,1.813,6.2,63
453547,Senjittale En Kadhala,"A guy who is dejected following a breakup with his girlfriend goes missing, and his family and friends launch a frantic search fearing the worst...",25,"Drama, Romance",Ezhil Durai,"Ezhil Durai, Madhumila, Abhinaya, Mime Gopi, Arjunan Nandakumar",SB Entertainment,07-04-2017,2017,4,Friday,106,0,0,0,0,0,0,1.9599,0,0
998975,Battery,"Pugazh, a rookie cop earns an immediate disliking from his higher official Inspector Rathnam because of his brilliance in handling the case. Inspector Rathnam is killed by a masked man who shoves expired batteries into his mouth.  A medical industrialist is also done away in the same way. Who is the murderer using the unusual method and why he is doing it and whether he gets caught or not?",69,"Crime, Thriller",S. Mani Bharathy,"Senguttuvan, Ammu Abhirami, Rajkumar, Yog Jappie, Deepak Shetty",Unknown,29-07-2022,2022,7,Friday,120,0,0,0,0,0,0,1.8326,4.5,2
574830,Gypsy,A young man travels across India and on his way he learns about the issues connected to nation-wide politics which urges him to do something about it.,27,"Adventure, Drama",Raju Murugan,"Jiiva, Natasha Singh, Sunny Wayne, Lal Jose, Susheela Raman",Olympia Movies,06-03-2020,2020,3,Friday,154,0,0,0,0,0,0,1.9485,5.7,10
391102,Adra Machan Visilu,Three good-for-nothing young men whose lives revolve around their favourite movie star decide to teach their idol a lesson when they realise that he doesn't care a damn about his fans.,31,"Romance, Comedy",Thiraivannan,"Shiva, Naina Sarwar, Powerstar Srinivasan, Sentrayan, Singamuthu",Arasu Films,07-07-2016,2016,7,Thursday,129,0,0,0,0,0,0,1.6117,1.5,2
410482,Savarakathi,"A barber has a skirmish with a gangster on the road, and this encounter results in him running all over the city to save himself.",25,"Drama, Family",G. R. Adithya,"Ram, Poorna, Mysskin, Shaji Chen, Nassar",Lone Wolf Productions,09-02-2018,2018,2,Friday,114,0,0,0,0,0,0,2.083,5.4,10
414193,Vellikizhamai 13am Thethi,It is a thriller comedy that deals with the day Friday the 13th which many believe to be a horrifying one. This movie revolves around the 13 ghosts who try to stop the lead actor`s marriage on a Friday the 13th.,41,"Comedy, Horror",Pugalmani Kannan,"M. S. Bhaskar, Livingston, Suza Kumar, Vaiyapuri, Nirosha",Govindha Studios,29-07-2016,2016,7,Friday,128,0,0,0,0,0,0,1.8333,0,0
800383,Beast,"A former RAW officer, who is among the hostages in a mall taken over by terrorists, has to foil their plans and prevent the government from releasing a dreaded terrorist, who he had helped put in prison at great personal cost.",41,"Action, Adventure, Thriller",Nelson Dilipkumar,"Vijay, Pooja Hegde, Selvaraghavan, Shine Tom Chacko, Yogi Babu",Sun Pictures,12-04-2022,2022,4,Tuesday,155,1649208083,0,164.92,0,0,0,1.8458,5.229,85
356517,Adhibar,"An NRI comes to Chennai and starts a real estate business. Even as his venture picks up, he learns that he is being cheated by a person he trusts the most and is jailed for fraud. How does he get out the web of deceit?",45,,Surya Prakash,"Jeevan, Vidhya Pradeep, Nandha, Richard Rishi, Samuthirakani",Unknown,28-08-2015,2015,8,Friday,0,0,0,0,0,0,0,2.0284,3.7,3
591108,Theal,"A woman walks into the life of a debt collector, who works for a loan shark, claiming to be his mother. He tries to turn over a new leaf moved by her affection, but can he do so after having ruined the lives of so many people?",47,"Action, Thriller",Harikumar,"Prabhu Deva, Samyuktha Hegde, Easwari Rao, Yogi Babu, Arjai",Studio Green,14-01-2022,2022,1,Friday,115,0,0,0,0,0,0,2.0124,6,1
585248,Thirumanam,"A couple who is in love convinces their respective families about their plans to lead life together. However, they realise that both the families are poles apart when they start the wedding preparations.",33,"Romance, Drama",Cheran,"Cheran, Kavya Suresh, Umapathy Ramaiah, Anupama Kumar, Balasaravanan",Preniss International,01-03-2019,2019,3,Friday,156,0,0,0,0,0,0,1.7571,6.3,3
272676,Vaaimai,"A judge decides to bring back the jury system to decide if a woman, who is alleged to have helped her son in assassinating a Gandhian leader, should be hanged or walk free.",33,,A. Senthil Kumar,"Shanthanu Bhagyaraj, Prithvi Pandiarajan, Manoj Bharathiraja, Thyagarajan, Ramki",Min Max Movies,09-09-2016,2016,9,Friday,95,0,0,0,0,0,0,1.878,3,1
483701,Kalathur Gramam,"A devastated youngster awaits a chance to take revenge on his father's murderer, who is seen as a leader in a village.",22,"Thriller, Drama",Saran K. Advaithan,"Kishore, Yagna Shetty, Sulile Kumar, Ajay Rathnam",A R Movie Paradise,27-10-2017,2017,10,Friday,142,0,0,0,0,0,0,1.8773,10,1
1310458,Saayavanam,"Sita tries to live an honest and truthful life following all religious and social norms of her upbringing while unraveling the true agenda of men around her. In this process, she emerges victorious as a strong and brave woman.",39,"Thriller, Drama",Anil Kumar,"Santhosh Damodharan, Soundara Raja, Devananda Shajilal, Appukutty, Janaki Jayaraman",Damor Cinema,19-12-2025,2025,12,Friday,120,30339808.5,0,3.03,0,0,0,1.6128,0,0
422285,Kallatam,"When the money needed for his daughter's operation is stolen, a desperate father seeks the help of an honest cop who tries to catch the criminals, retrieve the amount and in the process, save the girl.",36,"Thriller, Action",G. Ramesh,"Nandha, Richard Rishi, Ilavarasu, Kumar Natarajan",White Horse Productions,30-09-2016,2016,9,Friday,97,0,0,0,0,0,0,1.7462,7,2
935552,Anbulla Ghilli,"Ghilli, a dog, navigates through several challenges and experiences with his owner as both of them attempt to win the hearts of their lovers.",24,"Adventure, Family",Srinath Ramalingam,"Maithreya Rajasekar, Soori, Dushara Vijayan, Chandhini Tamilarasan, Ilavarasu",Unknown,06-02-2022,2022,2,Sunday,114,0,0,0,0,0,0,1.9047,0,0
1314279,Hi,,0,"Romance, Drama",Vishnu Edavan,"Kavin Raj, Nayanthara, K. Bhagyaraj, Prabhu, Radhika Sarathkumar",Seven Screen Studios,14-08-2026,2026,8,Friday,184,0,0,0,0,0,0,1.812,0,0
1575753,Battle,"Born mute until the age of ten, a boy rises to fame as a celebrated Rap singer, but the trials of love, fame, and social conflict lead him into turmoil and push him to the edge, until he discovers the true soul and purpose of his art.",47,"Drama, Romance",Narayanan,"Arjun Anbudan, Aradhya, Subramaniam Siva, Munishkanth, Saravana Subbiah",Elite Talkies,24-04-2026,2026,4,Friday,127,0,0,0,0,0,0,2.0214,0,0
974756,Kaari,"Kaari revolves around the life of a horse jockey in Chennai and how fate brings him to a small village in Ramanad district, who is about to witness the cruelty of money and power.",34,"Action, Family",M Hemanth,"M. Sasikumar, Parvathy Arun, Aadukalam Naren, J. D. Chakravarthi, Balaji Sakthivel",Prince Pictures,25-11-2022,2022,11,Friday,142,0,0,0,0,0,0,2.3616,0,0
1005185,R23 Criminal's Diary,A journalist surrenders himself stating that he has committed a murder of a girl who loved him. Three timelines and seven people who are involved in this mysterious case will convey the journalist is not guilty in the eyes of justice.,41,"Horror, Thriller",Goutham Raghavendra,"Yashika Anand, Pavithra Lakshmi, Imman Annachi, Jega, Rakesh sethu",Rascal Picturez,17-12-2021,2021,12,Friday,111,0,0,0,0,0,0,1.6416,0,0
610265,E.P.Co 302,,0,Drama,Salangai Durai,"Kasturi Shankar, Honey Rose, Rabin Prabhu, NagaSakthi, Vaiyapuri",Unknown,31-12-2021,2021,12,Friday,129,0,0,0,0,0,0,1.7188,0,0
1660940,Nee Forever,A Gen Z couple meets via dating app. Their relationship unfolds with unexpected consequences.,14,"Drama, Romance",Ashok Kumar Kalaivani,"chella, Sudharshan Govind, Y. G. Mahendran, Archana Ravi, Nizhalgal Ravi",Zhen Studios,27-03-2026,2026,3,Friday,133,0,0,0,0,0,0,1.8659,0,0
492419,Maniyaar Kudumbam,"A father and son, who hail from a respectable family, borrow huge sum from villagers to start a business. They face the wrath of villagers when they lose the money",30,"Comedy, Romance",Thambi Ramaiah,"Umapathy Ramaiah, Mrudula Murali, Thambi Ramaiah, Jayaprakash, Radha Ravi",Unknown,13-04-2018,2018,4,Friday,128,0,0,0,0,0,0,1.6731,3,2
877832,Pei Mama,A family of low-level crooks is mistaken for ghostbusters and asked to get rid of the ghosts haunting a bungalow.,20,"Comedy, Horror",Sakthi Chidambaram,"Yogi Babu, Rajendran, Malavika Menon, M. S. Bhaskar, Rekha",Unknown,24-09-2021,2021,9,Friday,134,0,0,0,0,0,0,1.8208,0,0
589703,Neerthirai,"A drama film directed by PS Dharan, starring Nasser and Thalaivasal Vijay in the lead roles.",16,Drama,P. S. Dharan,"Nassar, Thalaivasal Vijay, Ashwin Kakumanu, Babloo Prithiveeraj, Bala Singh",N Media,22-03-2019,2019,3,Friday,122,0,0,0,0,0,0,1.6629,7,1
349197,Uppu Karuvadu,"A struggling filmmaker agrees to make a film for a big shot, accepting the latter's condition that he cast his daughter as the heroine.",24,"Comedy, Drama",Radha Mohan,"Karunakaran, Nandita Swetha, Java Sundaresan, Elango Kumaravel, M. S. Bhaskar",Auraa Cinemas,27-11-2015,2015,11,Friday,142,0,0,0,0,0,0,2.0722,5.9,4
541791,Velvet Nagaram,Two women go down the rabbit hole to investigate the murder of their best friend and solve the mystery behind her death.,22,Thriller,Manoj Kumar Natarajan,"Varalaxmi Sarathkumar, Ramesh Thilak, Arjai, Maalavika Sundar, Kasturi Shankar",Makers Studio,06-03-2020,2020,3,Friday,102,0,0,0,0,0,0,1.8389,5,2
349204,Naan Thaan Siva,"Naan Thaan Siva is an upcoming Tamil thriller film directed by R. Panneerselvam and produced by Thirupathi Brothers. The film features newcomer Vinod and Ashrita Shetty in the leading roles, while Prashant Narayanan portrays the antagonist. The film began production in September 2013",43,,R. Panneerselvam,"Ashrita Shetty, Prashant Narayanan",Thirupathi Brothers,31-12-2016,2016,12,Saturday,0,0,0,0,0,0,0,1.8114,0,0
919313,Naan Mirugamaai Maara,"Bhoomi, a sound engineer who finds his life as a puzzle when his brother is killed by few gangsters in the city. As Bhoomi decides to take revenge, his life as a common man changes entirely and starts affecting his family big time. Can he protect his family members against all odds?",52,"Crime, Action, Drama",Sathyasiva,"M. Sasikumar, Hariprriya, Vikranth, Madhusudhan Rao, Sarath Kumar",Chendur Film International,18-11-2022,2022,11,Friday,128,0,0,0,0,0,0,1.8838,0,0
615856,Unarvu,"A social worker, who aspires to make India a beggar-free country, faces threats from several quarters.",16,,Subu,"Suman Talwar, Kottachi, Arul D. Shankar, Ankita Navya, Venkat Sundar",Unknown,19-07-2019,2019,7,Friday,118,0,0,0,0,0,0,1.9407,0,0
1578379,Iravin Vizhigal,"This World is Sleeping in the Darkness of Websites.in Such a Situation, the Direction of One's Life Changes...i Can't Bear It. The Story is What He Wakes Up Like the Eyes of the Night to Correct This World That is Sleeping on the Web in That Anger.",47,Thriller,Sikkal Rajesh,"Mahendraa, Neema Rai, Nizhalgal Ravi, Sikkal Rajesh, Scissor Manogar",Mahendhra Film Factory,21-11-2025,2025,11,Friday,0,0,0,0,0,0,0,1.6025,0,0
1626806,Seyon,,0,"Fantasy, Drama",Sivakumar Murugesan,"Sivakarthikeyan, Bhagyashri Borse, Raj B Shetty, Balasaravanan, Aruldoss",Raajkamal Films International,16-10-2026,2026,10,Friday,0,0,0,0,0,0,0,1.5423,0,0
417141,Uchathula Shiva,A happy-go-lucky taxi driver gets unexpectedly entangled in a series of problems when he encounters a girl who is on the run for her life.,25,"Drama, Action, Comedy",Jaypee,"Karan, Neha Ratnakaran, Aadukalam Naren, Ramesh Khanna, Ilavarasu",K Entertainnments,16-09-2016,2016,9,Friday,126,0,0,0,0,0,0,1.67,3,1
429548,Ilami,"Two villages which are at loggerheads over a deity decide to sort the issue out by holding a Jallikattu event, and this decision puts a romance hanging in the balance.",30,,Unknown,"Kishore, Anu Krishna, Ravi Mariya, Akhil, Vellaiyandi",Unknown,25-11-2016,2016,11,Friday,0,0,0,0,0,0,0,1.897,0,0
270776,Iruvar Ullam,Story about a IT professional settled in US and married to an Indian girl. After marriage both living a happily ever after life but things changed when his ex-fiancé ruined his marriage life.,33,Family,G. Ramesh,"Vinay Rai, Payal Rajput, Archana Gupta, Sathyan Sivakumar, Rishi",Zero Rules Entertainment,16-09-2016,2016,9,Friday,119,0,0,0,0,0,0,1.8681,10,1
1562299,Parrisu,Parrisu is a tamil movie starring Jaanvekaa Subramaniam and Kiran Pradeep  in prominent roles. It is directed by Kala Alluri.,20,Drama,Kala Alluri,"Jaanvekaa Subramaniam, Kiran Pradeep, Jai Bala, Sachu, Aadukalam Naren",Sri Kala Creationss,07-11-2025,2025,11,Friday,0,0,0,0,0,0,0,1.9697,0,0
1259024,Good Bad Ugly,"AK, a powerful gangster, surrenders to the police, in hopes that his wife and son will live a peaceful life. When he is released 17 years later, he learns that his son is falsely accused of serious crimes. To protect him, he is forced to go back to his old ways, facing enemies, both old and new.",57,"Action, Crime, Comedy",Adhik Ravichandran,"Ajith Kumar, Trisha Krishnan, Arjun Das, Sunil Varma, Prabhu",Mythri Movie Makers,09-04-2025,2025,4,Wednesday,139,2546750000,2254500000,254.68,225.45,-292250000,-11.48,1.7584,5.948,29
1040160,D3,"Vikram, an inspector from Kutralam, stumbles upon a string of bizarre accidents that all seem to follow a strange pattern. But as he digs deeper, he uncovers a medical crime that sends shockwaves through the place.",36,"Crime, Thriller",Balaaji,"Prajin Padmanabhan, Vidhya Pradeep, Charle, Rahul Madhav, Mathew Varghese",Bmass Entertainment,17-03-2023,2023,3,Friday,126,0,0,0,0,0,0,2.0924,0,0
586659,Kuttram Seiyel,"A police officer is determined to take down a gangster, who is extorting money from the businesses in the city and kills anyone against him. Things worsen when a group of college students who are interested in the case start doing their own research into it.",46,"Crime, Action, Thriller",Bharathirajaa,"Bose Venkat, Dr S Selvamuthu, Sonia Bose Venkat, KPY Dheena, Vijith",Unknown,07-03-2019,2019,3,Thursday,115,0,0,0,0,0,0,1.7223,0,0
263482,Vaarayo Vennilave,Tamil romantic film.,3,Romance,R Sasidharan,"V R Dinesh, Sanyathara, Kavya Shetty, Thambi Ramaiah, Aadukalam Murugadoss",Abhishek Films,11-11-2016,2016,11,Friday,0,0,0,0,0,0,0,1.9153,0,0
901225,Veerapandiyapuram,An orphan murders his girlfriend's father and his brothers. What made him seek out this bloody revenge?,17,"Action, Drama",Suseenthiran,"Jai Sampath, Meenakshi Govindarajan, Aakanksha Singh, Kaali Venkat, Jayaprakash",Lendi Studios,17-02-2022,2022,2,Thursday,119,0,0,0,0,0,0,1.8357,7,1
469240,Sigai,A pimp must investigate the sudden disappearance of his network’s most demanded prostitute.,13,"Drama, Thriller",Jagadeesan Subu,"Kathir, Riythvika, Mayilsamy, Bharat Raj, Meera Nair",Divine Studios,09-01-2019,2019,1,Wednesday,102,0,0,0,0,0,0,1.9239,5.7,3
639749,Bow Bow,"Sanju, a little boy, adopts different methods to train his lazy dog. His world, however, comes crashing down when he loses the dog.",23,Drama,S. Pradeep Kilikar,Master Ahaan,Unknown,18-10-2019,2019,10,Friday,110,0,0,0,0,0,0,2.0286,0,0
1167842,Rangoli,A School Boy Frequently Overcomes Uncertain Issues. Later Realize His Family Struggles Because of Him.,15,"Family, Drama, Romance",Vaali Mohan Das,"Hamaresh, Aadukalam Murugadoss, Prarthana Sandeep, Saishri Prabhakaran, Akshaya Hariharan",Gopuram Studios,01-09-2023,2023,9,Friday,129,20091185.5,0,2.01,0,0,0,1.9785,7,0
391616,Enakku Innoru Per Irukku,The film is an action entertainer where G V Prakash will be seen in the role of an auto rickshaw driver named Johnny.,23,"Drama, Comedy, Romance",Sam Anton,"G. V. Prakash Kumar, Anandhi, Nirosha, Saravanan, Charle",Lyca Productions,17-06-2016,2016,6,Friday,132,0,0,0,0,0,0,2.0277,4.7,6
972874,Burqa,"Najma struggles with grief and confinement during her 'iddah after her husband's sudden death, until an encounter with a dying man named Surya leads to a powerful moment of self-discovery and liberation. The conversation between Surya and Najma, forms an emotional journey of finding hope and breaking the barriers.",49,Drama,K. M. Sarjun,"Kalaiyarasan, Mirnaa, G. M. Kumar, Suriya Narayanan",Madras Stories LLP,07-04-2023,2023,4,Friday,82,0,0,0,0,0,0,2.0574,4.5,4
1314278,Mask,"440 crores stolen. Seven days to get it back. A game of greed, betrayal and intrigue culminates in an explosive climax in this story of a greedy man, a conniving woman and an uncanny guy with a bag full of tricks.",41,"Comedy, Crime, Thriller, Drama",Vikranan Ashok,"Kavin Raj, Andrea Jeremiah, Charle, Venkat Senguttuvan, Ruhani Sharma",Black Madras Films,21-11-2025,2025,11,Friday,127,0,0,0,0,0,0,1.5668,6.8,4
520898,Jhangri,The journey of Vikran trying to win the heart of Jaanu whom he was supposed to get arranged marriage with but got rejected due to an unexplained reason. When he got to know the reason behind the rejection the story takes a sharp right turn from being romantic comedy to a suspense action movie.,54,"Comedy, Romance, Thriller",Kabilan Plondran,"Vicran Elanggoven, Agalyah Maniam, Kuben Mahadevan, Daview Puvanan, K. Karnan",Jhangri Production,09-11-2017,2017,11,Thursday,0,0,0,0,0,0,0,2.0163,0,0
1592043,Mahasenha,"Mahasenha is a mythological jungle thriller set in the mystichills of Kurangani, where an ancient Yaali sculpture, worshipped by the tribal villagers as a divine protector, becomes the center of a high-stakes conflict. The film delivers a powerful message : Faith is not just belief-its protection.",46,"Adventure, Action",Dinesh Kalaiselvan,"Vimal, Srushti Dange, Yogi Babu, John Vijay, Kabir Duhan Singh",Marudham Productions (IN),12-12-2025,2025,12,Friday,133,0,0,0,0,0,0,1.8065,0,0
372402,Enkitta Mothathe,Two cut-out artists who idolize Tamil Superstar's Rajinikanth and Kamal Hassan face a challenge in the form of a bigwig who challenges them.,23,"Action, Drama",Ramu Chellappa,"Natarajan Subramaniam, Parvatii Nair, Sanchita Shetty, Radha Ravi, Rajaji Manickam",RV Films,24-03-2017,2017,3,Friday,128,0,0,0,0,0,0,1.9572,3.5,2
622792,Kanguva,"A bounty hunter in present day, learns about his previous life as a legendary warrior, when fate unites him with a mutant kid.",23,"Action, Thriller, Fantasy",Siva,"Suriya, Karthi, Bobby Deol, Disha Patani, Yogi Babu",UV Creations,14-11-2024,2024,11,Thursday,154,3143524500,992147000,314.35,99.21,-2151377500,-68.44,1.6967,3.621,29
371097,Enakku Veru Engum Kilaigal Kidayathu,"On a pleasure trip, Krishnan, who rents out caravan for film shoots, saves a couple on the run and takes it on himself to get them married.",27,"Drama, Comedy",Ganapathy Balamurugan,"Goundamani, Sana, Soundara Raja, Riythvika, Velmurugan",Jayaram Productions,26-08-2016,2016,8,Friday,123,0,0,0,0,0,0,1.6828,6.7,3
1536911,Carmeni Selvam,A content man's life turns chaotic when money fever strikes. His newfound greed leads to a series of amusing situations that unfold in this humorous tale.,26,"Drama, Comedy",Ram chakri,"Samuthirakani, Gautham Vasudev Menon, Lakshmi Priyaa, Abhinaya, Badava Gopi",Pathway production,03-04-2026,2026,4,Friday,144,0,0,0,0,0,0,1.7864,0,0
416358,Andhra Mess,"Four criminals abscond with the money that they have stolen on a job, and end up in a remote village. Meanwhile, the gangster under whom they work is trying to trace their whereabouts.",33,"Thriller, Action",Jai,"Bharat Raj, Thejaswini, Pooja Devariya, Mathivanan Rajendran, Amarendran Ramanan",Showboat Studios,22-06-2018,2018,6,Friday,103,0,0,0,0,0,0,1.8847,3.3,3
367981,Viraivil Isai,"Susi and Ram are roommates who aspire to enter the film industry. Just when they find a producer and are about to start shoot, they become involved in murder!",29,Drama,V S Prabha,"Dhilip Roger, Sonu Gowda, Sanjay Shankar, Delhi Ganesh, Shantharaj",Unknown,30-10-2015,2015,10,Friday,0,0,0,0,0,0,0,1.8014,0,0
591068,Saaral,"A romantic film directed by DRL, starring Azhar and Sri Priyanka in the lead roles.",15,"Drama, Romance",DRL,"Azhar, Sri Priyanka, Kadhal Sukumar, Powerstar Srinivasan",Rainbow Movie Makers,22-03-2019,2019,3,Friday,110,0,0,0,0,0,0,1.7852,0,0
461693,Silukkuvarupatti Singam,A constable who prefers to mind his own business gets into a situation where he has to hide from a most-wanted gangster.,22,"Action, Comedy",Chella Ayyavu,"Vishnu Vishal, Regena Cassandrra, Oviya Helen, Karunakaran, Yogi Babu",Vishnu Vishal Studioz,21-12-2018,2018,12,Friday,134,0,0,0,0,0,0,1.8195,4.765,17
1008285,My Dear Lisa,"In a remote locality, A spirit is out to seek revenge. During the run, a lot of deaths happen around. Can the revenge be fulfilled or will the spirit be captured?",31,"Horror, Thriller",Ranjan Krishnadevan,"Vijay Vasanth, Chandhini Tamilarasan, Leesha Eclairs, Aadukalam Naren, Singampuli",Srinidhi Films,05-08-2022,2022,8,Friday,108,0,0,0,0,0,0,1.7985,0,0
877600,Cinderella,"Akira and her band as they go into the dense forest to research on the sounds of nature. Akira celebrates her birthday there with her band mates and receives a gift of a beautiful Cinderella gown. But when she wears the gown, her behavior starts to change, as if she has been possessed.",53,"Horror, Thriller",Vinoo Venketesh,"Raai Laxmi, Sakshi Agarwal, Kalloori Vinoth, Robo Shankar, Anbu Thasan",SSI,24-09-2021,2021,9,Friday,122,0,0,0,0,0,0,1.8013,1.5,2
370794,Ennul Aayiram,"The life of a young, happy-go-lucky bartender turns topsy-turvy when he encounters two girls in his life at different times.",20,"Drama, Romance",Krishna Kumar,"Mahadevan Ganesh, Mareena Michael, Vincent Asokan, R.S. Shivaji",Om Ganesh Creations,22-04-2016,2016,4,Friday,138,0,0,0,0,0,0,1.7041,3.5,2
1136423,Meiyazhagan,"Twenty-two years after losing his home, Arulmozhi Varman returns to his native Thanjavur to attend his cousin's wedding. Amidst the celebrations, Arul is reintroduced to an upbeat man whom he cannot recall. With the help of the unknown man, Arul reconnects with his past.",44,"Family, Drama",C. Prem Kumar,"Arvind Swamy, Karthi, Rajkiran, Jayaprakash, Sri Divya",2D Entertainment,27-09-2024,2024,9,Friday,177,0,0,0,0,0,0,1.4481,8.105,57
369940,Pugazh,"Pugazh, a young man, fights against a corrupt politician who wants to acquire the playground of his area, which he and his friends use for sports activities.",27,"Romance, Action, Drama",Manimaran,"Jai Sampath, Surbhi, Karunas, RJ Balaji, G. Marimuthu",Radiance Media,18-03-2016,2016,3,Friday,126,0,0,0,0,0,0,1.8048,4.8,3
1357713,Kudumbasthan,"Naveen's relationship with his parents becomes strained after he marries a oppressed-caste girl. Though they eventually reconcile, his sudden unemployment puts him in a difficult position. As financial pressures mount, Naveen must navigate societal challenges and personal struggles to regain stability and rebuild harmony within his middle-class family.",48,"Family, Drama, Comedy",Rajeshwar Kalisamy,"Manikandan, Saanve Meghana, Guru Somasundaram, Sundarrajan, Nivedita Rajappan",Cinemakaaran Productions,24-01-2025,2025,1,Friday,153,0,0,0,0,0,0,1.7073,7.2,10
529645,Tharisu Nilam,"Tharisu Nilam is a Tamil movie released on 10 Nov, 2017. The movie is directed by T. Rangarajan.",18,,Unknown,Kovai Senthil,Unknown,10-11-2017,2017,11,Friday,0,0,0,0,0,0,0,1.6836,0,0
280170,Sivappu,"Konaar, the in-charge at a construction, takes in Sri Lankan refugees who have escaped from their welfare camp. Pandiyan, a worker, falls in love with Parvathy, a refugee. The couple elopes and Konaar seeks the help of a minister to unite them. But, the politician sees this incident as his only chance to win an election",56,Romance,Sathyashiva,"Naveen Chandra, Rupa Manjari, Rajkiran, Thambi Ramaiah, A. Venkatesh",SG Films Pvt Ltd,16-10-2015,2015,10,Friday,0,0,0,0,0,0,0,1.8274,5,2
1143649,ini,"""ini..."" is a harmony that takes an ample time to settle in a rhythm of its own whereas we the audience are mere witnesses.",24,"Comedy, Romance",Surya Bharathi A A,"Abdool Lee, Sana, Surya Bharathi A A",Idly upma originals,06-11-2020,2020,11,Friday,18,41750,0,0,0,0,0,1.9235,0,0
477239,Valladesam,A woman is shot at and her daughter kidnapped by an international gang of arms dealer. Who is this woman and how does she fight back to save her daughter — and her nation?,34,"Action, Crime, Thriller",N. T. Nantha,"Anu Hasan, Kumud Pant, Atul Sharma, Nassar, Bala Singh",Lakxshanna Pictures,22-09-2017,2017,9,Friday,134,0,0,0,0,0,0,1.6157,8.5,6
658032,Chasing,A cop from Chennai sets out to nab a dreaded drug racket based out of Malaysia.,16,"Crime, Action",K. Veerakumar,"Varalaxmi Sarathkumar, Balasaravanan, Imman Annachi, Super Subbarayan, Mathialagan Muniandy",Unknown,16-04-2021,2021,4,Friday,116,0,0,0,0,0,0,1.7809,9,1
280149,Valiyavan,"Subhiksha tells Vinod, the guy who is wooing her, that she will say 'yes' to him if he beats up an international boxer. Why does she say so, and what does the boxer have to do with Vinod?",38,"Romance, Action",M. Saravanan,"Jai Sampath, Andrea Jeremiah, N. Azhagamperumal, Anupama Kumar, Balasaravanan",SK Studios,27-03-2015,2015,3,Friday,139,0,0,0,0,0,0,1.8723,3.8,8
1057030,Adai Mazhai Kaalam,"After a karmic blunder, a man is given a second chance at life by a kindly cupid. Next, he must learn to live in the now by opening his heart to love.",32,"Drama, Romance",Karthik Shamalan,"Loga Varman Strideran, Thia Lakshana, Jaykishen, Evarani, K. S. Maniam",Poketplay Sdn. Bhd,26-01-2023,2023,1,Thursday,145,0,0,0,0,0,0,2.1265,8,1
888425,The Way To Be,"Three young men, hailing from different social backgrounds with different vistas and predilections on a single mission is the situation pursued by 'The Way To Be'.  Through a non-linear treatment, the pursuit brings forth how an indigenous tribe that preserves and practices a primitive method of gold mining, can trigger a violent chain reaction of events that are both unconnected and connected.",62,,Sreekrishnan Kp,"Kannan Unni, Yama",Unknown,22-10-2021,2021,10,Friday,72,0,0,0,0,0,0,1.5804,0,0
973190,Mustafa Mustafa,"A viral social media clip ruins a man's reputation. Despite his claims it is fake, chaos ensues through white lies and misunderstandings, testing the trust of his friends and his lover.",31,"Comedy, Drama",Praveen Saravanan,"Sathish, Suresh Ravi, Monica Chinnakotla, Maanasa Chaudhary, Aishwarya Dutta",The Mapogos Company,06-03-2026,2026,3,Friday,108,0,0,0,0,0,0,1.8302,0,0
1404000,Macai,"A drug dealer finds himself in hot water when the merchandise he’s carrying for a local kingpin is lost. Fearing his vicious boss’ retribution, he sets off to make amends, in a visceral, kinetic film that knowingly plays with genre conventions.",41,"Crime, Thriller",Shanjhey Kumar Perumal,"Karnan Kanapathy, Kuben Mahadevan, Irfan Zaini, Fabian Loo, Subashini",Skyzen Studios,13-11-2025,2025,11,Thursday,105,0,0,0,0,0,0,1.3551,0,0
592892,Ganesha Meendum Santhippom,A youngster moves to a big city to earn money to save his lover whose life is in danger.,19,"Comedy, Drama",Ratheesh Erate,"Prithvi Pandiarajan, Devika Nambiar, Oviya Helen, Singampuli, I. M. Vijayan",Harigeetha Pictures,05-04-2019,2019,4,Friday,119,0,0,0,0,0,0,1.828,6,1
610263,Mosadi,A team of cops are after a gang of conmen who cheated several people in different ways.,17,"Drama, Thriller",K. Jagatheesan,"Viju Iyyapasamie, Pallavi Dora",JCS Movies,21-06-2019,2019,6,Friday,129,0,0,0,0,0,0,2.0102,0,0
463486,Arasakulam,"Arasakulam a romantic thriller film directed by Kumar Maran, starring Rathan Mouli and Nayana Nair in the lead roles.",19,"Romance, Action",Kumar Maran,"Rathan Mouli, Nayana, Raja Simman, Rajashree",Unknown,31-03-2017,2017,3,Friday,122,0,0,0,0,0,0,1.8294,0,0
423191,Aruvi,A gentle girl born and brought up amidst the ever growing eco-social-consumeristic environment finds it difficult to fit in the society. She decides to take it hard on the people.,30,Drama,Arun Prabu Purushothaman,"Aditi Balan, Shwetha Shekar, Lakshmi Gopalaswamy, Mohammad Ali Baig, Kavitha Bharathi",Dream Warrior Pictures,15-12-2017,2017,12,Friday,122,0,0,0,0,0,0,1.8921,7.462,66
833401,Malaysia to Amnesia,"Malaysia To Amnesia revolves around two childhood friends who plan to get married. However, they face complications as they are unable to cope with married life.",26,Comedy,Radha Mohan,"Vaibhav, Vani Bhojan, M. S. Bhaskar, Riya Suman, Sachu",Unknown,28-05-2021,2021,5,Friday,116,0,0,0,0,0,0,1.6952,2.5,4
920758,Enna Solla Pogirai,Three individuals with clear notions of what romance discover the indefinable magic that is love when they end up in a triangular romantic relationship.,24,"Romance, Drama",A. Hariharan,"Ashwin Kumar, Teju Ashwini, Avantika Mishra, Delhi Ganesh, Subbu Panchu",Trident Arts,13-01-2022,2022,1,Thursday,146,0,0,0,0,0,0,1.9173,8,3
455923,Saravanan Irukka Bayamaen,A lackadaisical youngster falls in love with a girl from whom he’d gotten separated at a younger age. He goes through a slew of unexpected hurdles to win her love.,30,"Comedy, Romance",Ezhil,"Udhayanidhi Stalin, Regena Cassandrra, Srushti Dange, Soori, Livingston",Red Giant Movies,12-05-2017,2017,5,Friday,125,0,0,0,0,0,0,2.0599,2.7,7
669117,Maayanadhi,"A doting father and her daughter, who aspires to become a doctor.",12,"Drama, Family",Ashok Thiagarajan,"Venba, Aadukalam Naren, Vijay Vishwa, Appukutty, Durga Venugopal",Raji Nila Mukil Films,31-01-2020,2020,1,Friday,120,0,0,0,0,0,0,1.7438,4,2
527833,Tamizh Padam 2,A stringent cop tries all the possible ways to nab a dreaded don who poses a big threat to the society.,21,Comedy,C. S. Amudhan,"Shiva, Iswarya Menon, Sathish, Disha Pandey, Nizhalgal Ravi",Y NOT Studios,12-07-2018,2018,7,Thursday,145,0,0,0,0,0,0,1.9329,6.1,20
412076,Thittam Pottu Thirudura Koottam,"Thittam Pottu Thirudura Koottam is an upcoming Indian Tamil comedy film directed by Sudhar. The film features a cast of Chandran, Satna Titus and Parthiepan in the lead roles. The film began production in mid 2016.",36,"Action, Comedy, Romance",Sudar,"Chandran, Satna Titus, R. Parthiban, Java Sundaresan, Daniel Annie Pope",Two Movie Buffs,27-09-2019,2019,9,Friday,110,0,0,0,0,0,0,1.8563,0,0
926105,AGP,A girl loses her family to an accident and that leads her to this disorder along with hallucination and depression. Her boyfriend goes missing in a hospital which is all over the news for all the wrong reasons.,38,"Thriller, Mystery",Ramesh Subramaniyan,"Lakshmi Menon, R. V. Bharathan",KSR Studio,20-01-2022,2022,1,Thursday,111,0,0,0,0,0,0,1.8831,0,0
710533,Mamakiki,MaMaKiKi is a film about four friends who studied together in college. They meet at a reunion in college after 5 years of graduation. What has happened in everyone's lives in the 5 years forms the structure of the film.,40,"Romance, Comedy",Sameer Bharat Ram,"Preetha Anandan, Ramesh Thilak, Maanas Chavali, Dev Ramnath, Madhuvanti Arun",Unknown,30-05-2020,2020,5,Saturday,97,0,0,0,0,0,0,1.7726,5.5,2
540108,Kaatu Paya Sir Intha Kaali,A cop prone to violence is tasked with capturing a psycho who has been setting vehicles belonging to employees of a financier on fire.,24,"Drama, Action",Youreka,"V.G. Jaiwanth, Aadukalam Naren, Aira Agarwal, Munnar Ramesh, G. Marimuthu",Unknown,03-08-2018,2018,8,Friday,112,0,0,0,0,0,0,1.6975,0,0
367755,Yaanai Mel Kuthirai Savaari,Yaanai Mel Kudhirai Savaari  is an upcoming comedy film directed &amp; written by Karuppaiah Murugan. Naan Kadavul Rajendiran &amp; Lollu Sabha Swaminathan play lead along with new comer Archana Singh.,30,"Romance, Comedy",Karuppaiah Murugan,"Rajendran, Archana Singh, Swaminathan, Krishnamoorthy, Muthu Raman",Battlers Cinema,12-08-2016,2016,8,Friday,0,0,0,0,0,0,0,1.6038,0,0
463062,Kalari,"A young man with agoraphobia tries to get his sister married to the right guy. When things go horribly wrong, can he overcome his fears and ensure that justice prevails?",30,"Action, Drama",Kiran Chand,"Krishna Kulasekaran, Samyuktha, Vidhya Pradeep, M. S. Bhaskar, Jayaprakash",Nakshathra Movie Magic,24-08-2018,2018,8,Friday,142,0,0,0,0,0,0,1.6821,5,1
822821,Naaye Paeye,"Four friends, who kidnap a girl for ransom, get the shock of their life after realising that she is a ghost.",21,"Comedy, Horror",Sakthi Vasan,"Dinesh, Aishwarya, Aadukalam Murugadoss, Sayaji Shinde, Rokesh",GK Film Corporation,23-04-2021,2021,4,Friday,122,0,0,0,0,0,0,1.6711,0,0
412581,Vallavanukkum Vallavan,"Two conmen, who believe that money can solve all their problems, decide to extract money from wrongdoers. Trouble begins when a mad policeman crosses their way.",26,"Comedy, Action",Vijay Tesingu,"Bobby Simha, Sshivada, Pooja Devariya, Napoleon, Karunakaran",Assault Production,20-01-2023,2023,1,Friday,121,0,0,0,0,0,0,1.8628,0,0
790602,Amanuda Bhayam,This film shows the research project of a parapsychology student named Abdul who visits a haunted forest with his friend Subramani.,21,"Horror, Mystery",S.S. Jishnu Dev,"R.G. Harikrishnan, J.S. Sree Vishnu, Akhilsom, Rajesh Arapurayil, Arya",Austria Movie Productions,14-01-2021,2021,1,Thursday,100,459250,0,0.05,0,0,0,1.8629,8.5,1
1129608,The Greatest of All Time,"A once decorated member of the Special Anti-Terrorism Squad (SATS) is called back into action by his former colleagues for an important mission, setting him on a dangerous collision course with his own past.",34,"Action, Drama, Thriller",Venkat Prabhu,"Vijay, Prashanth, Prabhu Deva, Mohan, Ajmal Ameer",AGS Entertainment,05-09-2024,2024,9,Thursday,183,3006000000,3982950000,300.6,398.3,976950000,32.5,2.02,4.733,45
492868,Brahma.com,The lives of two brothers become a mess when their identities get swapped due to a supernatural power.,18,"Fantasy, Action, Comedy",Purus Vijayakumar,"Nakul, Ashna Zaveri, Siddharth Vipin, Rajendran, K. Bhagyaraj",Ganesh Dream Factory,15-12-2017,2017,12,Friday,130,0,0,0,0,0,0,1.9689,6.5,2
584795,Devi 2,A doting wife goes through a hard time trying to save her husband who is possessed by two spirits.,19,"Horror, Comedy",A. L. Vijay,"Prabhu Deva, Tamannaah Bhatia, Nandita Swetha, Kovai Sarala, Dimple Hayathi",Prabhu Deva Studios,31-05-2019,2019,5,Friday,126,0,0,0,0,0,0,1.8827,4.2,11
901254,Chithirai Sevvaanam,"Muthupandi is in search of Aishwarya, his teenage daughter, who goes missing after her private video gets leaked online. Can the innocent father trace his daughter, and identify the culprits responsible for putting him in this situation?",37,"Family, Drama",Stunt Silva,"Samuthirakani, Pooja Kannan, Rima Kallingal, Vidhya Pradeep, Nizhalgal Ravi",Zee Studios,03-12-2021,2021,12,Friday,128,0,0,0,0,0,0,1.9639,6,1
598017,Gurkha,"The security guard of a mall, who belongs to the Gurkha community, becomes the saviour of several people who have been kept under siege by some terrorists.",27,Comedy,Sam Anton,"Yogi Babu, Anandaraj, Elyssa Erhardt, Charle, Livingston",4 Monkeys Studios,12-07-2019,2019,7,Friday,145,0,0,0,0,0,0,1.8,4.286,7
613512,Bodhai Yeri Budhi Maari,A man visits his friends a day before his wedding and ends up taking a potent drug. How does this change his life?,23,"Drama, Thriller",Chandru K R,"Dheeraj, Pradaini Surva, Dushara Vijayan, Radha Ravi, Mime Gopi",Rise East Entertainments Pvt Ltd,12-07-2019,2019,7,Friday,122,0,0,0,0,0,0,1.7016,0,0
456287,Mersal,"A few individuals in the medical profession are murdered or kidnapped, and the cop investigating the case suspects a doctor and arrests him. But is he the one who is behind these crimes? And why are they being committed?",39,"Thriller, Action, Crime",Atlee,"Vijay, S. J. Suryah, Samantha Ruth Prabhu, Nithya Menen, Kajal Aggarwal",Sri Thenandal Films,18-10-2017,2017,10,Wednesday,161,0,0,0,0,0,0,2.0262,7.252,127
414698,Kolanji,A young boy realises there is love and affection behind the strictness of his father.,15,"Family, Drama",Dhanaram Saravanan,"Rajaji Manickam, Naina Sarwar, Samuthirakani, Sanghavi, Sentrayan",White Shadows Productions,26-07-2019,2019,7,Friday,117,0,0,0,0,0,0,1.8414,4,1
967650,Payanigal Gavanikkavum,"After spending two sleepless nights taking care of his sick daughter, Ezhilan, a person with hearing and speech disability falls asleep in a metro. A Social Media Addict captures this moment and uploads it on social media with a caption saying 'Drunkard On A Public Transport'.",46,"Drama, Comedy",Sakthivel Perumalsamy,"Vidharth, Lakshmi Priyaa, Karunakaran, Masoom Shankar, Prem",Aha,29-04-2022,2022,4,Friday,115,0,0,0,0,0,0,1.8409,6,2
1136227,Siruthuli Peruvellam,Live With Peace,3,Drama,Vignesh,"Mithran, Dharmalingam, Vidhun Chandragupthan, Mukesh",Vignesh Pictures,08-04-2023,2023,4,Saturday,0,0,0,0,0,0,0,1.7195,0,0
932186,Narai Ezhuthum Suyasaritham,Vaidhyanadhan is stuck between two worlds when he is forced to retire from his job. His life takes another dramatic turn when he meets a jobless youngster.,27,"Drama, Family, Comedy",Manikandan,"Manikandan, Delhi Ganesh, Mirchi Vijay",G&K Vahini Productions,15-03-2015,2015,3,Sunday,82,0,0,0,0,0,0,1.5524,0,0
614437,Clap,"Vishnu, a fast athlete runner, has multiple medals on his wall from state championships, he strives to win gold at the national level, but loses his leg & also his father in a tragic road accident, before he can. Later Vishnu settles into a mundane job and is yet to move past the incident that destroyed his career. When he encounters a young rural girl, a budding athlete, whose sportive interests are not encouraged by her near and dear, he takes her under his wings and fulfills his long-cherished dream through her eyes.",93,Drama,Prithvi Adithya,"Aadhi Pinisetty, Aakanksha Singh, Krisha Kurup, Nassar, Munishkanth",Big Print Pictures,11-03-2022,2022,3,Friday,129,0,0,0,0,0,0,1.7113,7.2,3
432011,Super Deluxe,"An unfaithful newly-wed wife, an estranged parent, a priest and an angry son suddenly find themselves in the most unexpected predicaments, each poised to experience their destiny, all on one fateful day.",32,"Comedy, Thriller, Drama, Crime",Thiagarajan Kumararaja,"Vijay Sethupathi, Fahadh Faasil, Samantha Ruth Prabhu, Ramya Krishnan, Mysskin",Tyler Durden And Kino Fist,29-03-2019,2019,3,Friday,176,128588330,0,12.86,0,0,0,1.7516,7.704,140
451162,Kadhal Kan Kattuthe,"Shiva and Athulya try to make their long-distance relationship work. However, Athulya's colleague Karthik develops feelings for her, which complicates the bond between them.",24,"Drama, Romance",Shivaraj,"Athulya Ravi, KG, Shivaraj, Aneeruth",Kovai Film Mates,17-02-2017,2017,2,Friday,102,0,0,0,0,0,0,1.7292,7.5,2
1523371,Malaki Duwe Numba,"A renowned YouTuber and single mother's romance with a celebrity author sparks turmoil in her fractured family, forcing her teenage daughter to confront past wounds—until an unexpected act of sacrifice heals long-broken bonds.",33,Drama,Kalpana Ariyawansa,"Kushenya Fonseka, Samanalee Fonseka, Malini Fonseka, Shyam Fernando, Dhananjaya Siriwardane",Ransara Pictures,08-11-2025,2025,11,Saturday,120,9602500,0,0.96,0,0,0,1.3216,0,0
411280,Kattappava Kaanom,"A fish belonging to a gangster, who considers it his lucky charm, gets stolen and ends up with a guy whose luck has always been rotten.",26,"Action, Comedy, Romance",Mani Seiyon,"Sibiraj, Aishwarya Rajesh, Kaali Venkat, Yogi Babu, Mime Gopi",Wind Chimes Media Entertainment,17-03-2017,2017,3,Friday,125,0,0,0,0,0,0,1.7453,4.3,3
1402181,Galatta,A serious crime hunt with a not so serious team.,10,"Action, Comedy, Crime",Jithu Madhavan,"Suriya, Nazriya Nazim, Naslen K. Gafoor, Anandaraj, John Vijay",Zhagaram Studios,06-11-2026,2026,11,Friday,0,0,0,0,0,0,0,1.9371,0,0
397288,Kalam,An extortionist acquires a mansion and gifts it to his estranged son not realising the gruesome history behind the place.,20,Horror,Robert Raaj,"Lakshmi Priyaa, Pooja Ramachandran, Amzath Khan, N.L. Srinivasan, Madhusudhan Rao",Arul Movies,29-04-2016,2016,4,Friday,103,0,0,0,0,0,0,1.747,5.5,4
498648,Saavi,Saavi is a Tamil movie starring Prakash Chandra and Sunu Lakshmi in prominent roles. It is a drama directed by R. Subramanian.,22,"Action, Crime, Romance",R. Subramanian,"Prakash Chandra, Sunu Lakshmi, Udhayabanu Mageswaran, Rajalingam",The Sparkland,05-01-2018,2018,1,Friday,105,0,0,0,0,0,0,1.8045,0,0
829620,Dola,Dola is a Tamil movie directed by Aadhi Chandran and featured Rishi Rithvik and Prerna Khanna as lead characters.,19,,Aadhi Chandran,"Rishi Rithvik, Prerna Khanna",Unknown,05-03-2021,2021,3,Friday,98,0,0,0,0,0,0,1.7697,0,0
857294,Virus Mairus,"When Neelakandan needs a drink, he will get it no matter what. The short film follows his struggle of trying to score some alcohol amidst the MCO in Malaysia due to the recent outbreak of the Covid-19 virus.",38,Comedy,Gogularaajan Rajendran,"Rajendran, Gogularaajan Rajendran, Senthu",Unknown,08-05-2020,2020,5,Friday,8,417.5,20875,0,0,20457.5,4900,1.9212,0,0
376026,Jagat,"Set in the early 1990’s, a critical period in Malaysian Indian history, the story subtly underlines the plight of the Indian Malaysians. Forsaken by the estate owners who had employed them for generations and systematically marginalized, they are forced to move to the cities and survive under harsh circumstances. Left out of the nation’s urbanization and development plans, many live in squatters and work at minimum wage jobs…",68,"Crime, Drama",Shanjhey Kumar Perumal,"Jibrail Rajhula, Harvind Raj, Kuben Mahadevan, Tinesh Sarathi Krishnan, Marup Mustapah",Skyzen Studios,17-12-2015,2015,12,Thursday,90,5644600,0,0.56,0,0,0,1.8271,6.6,5
485257,Uruthikol,A school dropout tries to track down the men who might have kidnapped his sister.,15,"Crime, Action, Thriller",R. Ayyanar,"Kishore DS, Meghna Kumar, Kaali Venkat, Thennavan",Jai Sneham Films,03-11-2017,2017,11,Friday,137,0,0,0,0,0,0,1.6723,0,0
611540,Natchathira Jannalil,"A romantic film directed by Jayamurugesan, starring Abhishek and Anupriya in the lead roles.",14,"Drama, Romance",Jaya Murugesan,"Abishek Kumar, Anupriya, Bose Venkat",Om Sivasakthi Muruga Films,28-06-2019,2019,6,Friday,124,0,0,0,0,0,0,1.6979,0,0
1576690,Irudhi Strike,"In the quiet village of 'Muppathen Kambom', a retired footballer takes it upon himself to train a group of local boys, using sport as a path to discipline and hope. But their journey is threatened by a ruthless syndicate that exploits uneducated youth for profit, dragging them into a life of corruption. As the stakes rise, the Coach and his team must fight not just for victory on the court, but for the future of their community.",77,"Thriller, Action",T. Danesh Kumar,"Sathiya, Ravin Rao Santheran, Jibrail Rajhula, Affie Rania, Komalaa Naaidu",Unknown,30-10-2025,2025,10,Thursday,115,0,0,0,0,0,0,1.7285,0,0
476450,Chennaiyil Oru Naal 2,A cop has to investigate the motive behind sinister posters that have been put up in the city and track down the person who sends a threat letter to his adopted daughter.,32,Drama,JPR,"R. Sarathkumar, Napoleon, Munishkanth, Suhasini Maniratnam, Ajay",Unknown,18-10-2017,2017,10,Wednesday,101,0,0,0,0,0,0,1.5479,7,2
508217,6 Athiyayam,6 Athiyayam is an anthology that has 6 stories helmed by 6 different directors. All the stories are based on different genres and are penned in a manner that the movie caters to all the sections of the audience with different artists playing the lead. The stories are correlated and the climax of each story is revealed only in the finale that will keep you on the edge of your seat.,71,"Thriller, Horror",Ajayan Bala,"Vinoth Kishan, Kishore DS, Thaman Kumar, Cable Shankar, Baby Sathanya",ASCII Media Hut,23-02-2018,2018,2,Friday,118,0,0,0,0,0,0,1.636,0,0
1656597,Aaradhana,"Maya, a dedicated and pregnant doctor, moves into a rural village with her husband Pradeep, a novelist seeking peace and inspiration for his next book. They hope for a fresh start in a calm and isolated environment.",37,Thriller,Malathi Sivagami,"Punitah Shanmugam, Auro Chakkravarthy, Sri Kalirajan Marimuthu, Sri Kumaran Munusamy, Aghonderan Sahadevan",Unknown,10-07-2025,2025,7,Thursday,134,0,0,0,0,0,0,1.4286,0,0
512533,Adho Andha Paravai Pola,,0,"Action, Drama",K R Vinoth,"Amala Paul, Ashish Vidhyarthi, Sameer Kochhar, Supreme Sundar",Unknown,26-08-2022,2022,8,Friday,0,0,0,0,0,0,0,1.703,0,0
458088,Ayyanar Veethi,Ayyanaar Veethi is a Tamil movie starring Yuvan and Sara Shetty in prominent roles. The cast also includes K Bhagyaraj and Meera Krishnan. It is a drama directed by Gipsy Rajkumar with P Senthil Vel as the producer and U.K. Murali as music director forming part of the crew.,49,Drama,Unknown,"Yuvan, K. Bhagyaraj, Ponvannan, Singampuli",Unknown,28-04-2017,2017,4,Friday,0,0,0,0,0,0,0,1.7085,10,1
334383,36 Vayadhinile,"A married woman, who has set aside her dreams for the sake of her husband and daughter, rediscovers her true self and becomes an achiever.",25,"Drama, Family",Rosshan Andrrews,"Jyothika, Rahman, Abhirami, Amritha Anilkumar, Nassar",2D Entertainment,08-05-2015,2015,5,Friday,143,0,0,0,0,0,0,1.926,6.7,23
855400,Jai Bhim,"A pregnant woman from a primitive tribal community, searches desperately for her husband, who is missing from police custody. So as to find her husband and seek justice for them, as their voice, a High Court advocate rises in support. Will their battle for justice succeed?",46,"Crime, Drama, Mystery, History",T. J. Gnanavel,"Suriya, Lijomol Jose, Baby Joshika Maya, Manikandan, Rajisha Vijayan",2D Entertainment,02-11-2021,2021,11,Tuesday,164,0,0,0,0,0,0,1.6764,7.338,241
877857,Chinnanjiru Kiliye,A naturopathy practitioner with a strong distrust of allopathic treatments goes after the kidnappers of his daughter and expose a medical crime.,22,"Drama, Crime, Thriller",Sabarinathan Muthupandian,"Senthilnathan, Archana Singh, Sandra Nair, Kulappulli Leela, Vikramadityan Nambi",Unknown,24-09-2021,2021,9,Friday,122,0,0,0,0,0,0,1.7925,0,0
606559,Kalavani 2,An irresponsible youngster locks horns with one of his relatives in a rural election.,14,"Comedy, Drama",A. Sarkunam,"Vimal, Oviya Helen, Vigneshkanth, Saranya Ponvannan, Ilavarasu",Unknown,05-07-2019,2019,7,Friday,140,0,0,0,0,0,0,1.8356,4.4,4
598254,Oththa Seruppu Size 7,An emotionally unstable murder suspect explains the modus operandi behind the crimes he had committed to a few cops which helps in unfolding some intriguing revelation.,26,"Thriller, Drama",R. Parthiban,"R. Parthiban, Gayathrie Shankar, Deepa Venkat",Bioscope Film Framers,20-09-2019,2019,9,Friday,105,0,0,0,0,0,0,1.6211,8,18
1091484,Kuttrappinnani,"This story tells about Hero saravanan how he change his name as susai and how he murder Selvi, Nandhini ad Aandisamy , how he got arrested by Sentamilian",28,,N.P. Ismail,"Saravanan, Deepali, Dhakshayini, Karate Raja",Friends Pictures,03-03-2023,2023,3,Friday,0,0,0,0,0,0,0,1.7381,0,0
1022189,Lilly Rani,"A sex worker sets out on a journey to find the father of her child, who is suffering from rare medical condition.",22,"Drama, Family",Vishnu Ramakrishnan,"Chaya Singh, Thambi Ramaiah, Jayaprakash, Dushyanth Jayaprakash, Pandi",Unknown,09-09-2022,2022,9,Friday,93,0,0,0,0,0,0,1.8331,7,1
635106,Maadathy,"This film is a tale about a young girl who grew up in the slave caste group and how she came to be immortalized as their locality, Maadathy.",28,Drama,Leena Manimekalai,"Ajmina Kassim, Semmalar Annam, Patrick Raj, Arul Kumar",Karuvachy Films,06-10-2019,2019,10,Sunday,90,0,0,0,0,0,0,1.7029,6.5,3
280953,Konjam Koffee Konjam Kaadhal,Siddharth and Priyanka fall in love and marry without their parent's consent. They are soon separated and Siddharth searches for his wife with the help of two strangers.,28,,Venky,"Hridayaraaj, Aditi Chengappa, Jean Moses, Vishwaa, Nassar",Magic Media Works,31-12-2016,2016,12,Saturday,0,0,0,0,0,0,0,1.7337,0,1
1504848,Leader,"An ordinary man becomes trapped between warring criminal factions and law enforcement, forcing him to use his wits to survive while shielding his loved ones from the deadly crossfire that threatens to consume them all.",35,"Action, Drama",R. S. Durai Senthilkumar,"Arul Saravanan, Shaam, Andrea Jeremiah, Santhosh Prathap, Payal Rajput",The Legend Saravana Stores Creations,03-04-2026,2026,4,Friday,136,0,0,0,0,0,0,1.767,5,2
1219158,Lover,"An alcoholic designer struggles to save his six-year relationship while facing personal challenges and misunderstandings. As their bond is tested, he begins to confront his past and question whether love alone is enough to hold them together.",37,"Romance, Drama",Prabhuram Vyas,"Manikandan, Sri Gouri Priya Reddy, Kanna Ravi, Harini Sundararajan, Harish Kumar",Million Dollar Studios,07-02-2024,2024,2,Wednesday,145,0,0,0,0,0,0,1.4635,7.3,15
455942,Aarambame Attagasam,Aarambame Attagasam (aka) Aarambame Attakaasam is an Tamil comedy - romance movie direction by Ranga. The movie has Jeeva and Sangeetha in the lead role.,25,"Romance, Comedy",Ranga,"Lollu Sabha Jeeva, Sangeetha Chauhan, Sriranjini, Vaiyapuri, Lollu Sabha Manohar",Swathi Film Circuit,05-05-2017,2017,5,Friday,0,0,0,0,0,0,0,1.4755,4.5,1
280954,Killadi,"An angry young man gives refuge to a rich girl, whose arrogant mother is forcing her to marry her rowdy uncle.",21,"Action, Drama, Family",A. Venkatesh,"Bharath Srinivasan, Meera Chopra, Vivek, Roja Selvamani, Avinash",Unknown,30-01-2015,2015,1,Friday,132,0,0,0,0,0,0,1.9295,2.5,2
371075,Ammani,Ammani is about a 82-year-old woman and her emotional bond with another woman named Salamma.,15,"Family, Drama",Lakshmi Ramakrishnan,"Lakshmi Ramakrishnan, Subbalakshmi, Nithin Sathya, Sri Balaji, Robo Shankar",Tag Entertainment,14-10-2016,2016,10,Friday,92,0,0,0,0,0,0,1.6516,0,0
673692,Doctor,An army doctor helps his love interest's family to find their kidnapped daughter.,13,"Thriller, Comedy, Action",Nelson Dilipkumar,"Sivakarthikeyan, Vinay Rai, Priyanka Arul Mohan, Yogi Babu, Archana Chandhoke",Sivakarthikeyan Productions,09-10-2021,2021,10,Saturday,150,0,0,0,0,0,0,1.6531,6.322,59
1111580,Annapoorani,A young girl from a conservative family aspires to become the best cook in India.,15,"Comedy, Drama",Nilesh Krishnaa,"Nayanthara, Jai Sampath, Sathyaraj, Karthik Kumar, Poornima Ravi",Zee Studios,30-11-2023,2023,11,Thursday,146,0,0,0,0,0,0,1.4003,5.286,14
388323,Natpadhigaram 79,The relationship of four friends comes under strain when their parents wrongly assume the rapport between two among them to be in love.,23,"Drama, Romance",Ravichandran,"Bharat Raj, Amzath Khan, Reshmi Menon, Tejaswi Madivada, Subbu Panchu",Jayam Cine Entertainment,11-03-2016,2016,3,Friday,118,0,0,0,0,0,0,1.6447,5,1
485085,Manusangada,"When a caste discrimination prevents a villager from giving his deceased father a rightful burial, he takes his fight for equality to court.",23,Drama,Amshan Kumar,"Rajeev Anand, Manimegalai, Vidhur Rajarajan, Sheela Rajkumar, A.S. Sasi Kumar",Unknown,12-10-2018,2018,10,Friday,93,0,0,0,0,0,0,1.7614,7,4
1655794,Veera Karruppu,"Clash of the gods: Muthu, a rebel devotee of Lord Shiva, dares to defy his family's sacred legacy as Karuppusami priests. When a Chola dynasty secret falls into his hands, darkness descends – will Karuppusami's ancient power rise to protect its loyal servant.",43,"Thriller, Horror, Comedy",Thanesh Perrabu,"Kash Villanz, Rupini Krishnan",Poketplay Sdn. Bhd,05-03-2026,2026,3,Thursday,160,0,0,0,0,0,0,2.2679,0,0
1323880,Idli Kadai,A simple man's search for success leads him to rediscover his roots.,12,"Action, Drama, Comedy",Dhanush,"Dhanush, Rajkiran, Arun Vijay, Nithya Menen, Sathyaraj",Dawn Pictures,01-10-2025,2025,10,Wednesday,147,0,0,0,0,0,0,1.8235,6.705,23
597485,Mei,The missing case of a young girl unfolds several hidden crimes related to a medical racket as investigation progresses.,19,Thriller,S. A. Bhaskaran,"Nicky Sundaram, Aishwarya Rajesh, Kishore, Ajay Ghosh, Charle",Wide Angle Creations,23-08-2019,2019,8,Friday,130,0,0,0,0,0,0,1.6019,5,1
522068,Kathiruppor Pattiyal,"An RPF (Railway Protection Force) officer, who starts implementing stringent rules on railway passengers, spoils the plans of a youngster who is about to elope with his girlfriend. How does the latter escape from the officer’s custody?",37,"Romance, Comedy",Balaiya D. Rajasekhar,"Sachin Mani, Nandita Swetha, Rajendran, Manobala, Mayilsamy",Lady Dreams Cinema,04-05-2018,2018,5,Friday,115,0,0,0,0,0,0,1.7419,5,1
1123859,Blues,"Karthi, a disgruntled assistant on commercial productions, is working on an honest, personal film script, but his project is without industry backers. In the dispiriting pursuit of his dream, he loses his love and sinks into alcoholism, until he meets a kindred spirit adrift in the world.",47,"Drama, Comedy",Shanjhey Kumar Perumal,"Karnan Kanapathy, Rubini Sambanthan, Rupini Krishnan, Tinesh Sarathi Krishnan, Kuben Mahadevan",Skyzen Studios,04-12-2025,2025,12,Thursday,120,0,0,0,0,0,0,2.18,0,0
1445033,Kaalidas 2,"A dedicated Crime Branch officer, Kaalidas, investigates the disappearance of a child in an apartment complex. What begins as a routine missing-person case quickly turns dark when the child and a dog are found murdered. As more mysterious killings occur in the same building, Kaalidas uncovers hidden secrets among the residents and races against time to stop a killer before more live",62,"Thriller, Drama, Action",Sri Senthil,"Bharath Srinivasan, Bhavani Sre, Abarnathi, Ajay Karthi, Prakash Raj",Five Star Creations,03-04-2026,2026,4,Friday,137,87077390.5,34830939.5,8.71,3.48,-52246451,-60,1.5977,6,1
263471,I,A deformed hunchback kidnaps a bride and holds her hostage while his connection to her and his targets is revealed in a series of flashbacks that unfold as he starts seeking revenge.,32,"Thriller, Action, Romance",Shankar,"Vikram, Amy Jackson, Suresh Gopi, Upen Patel, Ramkumar Ganesan",Aascar Films,04-01-2015,2015,1,Sunday,170,0,0,0,0,0,0,1.7288,6.689,135
464004,Ivan Yaarendru Therigiratha,"Arivu, an unemployed youth, strives to find love and settle down but luck does not favour him. Just when he falls for Savithri, an ex-lover returns and creates problems between them.",31,"Romance, Comedy",S. T. Suresh Kumar,"Vishnu Kumar, Varsha Bollamma, Ishara Nair, Arjunan Nandakumar, Bagavathi Perumal",Own cinemaas,30-06-2017,2017,6,Friday,138,0,0,0,0,0,0,1.7164,7,1
280156,Uyire Uyire,A youngster realises that the girl he loves is the sister of the guy who had tormented his own sister in the past.,23,Romance,A. Rajasekhar,"Siddhu, Hansika Motwani, Chaya Singh, Gavin Siva, Ajay",Studio 9 Motion Pictures,01-04-2016,2016,4,Friday,146,0,0,0,0,0,0,1.8814,2.5,2
441717,96,"Ram is a photographer and nature lover who travels all around India capturing moments. On a chance visit to his hometown Tanjavur, he goes into his school and begins to walk down memory lane to 1994 when he was a student harboring feelings for his classmate Janu.",47,Romance,C. Prem Kumar,"Vijay Sethupathi, Trisha Krishnan, Aditya Baskar, Gouri G Kishan, Devadarshini",Madras Enterprises,04-10-2018,2018,10,Thursday,159,0,0,0,0,0,0,1.5399,7.629,155
965979,Dada,"Manikandan and Sindhu, final year college students, become parents accidentally. Situations separate them, forcing Manikandan to raise his child, Adhithya, as a single parent. What follows is a beautiful tale of a father and son and their journey against all odds.",41,"Drama, Comedy, Romance",Ganesh K. Babu,"Kavin Raj, Aparna Das, Harish Kumar, Pradeep Anthony, Arvind Ezhilarasan",Olympia Movies,10-02-2023,2023,2,Friday,135,0,0,0,0,0,0,1.8274,7.2,18
366080,Kabali,A gangster in Malaysia goes in search of his family after 25 years of imprisonment.,15,"Action, Crime, Drama",Pa. Ranjith,"Rajinikanth, Radhika Apte, Sai Dhanshika, Winston Chao, Kishore",V Creations,22-07-2016,2016,7,Friday,150,1561450000,6179000000,156.15,617.9,4617550000,295.72,1.8022,5.989,93
618205,Thorati,"A care-free shepherd, who befriends three thieves without knowing their past, lands in trouble post his marriage.",17,Drama,P. Marimuthu,"Shaman Mithru, Sathyakala, Azhagu, Muthu Raman, Chellam Jeyaseelan",Shaman Pictures,01-08-2019,2019,8,Thursday,128,0,0,0,0,0,0,1.8525,4,1
541145,Kadal Kuthiraigal,A school in a remote village gets a swimming coach who turns the fortunes of its students.,17,Drama,Pugazhenthi Thangaraj,"Rohini, Thalaivasal Vijay, Bose Venkat, Sreedhanya Thekkedath",Unknown,03-08-2018,2018,8,Friday,155,0,0,0,0,0,0,1.6493,0,0
579185,Pei Ellam Pavam,"A comedy thriller film directed by Deepak Narayan, starring Arasu Nadarajan, Dona Sankar and Appu Kutty in the lead roles.",20,"Comedy, Thriller",Deepak Narayan,"Arasu Nadarajan, Appukutty, Dona Shankar, Sreejith Ravi, Darshan",Tharakan Cinemas,01-02-2019,2019,2,Friday,100,0,0,0,0,0,0,1.7211,0,0
586885,Danny,"After the police inspector Kunthavai picks up a complex murder case for investigation, she takes the help of Danny, a smart police dog, to unearth a gang of dangerous criminals involved in serial killing",34,"Thriller, Crime",L. C. Santhanamoorthy,"Varalaxmi Sarathkumar, Vela Ramamoorthy, Vinoth Kishan, Anitha Sampath, Saravana Sakthi",PG Media Works,01-08-2020,2020,8,Saturday,95,0,0,0,0,0,0,1.5211,2,1
484264,Keikraan Meikkiran,"Keikraan Meikkiran is a Tamil movie released on 19 May, 2017. The movie is directed by Sam Emmanuel and featured Sabapathi, Aadukalam Naren and Pandi as lead characters. Other popular actors who were roped in for Keikraan Meikkiran are Jangiri Madhumitha and Sabitha Anand.",44,"Drama, Comedy, Romance",S Sam Immanuel,"Vignesh, Pandi, Aadukalam Naren, Rekha Suresh, Jangiri Madhumitha",Aswika Creations,19-05-2017,2017,5,Friday,136,0,0,0,0,0,0,1.5376,0,0
597501,Chiyaangal,"Set against the backdrops of Meghamalai foothills in Theni, the story revolves around 7 aged persons, whose life is laden with nothing but disappointments. They are forsaken by their families, rejected off their needs. They’re left with nothing and are almost in a walking dead stage.",46,,Vaigarai Balan,"Nalinikanth, G. Karikalan, Raju Saravanan, Risha Haridas",Unknown,25-12-2020,2020,12,Friday,135,0,0,0,0,0,0,1.6729,0,0
877879,Choo Mandhirakaali,"To reform his jealous cousins, a young man goes to a village of Tantriks and tries to make the most powerful woman in the place fall in love with him. But with his relatives using his own friend to prevent this from happening, can he emerge victorious?",47,"Comedy, Adventure, Fantasy, Romance",Eswar Kotravai,"Karthikeyan Velu, Kishore Dev, Sanjana Burli, Venkatesh Babu, Dhananya",Annam medias,24-09-2021,2021,9,Friday,127,0,0,0,0,0,0,1.6964,7,2
414177,1945,"Set in Burma in the year 1945, Netaji Subhash Chandra Bose plans to launch the INA to fight the British. This is also the time when Adi comes back to Burma to take care of his family business. Upon his arrival, he gets engaged to a British Tasildar’s daughter. Just as he is set to get married, the atrocities of the British keep growing and Adi is forced to fight the British.",72,"Drama, History, Action",Sathyasiva,"Regena Cassandrra, Rana Daggubati, Sathyaraj, Nassar, Kaali Venkat",KNR Productions,07-01-2022,2022,1,Friday,122,0,0,0,0,0,0,1.6014,5.3,3
1079113,Dhanussh,,0,,S. Mathan,"Mano, Yasmin Nadiah, Thasha, Sri Kumaran, Deva",YK Star Film Production,14-03-2024,2024,3,Thursday,144,0,0,0,0,0,0,2.7038,0,0
796011,Sarpatta Parambarai,"When Sarpatta Parambarai is challenged to a do-or-die match, Kabilan, a young labourer, must choose whether to put on the gloves himself and lead his clan to victory, or be dissuaded by his disapproving mother and dangerous politics.",38,"History, Action, Drama",Pa. Ranjith,"Arya, Pasupathy, Kalaiyarasan, John Vijay, John Kokken",Neelam Productions,22-07-2021,2021,7,Thursday,174,0,0,0,0,0,0,1.6103,7.722,54
412096,Maanagaram,"Upon moving to Chennai, four lives get intertwined as they strive to achieve success in the city. However, when a vicious gangster threatens them, the group must work together to defeat him.",32,"Thriller, Action",Lokesh Kanagaraj,"Sri, Sundeep Kishan, Regena Cassandrra, Charle, Munishkanth",Potential Studios,10-03-2017,2017,3,Friday,137,65046500,129425000,6.5,12.94,64378500,98.97,1.5772,7.439,57
525459,Azhal,"Directed by S Saravanan, the movie is a Singapore-Malaysia collaboration that stars Arvind Naidu, Dato` Shasha Sri, Haydon Roy and more.",21,"Crime, Thriller",S. Saravannan,"Arvind Naidu, Karnan GCrak, Dato Sha Sha, Yasini Davi, Sanpagan",Magic SilverTree Productions,03-11-2017,2017,11,Friday,0,0,0,0,0,0,0,1.6867,0,0
263486,Machan,,0,Romance,Sakthi Chidambaram,"Ramesh Aravind, Vivek, Karunas, Sheryl Brindo, Sakthi Chidambaram",Unknown,31-12-2016,2016,12,Saturday,0,0,0,0,0,0,0,1.7308,0,1
508703,Imai,Imai is based on the love story of a ruffian and an intelligent girl.,14,"Drama, Romance",Vijay Mohan,"Sarish, Atchaya Priya, Raya Rahman, Vetrivel, Arun",Unknown,22-12-2017,2017,12,Friday,87,0,0,0,0,0,0,1.6425,0,0
533889,Lakshmi,"A school student, who is passionate about dance, sets out to join a national-level competition without her mother’s knowledge.",19,"Family, Drama, Comedy",A. L. Vijay,"Prabhu Deva, Ditya Bhande, Aishwarya Rajesh, Karunakaran, Kovai Sarala",Pramod Films,24-08-2018,2018,8,Friday,130,0,0,0,0,0,0,1.611,7.8,10
462952,Kattam,Kattam is an upcoming Tamil thriller movie directed by Rajan Madhav. The director his self penned the script for this movie and it features Sshivada in the lead role. It is a thriller movie and the story of the film based on a crime.,44,"Thriller, Crime",Rajan Madhav,"Sshivada, Nandhan Ram, Nivas Adithan",Create Wonder Films,22-12-2018,2018,12,Saturday,0,0,0,0,0,0,0,2.0233,0,0
1299039,Kiss,"A musician is gifted with the supernatural ability to see a couple's destiny whenever they kiss. But when he sees the grim fate of the woman he loves, he must use his powers to defy destiny itself.",37,"Romance, Comedy, Drama, Fantasy",Sathish Krishnan,"Kavin Raj, Preethi Asrani, Rao Ramesh, Devayani, Prabhu",Romeo Pictures,19-09-2025,2025,9,Friday,143,0,0,0,0,0,0,1.7625,8,2
965483,Parasakthi,"In a time of civil disobedience in the erstwhile Madras state, a ruthless intelligent officer turns up with a duty to track down rebels. Chezhian and his brother Chinndurai are of different personalities, one a hardworking fireman, the other a rebel. A deadly game of cat and mouse ensues as Chezhian is forced to abandon his peaceful ways to protect his people and takes on the mighty forces, culminating in a fierce battle for justice.",75,"History, Drama, Action, Romance",Sudha Kongara Prasad,"Ravi Mohan, Sivakarthikeyan, Atharvaa Murali, Sreeleela, Kulappulli Leela",Dawn Pictures,09-01-2026,2026,1,Friday,163,2004000000,492650000,200.4,49.27,-1511350000,-75.42,1.5462,5.889,9
586040,Thatrom Thookrom,The story revolves around three smart boys who determines to outwit the villain and make their dream of becoming rich come alive.,22,Action,Arul Suriakannu,"Teejay, Nandu Suresh, Sakthivel Kalkona, Cheenu Mohan, Kaali Venkat",Media Marshal,31-01-2020,2020,1,Friday,131,0,0,0,0,0,0,1.4402,4,1
488356,Madura Veeran,"Durai returns to his village from Malaysia after 20 years in the pretext of getting married. However, his prime aim is to conduct jallikattu along with the panchayats of five neighbouring villages and fulfill his father's dream. Will he succeed?",40,"Action, Family",P. G. Muthiah,"Shanmuga Pandian, Meenakshi, Samuthirakani, Vela Ramamoorthy, Balasaravanan",PG Media Works,02-02-2018,2018,2,Friday,122,0,0,0,0,0,0,1.7287,6,1
810233,Biya,5 college friends plan to go into the mystery forest near the border of Kerala and Tamil Nadu and take a documentary. Those who went into the forest goes missing and the remaining friends for help from someone who had already survived that woods.,44,,Raj Gokul Das,"Raj Gokul Das, Savanthika, Anil Murali, Jubil Rajan P Dev, Sneha Ramesh",Unknown,11-12-2020,2020,12,Friday,110,0,0,0,0,0,0,1.79,0,0
496687,Ticket,"A crazy day spent literally between life and death gives nerdy, socially inept junior professor Avinash more than the adventure he dreamed of. Stumbling through the world between the living and the lead, could he make it alive?",38,"Thriller, Comedy, Romance",Raaghav,"Raaghav, Karthik Kumar, Lakshmi Priyaa, Sanam Shetty, Babloo Prithiveeraj",ILLUSIONZ INFINTE,31-12-2018,2018,12,Monday,90,0,0,0,0,0,0,1.832,10,1
457651,Saaya,"The film brings out the connection between Saaya and soul power. Here, the ghosts are shown as good souls who help society, particularly students.",24,"Thriller, Horror",V.S. Palanivel,"Santhosh Khanna, Sonia Agarwal, Karate Raja, Gayatri Rema",Unknown,12-05-2017,2017,5,Friday,141,0,0,0,0,0,0,1.7694,2,1
931220,Poochandi,"Thrill-seeking journalist Murugan heads to Malaysia to look for ordinary folks with odd stories, to be used as part of the true paranormal story collection he writes for a magazine. Everything goes well at first for him upon his arrival in Malaysia, that is until he encounters a supernatural experience that changes his life.",54,"Thriller, Horror",J. K. Wicky,"Ravishankar Ramamurthy, RJ Ramana, Tinesh Sarathi Krishnan, Logan Nathan, Ganessan Manogharan",Trium Studios,27-01-2022,2022,1,Thursday,115,0,0,0,0,0,0,1.6047,7.7,5
456228,Julieum 4 Perum,Four unlucky men steal a beagle that is considered to be lucky in the hopes of making money out of it. But the dog goes missing and the four have to deal with an international dog-kidnapping racket,37,"Drama, Comedy",R. V. Satheesh,"Amudhavanan, George Vijay Nelson, R. V. Satheesh, Yoganand, Alya Manasa",Reach Media Solutions,07-04-2017,2017,4,Friday,137,0,0,0,0,0,0,1.5233,0,0
1607661,Aazhi,"Mukhila's Father Murthy comes to know about Arul and Mukhilas love affair. Murthy, who works as a boat mechanic, kidnaps Arul in a boat and beats him up. He plans to kill Arul so that he will not fall in love with his daughter. When the boat breaks down in the sea, Murthy, foot stuck in the motor and is both of them survived the rainstorm or not.",68,"Action, Drama",Madhav Ramadasan,"R. Sarathkumar, Devika Satheesh, Sreejith Ravi, Thamarai Selvi, Vaiyapuri",888 Productions,27-02-2026,2026,2,Friday,109,0,0,0,0,0,0,1.7093,0,0
922805,Yenni Thuniga,"A young man goes after a gang that had shot his fiancée while robbing a jewellery store, where a minister has stashed some valuable diamonds that actually belong to a gangster in the US.",34,"Action, Thriller",S. K. Vettri Selvan,"Jai Sampath, Athulya Ravi, Sunil, Vamsi Krishna, Vidhya Pradeep",Rain Of Arrows Entertainment,04-08-2022,2022,8,Thursday,145,0,0,0,0,0,0,1.8804,7,2
1618200,The Dark Heaven,,0,"Crime, Thriller",Balaaji,"Sidhu Sid, Tharshika, Riythvika, Vela Ramamoorthy, Nizhalgal Ravi",Unknown,03-04-2026,2026,4,Friday,0,0,0,0,0,0,0,1.3208,0,0
1208217,Joe,"Joe, who is reeling from a heartbreak by his college sweetheart Suchitra, reluctantly marries Shruthi , who isn't ready to accept him as her husband because of the ghosts from her own past.",33,"Romance, Drama",Hariharan Ram S,"Rio Raj, Malavika Manoj, Bhavya Trikha, Charle, Anbu Thasan",Unknown,24-11-2023,2023,11,Friday,147,0,0,0,0,0,0,1.7787,5.9,8
560805,Ezhumin,A few children who are adept in martial arts are kidnapped by a bunch of goons to stop them from participating in a sports competition. The kids use all their ability to save their lives,35,Action,VP Viji,"Vivek, Devayani, N. Azhagamperumal, Prem, Cell Murugan",Vaiyam Mediyas,18-10-2018,2018,10,Thursday,109,0,0,0,0,0,0,1.6448,4,3
461971,Peechaankai,"S. Muthu (aka Smoothu) , who is a pickpocket expert, meets with an accident and after that incident, he starts to suffer from a disease, alien hand syndrome, which means that his left hand wouldn't be under his control. Now, what problems this syndrome creates and how does it bring about a change in Smuthu's life?",56,"Comedy, Crime",R. Ashok,"R. S. Karthik, Anjali Rao, M. S. Bhaskar, Vivek Prasanna, Ponmudi",Unknown,16-06-2017,2017,6,Friday,136,0,0,0,0,0,0,1.5054,5.4,21
1283338,Election,"Nadarasan, uninterested in politics, runs for panchayat leader to honor his father. As he delves into the murky world of election politics, he faces violence, rivalry, and betrayals.",28,"Action, Thriller",Thamizh,"Vijay Kumar, Preethi Asrani, Richa Joshi, George Mariyan, Pavel Navageethan",Reel Good Films,17-05-2024,2024,5,Friday,0,0,0,0,0,0,0,1.9744,4,1
1541503,Dawood,"An unsuspecting cab driver takes up a petty job, only to fall into the deadly trap of a ruthless gangster. Now, he must fight for surviva or accept that he was born to be hunted",35,"Crime, Comedy, Thriller",Prashanth Raman,"Linga, Dhileban, Saara Aachar, Shah Ra, Radha Ravi",TURM Production House,14-11-2025,2025,11,Friday,0,0,0,0,0,0,0,1.4994,0,0
66534,Annanukku Jey,The son of a toddy seller decides to become a politician to take on bar owner who tries to bring down his father.,23,"Comedy, Drama",La. Rajkumar,"V R Dinesh, Mahima Nambiar, Radha Ravi, Mayilsamy, RJ Balaji",Fox Star Studios,31-08-2018,2018,8,Friday,111,0,0,0,0,0,0,1.591,5.1,11
646518,Neeyum Naanum,"Karthik is a photographer by profession together with his another two friends Arun and Viki. One fine day, he came across Oviya who is after her break-up. Karthik falling in love with her.",33,,Unknown,"Bala Ganapathi William, K.K. Khanna, Jasmine Michael, Khavitha Thangarajan, Rathey Ram",Unknown,20-09-2018,2018,9,Thursday,136,0,0,0,0,0,0,1.9145,6,1
511161,Vennila Kabaddi Kuzhu 2,"The son of a disgraced kabaddi player realises his father's dream of helping his team, Vennila Kabadi Kuzhu, win the title in a kabaddi tournament.",25,Drama,Selvashekaran,"Vikranth, Arthana Binu, Pasupathy, Kishore, Anupama Kumar",Saai Arputham Cinemas,12-07-2019,2019,7,Friday,122,0,0,0,0,0,0,1.6176,4,2
858080,Sardar,An espionage agent who is branded a traitor returns from exile to take down a dubious water project and safeguard the country.,22,"Thriller, Action",P. S. Mithran,"Karthi, Raashii Khanna, Rajisha Vijayan, Laila, Chunky Panday",Prince Pictures,21-10-2022,2022,10,Friday,167,0,0,0,0,0,0,1.4688,6.76,25
1593062,Saaraa,A Thriller Sentimental Story dealing with a son's love to a single mother. An unimaginable sacrifice done between friendship and love in this decade.,24,"Crime, Thriller",Chellakuty,"Sakshi Agarwal, Chellakuty, Vijay Vishwa, Ambika, Yogi Babu",Viswa Dream World,05-12-2025,2025,12,Friday,0,0,0,0,0,0,0,1.3949,0,0
805342,Routtu,"A story of a man trying to save a child life with 200,000 rupees at a private hospital. Many challenges come in his way and many obstacle and a story of a woman trying to save her life from a man he didn't love and from acid.",47,"Drama, Crime",A. C. Manikandan,"Kathiravan Balu, Madhumitha, Mime Gopi, Appukutty, Vaiyapuri",Unknown,20-11-2020,2020,11,Friday,140,0,0,0,0,0,0,1.6138,0,0
1539987,Pookie,"He struggles to tell her he wants to separate. When he finally does, she shares the same thoughts. Suddenly realizing he doesn't want to lose her, they reconcile though both still privately consider breaking up.",35,"Romance, Comedy, Drama",M. C. Ganesh Chandra,"Ajay Dhisan, RK Dhanusha, Pandiarajan, Sunil Varma, Indumathi Manigandan",Vijay Antony Film Corporation,13-02-2026,2026,2,Friday,132,0,0,0,0,0,0,1.4415,0,0
412657,Adhagappattathu Magajanangalay,"Son of a tabla player loses his guitar while he goes to help his friend, a security guard. A burglary attempt takes place and he is worried that he will be caught since the guitar contains his contact details. The movie is about how the hero along with his friend tries to retrieve the guitar.",55,"Romance, Comedy",Inbasekhar,"Umapathy Ramaiah, Reshma Rathore, Karunakaran, Aadukalam Naren, Pandiarajan",Silver Screen Studios,30-06-2017,2017,6,Friday,135,0,0,0,0,0,0,1.5924,10,1
1132645,Unnaal Ennaal,"Three youths come to Chennai in search of livelihood from the village due to poverty. The need for money chases them, and in a way comes an opportunity to run out of their need for money. But they see an injustice behind that opportunity  It seems to be the opportunity of the person who abuses them against conscience. At that moment were they compromised to overcome their poverty? Or did they decide that conscientious humanity is what matters?",78,,A.R.Jayakrishnaa,"Sonia Agarwal, Ravi Mariya, Rajesh, Delhi Ganesh, Sundarrajan",Shri Shri Ganesha creation,02-06-2023,2023,6,Friday,0,0,0,0,0,0,0,1.569,0,0
594176,Zhagaram,"A thriller film directed by Krish, starring Nandha Durairaj and Eden Kuriakosse in the lead roles.",16,"Adventure, Thriller",Unknown,"Nandha, Eden Kuriakose",Unknown,12-04-2019,2019,4,Friday,113,0,0,0,0,0,0,1.6237,5,2
975093,Thunikaram,A notorious child trafficker gets into an ambulance putting the life of a family at risk. Will the family fight him or succumb to the antagonist's evilness?,27,"Crime, Thriller",Baalasudan,"Vinoth Logidhasan, Bharani, Semmalar Annam, Saranya Ravichandran, Jagan",Unknown,06-05-2022,2022,5,Friday,110,0,0,0,0,0,0,1.8138,0,0
1063673,Sand,A former rebel returns home from military detention searching for his missing lover whose plight was yet to be revealed by the rebel’s soothsaying mother.,25,Drama,Visakesa Chandrasekaram,"Sivakumar Lingeswaran, Kamala Sri Mohan Kumar, Thurkka Magendran, Goutam Sharma, Dharu Baalan",Havelock Arts Studio,03-11-2023,2023,11,Friday,100,0,0,0,0,0,0,1.6892,0,0
408467,Kadha Solla Porom,"A couple finds their child missing and the woman who stole the baby goes into coma. Eight years later, four kids from an orphanage go to a summer camp. And one of them is the lost baby!",37,"Family, Drama",Kalyaan,"Aadukalam Naren, Vijayalakshmi, Kaali Venkat, Rajendran, Akshara Kishor",E5 Entertainments,18-05-2016,2016,5,Wednesday,103,0,0,0,0,0,0,1.6515,5,3
1020739,Viyuham,A group of friends with dreams planned to loot a huge amount from a businesswoman by kidnapping her husband.,19,"Adventure, Drama, Crime",Santosh Menon,"Ajmal Ameer, Lal, Anuya Bhagvath, Bava Lakshmanan, Aarthi",SVP Entertainers,21-02-2022,2022,2,Monday,116,0,0,0,0,0,0,1.6281,0,0
280875,Maanga,"Siva aka Maanga is an eccentric inventor and his constant experiments, which often end up in failure, make him a terror to his apartment folk. Disheartened, he tries to commit suicide in a decrepit house which holds a couple of secrets.",41,"Romance, Drama, Comedy",S. R. Raja,"Premji Amaran, Advaitha, Leema Babu, Arjunan Nandakumar, Powerstar Srinivasan",Dream Zone Movies,11-09-2015,2015,9,Friday,135,0,0,0,0,0,0,1.5417,2.5,2
273872,Chithiram Pesuthadi 2,"Thiru, a hired killer, attacks a dreaded gangster with a sickle. However, he is forced to go underground after a man named Kathir witnesses his crime.",26,"Drama, Thriller",Rajan Madhav,"Vidharth, Radhika Apte, Ajmal Ameer, Gayathrie Shankar, Ashok Kumar Balakrishnan",Dream Bridge Productions,15-02-2019,2019,2,Friday,137,0,0,0,0,0,0,1.5012,4,4
1531058,Others,"A detective investigates alarming health issues in IVF babies, revealing a dark plot involving illegal steroids, mystery donors, and corrupt fertility clinics - all orchestrated by someone exploiting people's desire for children.",32,"Action, Thriller",Abin hariharan,"Aditya Madhavan, Gouri G Kishan, Anju Kurian, Jagan, Munishkanth",Unknown,07-11-2025,2025,11,Friday,132,0,0,0,0,0,0,1.4991,7,3
508708,Thappattam,,0,Drama,S. Mujibur Rahman,"Dona Rosario, Durai Sudhakar",Unknown,24-08-2017,2017,8,Thursday,122,0,0,0,0,0,0,1.4413,0,0
416703,Pagiri,"The film deals with the conflict between a young man and his father; while the latter wants him to take up farming, the guy wishes to work in a bar!",30,"Romance, Comedy",Esakki Karvannan,"Prabhu Ranaveeran, Shravya, Ravi Mariya, G. Marimuthu, A. Venkatesh",Unknown,16-09-2016,2016,9,Friday,102,0,0,0,0,0,0,1.7689,2.2,2
1660681,Maragatha Malai,"Set in the 18th century, Maragatha Malai follows a zamindar, Parthiban, who protects his ancestral treasure from a ruthless gang led by Kabala Vendan. During the conflict, his family gets separated when his young son goes missing in the forest. Years later, through struggle, fate, and divine grace, the family reunites and safeguards their legacy in this period fantasy adventure.",60,"Drama, Adventure, Fantasy",S. Lathha,"Santhosh Prathap, Deepshika Umapathy, Thambi Ramaiah, Jagan, Arima Varman",L. G. Movies,03-04-2026,2026,4,Friday,110,0,0,0,0,0,0,1.4722,0,0
1646090,Vowels,"A romantic anthology of five love stories exploring different dimensions: Attraction, Emotion, Intimacy, Obsession, and Unconditional love, each reflecting diverse emotional experiences.",22,"Romance, Drama",Jagan Rajendran,"Yugi Sethu, Chinni Jayanth, Raj Aiyyappa, Samyuktha Viola Viswanathan, Nandu Anand",Riddhi Siddhi Films,13-03-2026,2026,3,Friday,157,0,0,0,0,0,0,1.4674,0,0
582759,Mr. Local,A happy-go-lucky guy lands in trouble after he locks horns with an egoistic lady.,14,"Romance, Action, Comedy",M. Rajesh,"Sivakarthikeyan, Nayanthara, Yogi Babu, Robo Shankar, Radhika Sarathkumar",Studio Green,17-05-2019,2019,5,Friday,157,0,0,0,0,0,0,1.6497,4.6,13
589908,Maanasi,A drama film revolves around bonding between a man and his goat.,12,Drama,Navaz Sulaiman,"Naresh Madeswar, Harissa Begum, Anbil Manimaran, Anoop Pala, Anoop Satheeshan",MJ Films,22-03-2019,2019,3,Friday,155,0,0,0,0,0,0,1.4263,0,0
504409,Naadodigal 2,A set of befriends jointly saving a lovers against the cast antagonists of a bad group after facing so many dramas arranged by the girls family,26,"Comedy, Drama",Samuthirakani,"M. Sasikumar, Anjali, Athulya Ravi, Bharani, Namo Narayana",Madras Enterprises,01-02-2020,2020,2,Saturday,136,0,0,0,0,0,0,1.5923,3.8,5
1048819,College Road,"Ajay, a college student develops software to help nab cyber criminals. At the same time, a cyber crime spree is happening in Chennai. The story revolves around Ajay's college days as he develops the software, falls in love, and heads toward his future. Will he be able to capture the criminals with his software",54,,Jai Amar singh,"Lingesh, Ananth Nag, Ansar, Akshay Kamal, Bommu Lakshmi",MP Entertainment,30-12-2022,2022,12,Friday,0,0,0,0,0,0,0,1.6254,0,0
1590380,Ram In Leela,,0,"Romance, Comedy",Ramachandrran Kannan,"Rio Raj, Vartika, Chetan, Malavika Avinash, Balaji Thiyagarajan",Unknown,21-08-2026,2026,8,Friday,0,0,0,0,0,0,0,1.4881,0,0
725500,Thadayam Mudhal Adhyayam,One of the crime scene turns out to be intriguing for the cop Mathivaanan which links to the series of previous murders with same pattern in the town. Further probing leads him into psychological distress before he gets his eyes on the devil for the intelligent battle.,47,"Crime, Thriller, Drama",Mani Karthik,"Linga, Anand TR, Karthikeyan Ayyacham, Raja Pazhanivel, Suresh P.T",Shark Boys Production,16-07-2020,2020,7,Thursday,44,0,0,0,0,0,0,1.721,0,0
533674,Neeya 2,"A shape-shifting snake-woman, who is in search of her lover, who she lost two decades ago, sets out to win his love again.",23,"Horror, Thriller",L. K. Suresh,"Jai Sampath, Catherine Tresa, Raai Laxmi, Varalaxmi Sarathkumar, Balasaravanan",Jumbo Cinemas,24-05-2019,2019,5,Friday,125,0,0,0,0,0,0,1.5481,0,0
1039825,Rajavum 5 Koojavum,A group of 6 friends plans to travel to Srilanka. The hurdles and issues faced by the gang during their journey and the secretive reason behind it forms the crux.,30,Comedy,Prabhu Aadhithyan,"Arvee, Athmeeya Rajan, Nandha, Ravi Mariya, Rajendran",Unknown,24-10-2022,2022,10,Monday,130,0,0,0,0,0,0,1.5492,0,0
1318304,Once More,"Raghu, a man caught up with a deep hold of grief comes across Anjali, who is spinning everything in her capacity to win him over. The love you gave away always comes back they say. In one way or other. Sometimes from a different human. This is a story of love coming back into the life of someone who doesn’t want to take it. A tale of second chances.. happy healing and bitter sweet closures.",75,"Music, Romance, Comedy",Vignesh Srikanth,"Arjun Das, Aditi Shankar, Dravid Selvam, Sona Olickal, Anusha Prabhu",Million Dollar Studios,28-08-2026,2026,8,Friday,0,0,0,0,0,0,0,1.6497,0,0
1329271,Oho Enthan Baby,"Ashwin goes to actor Vishnu Vishal’s office to pitch a script and ends up narrating his love story. What the actor thinks to be an interval is Ashwin’s climax, it actually is a stoic end to his romantic relationship with Meera. With Vishnu Vishal’s pursual, Ashwin must confront his former lover again, to complete his story and begin his debut directorial.",61,Romance,Krishnakumar Ramakumar,"Rudra, Vishnu Vishal, Mithila Palkar, Anju Kurian, Vaibhavi Tandle",Romeo Pictures,11-07-2025,2025,7,Friday,129,0,0,0,0,0,0,1.6507,5,5
329588,Bench Talkies,"Bench Talkies is a compilation of six films from six filmmakers. The one recognizable name is, of course, Karthik Subbaraj, while the others are all aspiring directors. The films deal with various subjects and are in different genres and are of varying quality.",43,"Action, Comedy, Drama",Karthik Subbaraj,"Guru Somasundaram, Aravind, Nisha Krishnan, Anukush Agarwal, Sandeep Menon",Stone Bench Creations,06-03-2015,2015,3,Friday,116,0,0,0,0,0,0,1.8927,6,1
534953,Kaatrin Mozhi,A housewife's life changes drastically after becoming a radio jockey for the city's biggest radio stations.,16,"Comedy, Drama",Radha Mohan,"Jyothika, Vidharth, Lakshmi Manchu, Elango Kumaravel, M. S. Bhaskar",Creative Entertainers,16-11-2018,2018,11,Friday,122,0,0,0,0,0,0,1.4165,7.6,11
527666,X Videos,"Journalist has a new assignment, to find out public’s reaction to government’s move of shutting down porn websites. However, his assignment becomes a personal task when his friend commits suicide because an intimate video he’d shot of his wife makes it to one of the sites.",46,"Drama, Thriller",Sajo Sundar,"Ajay Raj, Akriti Singh, Abhinav, Kabali Vishwanth, Riyamikka",Colour Shadows Entertainment,01-06-2018,2018,6,Friday,108,0,0,0,0,0,0,1.6701,4.6,5
447842,Nila,A young man meets his childhood love one rainy night in the city of dreams. When they both realise that the desire for more can ruin what is special between them do they listen to their head or their heart?,40,"Drama, Romance",Selvamani Selvaraj,"Sruthi Hariharan, Sarvesh Sridhar",Skylab Pictures,22-09-2016,2016,9,Thursday,96,0,0,0,0,0,0,1.4436,7.9,8
931853,Agent Kannayiram,"A struggling private detective is drawn towards a mystery around unidentified dead bodies turning up near railway tracks, and soon the case becomes significant both at the professional and personal levels.",31,"Crime, Thriller, Comedy",Manoj Beedha,"Santhanam, Riya Suman, Pugazh, Sruthi Hariharan, Munishkanth",Labyrinth Films,25-11-2022,2022,11,Friday,143,0,0,0,0,0,0,1.7439,6.5,2
1645649,Messenger,"After a heartbreak, engineer Sakthi attempts suicide but is saved by messages from Anandhi, a deceased Facebook friend. He falls in love with her spirit and marries her, until she threatens to leave, testing their supernatural bond.",37,"Fantasy, Romance",Ramesh Elangamani,"Manisha Jashnani, Livingston, Sreeram Karthik, Priyadarshini Rajkumar, Cool Suresh",Unknown,31-10-2025,2025,10,Friday,0,0,0,0,0,0,0,1.5549,0,0
344157,Budhanin Sirippu,"Story of three person challenges the evil practices of country’s corruption, abuse of power and officer lethargic management.",18,"Comedy, Drama",Victor Divedson,"Samuthirakani, Vivek, Mahesh, Mithra Kurian, Munnar Ramesh",The Vibrant Movies,05-06-2015,2015,6,Friday,123,0,0,0,0,0,0,1.3488,8.5,1
1413333,Retta Thala,"Kaali, a struggling Pondicherry orphan encounters his rich Goa doppelganger Malpe Upendra with criminal past, leading to identity swaps and messy consequences. Corrupt cop Thiraviyam and Upendra’s enemies soon conspire to put that to an end.",36,"Action, Thriller",Krish Thirukumaran,"Arun Vijay, Siddhi Idnani, Yogesh, John Vijay, Tanya Ravichandran",BTG Universal,25-12-2025,2025,12,Thursday,113,0,0,0,0,0,0,1.2065,2.5,2
1213076,Fight Club,"A young boy Selva chasing his football sports dreams suffers a major setback, grows into an angry young man who is drawn into conflicts by evil forces involving him and his family, which he must navigate and reform.",38,"Action, Drama, Thriller",Abbas A Rahmath,"Vijay Kumar, Monisha Mohan Menon, Avinash Raghudevan, Kaarthekeyen S, Shankar Thas",Reel Good Films,15-12-2023,2023,12,Friday,135,0,0,0,0,0,0,1.2336,6.6,16
980044,"August 16, 1947","An atrocious British general is in charge of a secluded fictional village in pre-Independence Madras.  Spanning in three days, from 14 August to 16 August 1947 and follows the illiterate and oppressed villagers’ lives as they fail to receive the news of India’s Independence due to isolation. A local lout, Param, leads a revolt to free them all.",58,"Action, Drama",NS. Ponkumar,"Gautham Ram Karthik, Revathy Sharma, Pugazh, TSR, Richard Ashton",Unknown,07-04-2023,2023,4,Friday,144,0,0,0,0,0,0,1.5711,5,5
1035769,Oru Nalla Tamizh Paatin Mudhal Vari,A film on Procrastination made by Procrastinating a bit too much.,11,"Drama, Comedy",Shriviyas,"Shriviyas, Selva Kumar",Adopted Superhero,15-10-2022,2022,10,Saturday,17,0,0,0,0,0,0,1.9077,8,2
1568076,Mayilaa,Mayilaa embarks on a journey as a travelling salesperson in Southern India to fulfil her expensive obligations. The only problem: she doesn’t know how to sell. A sharp yet heartwarming tale of a mother-daughter duo finding their feet on the road.,41,Drama,Semmalar Annam,"Melodi Dorcas, Shudarkodi V, Sathya Maruthani, Geetha Kailasam, Auto Chandran",Newton Cinema,31-01-2026,2026,1,Saturday,97,0,0,0,0,0,0,1.6495,0,0
1568600,Kadhal Reset Repeat,"Two people attempt to restart their romance after a major breakdown, believing that a “reset” will fix what went wrong. Just as hopeful habits begin, the shoals of memory, regret and new expectations force them to search for what they really want. A loop of love, loss and renewal takes them through familiar terrain with unfamiliar stakes.",57,"Romance, Comedy, Drama",A. L. Vijay,"Madumkesh, Jiya Shankar, Arjun Ashokan, M. S. Bhaskar, Jayaprakash",Maali & Manvi Movie Makers,06-03-2026,2026,3,Friday,137,0,0,0,0,0,0,1.5007,0,0
835017,Varisu,"Vijay, The prodigal son of business tycoon Rajendran agrees to take over the reins of the business, much to the chagrin of his brothers. But can Vijay prove himself to be a worthy varisu and also reunite his now-broken family?",40,"Action, Adventure",Vamshi Paidipally,"Vijay, R. Sarathkumar, Jayasudha, Srikanth, Shaam",Sri Venkateswara Creations,11-01-2023,2023,1,Wednesday,169,0,0,0,0,0,0,1.5818,5,64
485455,Thittivasal,"A collector, a cop and a minister want to displace a community of tribal people from their mountain homes for their personal gains.",23,"Thriller, Drama",M. Prathapmuraali,"Nassar, Ajay Rathnam, Kinni Vinodh, Tanu Shetty, Mahendran",K3 Cine Creations,03-11-2017,2017,11,Friday,113,0,0,0,0,0,0,1.571,0,0
480852,100% Kaadhal,"Balu and Mahalakshmi fall for each other but separate due to ego problems. Years later, when their grandmother falls ill, they are forced to confront each other resulting in chaos for both their families.",34,"Drama, Romance, Family",M. M. Chandramouli,"G. V. Prakash Kumar, Shalini Pandey, Nassar, Jayachitra, Rekha",Creation Cinemas NY,04-10-2019,2019,10,Friday,151,0,0,0,0,0,0,1.4885,5.3,3
337653,Thunai Mudhalvar,"A man, who is elected as an MLA, stages his own death so that his remote village will reap the benefits of the largesse that political parties will bestow on the place when a by-election is announced.",37,,R.Vivekanand,"K. Bhagyaraj, Jayaram, Shweta Menon, Sandhya, Manobala",Anugrahada Art Films,10-04-2015,2015,4,Friday,145,0,0,0,0,0,0,1.4708,1.5,1
1593339,Yaarra Antha Paiyan Naanthan Antha Paiyan,"Vijay and Shalini’s marriage is crumbling under constant misunderstandings. In the same city, Deepika loses her alcoholic husband Manikandan and is left drowning in loneliness.  Seeking comfort, Deepika and Vijay cross the line and fall into a secret affair.But danger strikes when Sukumar, a corrupt sub-inspector obsessed with Deepika, begins  hunting her for his own desires. As guilt closes in on Vijay and suspicion rises for Shalini, Deepika is trapped between a forbidden relationship and a ruthless predator.  Will Shalini discover the truth? And can Deepika escape Sukumar’s grip before everything collapses?",92,"Drama, Romance",Paul raj,"Paul raj, Gayatri Rema, Swetha Sree, Ravi Mariya, Sivakumar",PR Productions,06-03-2026,2026,3,Friday,125,7515000,0,0.75,0,0,0,1.4467,0,0
1384671,Alangu,Centres around the clashes between Kerala's political group and Tamil Nadu's tribal youths.,13,"Action, Thriller",Sakthivel Perumalsamy,"Chemban Vinod Jose, Kaali Venkat, Sarath Kumar, Shanmugam Muthusamy, Kotravai",DG Film Company,27-12-2024,2024,12,Friday,0,0,0,0,0,0,0,1.782,0,0
1238522,Birthday Bumps,"In a college hostel, Kirumi's birthday bash turns tragic when birthday bumps go awry, leading to his unexpected demise. As his friends grapple with guilt, they uncover a quirky twist of fate that challenges their perceptions of life, friendship, and destiny.",41,"Drama, Comedy",Kamalesh Indira,"Deepak Karthikeya, Roshaan, Manoranjan, Hemraj, Abbas",Unknown,31-01-2024,2024,1,Wednesday,25,0,0,0,0,0,0,0.9942,0,0
912471,Maaligai,"ACP Shanti, an honest police officer, is given the responsibility of investigating the mysterious deaths at a palace in Kanchipuram. But when she gets there, the situation turns from bad to worse.",32,"Action, Drama, Thriller",Dil Sathya,"Mohammad Ali, Andrea Jeremiah, J. Karthik, Meera Krishnan, Manobala",Unknown,29-10-2021,2021,10,Friday,116,0,0,0,0,0,0,1.3893,3,1
527688,0.776724537,,0,Drama,K. Ganeshan,Subash Chandra Bose,Unknown,18-05-2018,2018,5,Friday,130,0,0,0,0,0,0,1.2322,0,0
412197,Maragadha Naanayam,"Senguttuvan and Elango are hired by a jewel smuggler to find a cursed treasure responsible for the death of many. Later, with the help of a priest, they summon three spirits to locate the treasure.",35,"Fantasy, Romance, Thriller",ARK Saravanan,"Aadhi Pinisetty, Daniel Annie Pope, Anandaraj, Nikki Galrani, Munishkanth",Axess Film Factory,16-06-2017,2017,6,Friday,132,0,0,0,0,0,0,1.4365,6.595,21
1507233,Manithan Deivamagalam,"A hardworking villager and his wife hope to build a better life after starting a small roadside eatery with borrowed money. But when he dares to question local power and demand basic improvements for his neglected village, he finds himself caught in a growing conflict involving debt, politics, and the fight for dignity.",53,"Crime, Drama, Family",Dennis Manjunath,"Selvaraghavan, Kushee Ravi, R. S. Sathish, Kausalya, Y. G. Mahendran",Vyom Entertainments,10-04-2026,2026,4,Friday,125,0,0,0,0,0,0,1.397,0,0
582333,Pettikadai,A young doctor decides to help the small traders of a village who are financially affected by the presence of an online supermarket.,23,Drama,Esakki Karvannan,"Samuthirakani, Varsha Bollamma, Chandhini Tamilarasan, Sundarrajan, Rajendran",Lakshmi Creations,22-02-2019,2019,2,Friday,112,0,0,0,0,0,0,1.5362,0,0
912373,Jinx,"Krish is a married young man who starts experiencing terrorizing dreams during episodes of sleep paralysis. Trouble beckons when the incidents from his paralysis begin to come true as he gets entrapped in a chilling, dark hallucination.",37,"Horror, Thriller",Lingesh Janarthanam,"Gowri Shankar, Noyaline Christina, Krishan Jayaseelan, Vikneshan Thevaraj, Githen Kiruba",Technical Glitch Productions,05-12-2021,2021,12,Sunday,27,0,0,0,0,0,0,1.5525,0,0
520918,Kambathe Kannemma,Kambathe Kannemma a Malaysian Tamil Movie presented by Maraz Ravi under D`Cinema Sdn Bhd. The movie was directed by KK Khanna.,21,Comedy,K.K. Khanna,"Tokoh Sathia, Sasikumar, Sangeeta Krishnasamy, Sam 'Comedy King', R. Nithyashree",DCinema Sdn Bhd,28-04-2022,2022,4,Thursday,0,0,0,0,0,0,0,1.4575,0,0
521857,Samuga Valaithalam,,0,Drama,Eesan,"Badri, Priya, Padma, Bala Singh, Ravi Raja",Victory Films,19-01-2018,2018,1,Friday,0,0,0,0,0,0,0,1.3819,0,0
618907,Raangi,"Thaiyal Nayagi, a journalist from Chennai, happens to connect with a terrorist in Tunisia through a fake account in the name of her 16-year-old cousin, Sushmitha. Little she knew that this would put herself and her cousin in danger.",39,"Action, Thriller",M. Saravanan,"Trisha Krishnan, Anaswara Rajan, Gopi Kannadasan, Lizzie Antony, Waqar Khan",Lyca Productions,30-12-2022,2022,12,Friday,121,0,0,0,0,0,0,1.5487,3.1,8
270769,Andhadhi,"A minister gets a kickback in hundreds of crores for sanctioning a solar power project. This leads to a kidnapping and a murder, and two young police offers, who are also childhood friends, try to tackle the problem in their own ways.",42,Action,Ramesh Venkatraman,"Arjun Vijayaragavan, Anjena Kirti, Bhargav Chakravarthy, Karthik Nagarajan, Sahithya Jagannathan",Dewdrop Pictures,09-10-2015,2015,10,Friday,0,0,0,0,0,0,0,1.3422,2.8,3
1586508,BP 180,"Thangam is an honest doctor working at Pennery Hospital. He has a sister named Selvi and a brother named Stalin. Arnold, a villain from Kasimedu area,Through this, Thangams brother Stalin is killed. The story revolves around whether Thangam did a postmortem on Bharathis body.",44,"Crime, Thriller",JP,"Tanya Ravichandran, Daniel Balaji, K. Bhagyaraj, Tamizh",Radiant International Films,28-11-2025,2025,11,Friday,133,0,0,0,0,0,0,1.2016,0,0
330420,Puli,A virtuous soldier Magadheera aka Puli (Tiger) vows to save his people from the rule of a cruel queen and her treacherous Marshal. Does good triumph over evil?,28,"Fantasy, Action, Adventure",Chimbu Deven,"Vijay, Sridevi, Sudeepa, Shruti Haasan, Hansika Motwani",SKT Studios,01-10-2015,2015,10,Thursday,155,0,0,0,0,0,0,1.5899,4.135,48
370067,Vidayutham,"Devathai, who is the daughter of the ex minister Chitravel comes across her first love Kaushik at her grandmother's death.She starts her love adventure to know more about Kaushik. Meanwhile her elder sister Nithya develops a relationship with her father's rival Paddi Alandhan's son Prakash. A special investigating officer Nagaraj is set to unravel the clues and discover the man behind the four mysterious murders which occurred in Chitravel's house.",70,"Horror, Romance",Nagamaneci,"Tanvi Ganesh Lonkar, Ram Saravanan, Nagamaneci, Vettri, Kadhal Thandapani",Sree Nagaraja Sarpayakshi Films,18-03-2016,2016,3,Friday,138,0,0,0,0,0,0,1.3302,3,1
1136928,Naayaadi,"Ancient India 1000's of years ago is filled with mystery and it is believed the witchcraft voodoo and black magic originated from ancient India.  There were several tribes involved in worshiping dark gods and performing human sacrifices.  At present an old couple buys a 200 year old bungalow to convert into a resort but to their horror they finds out the estate has a  supernatural entity  They seek help from a group of young youtubers to find more about the supernatural presence.Will the young youtubers be able to find out the centuries old secret and reveal the truth. What is the connection between them , the estate and Naayaadi ?",110,,Adarsh Madhikanth,"Adarsh Madhikanth, Kadhambari Sowmya, Malavika Manoj, Fabby, Nivas S Saravanan",Advik Visual Media,23-06-2023,2023,6,Friday,102,50587640,0,5.06,0,0,0,1.4281,8.5,2
1563192,Lenin Pandiyan,,0,"Drama, Crime, Romance",D. D. Balachandran,"Gangai Amaran, Roja Selvamani, Darshan Ganesan, Shrita Rao, George Mariyan",Sathya Jyothi Films,25-09-2026,2026,9,Friday,0,0,0,0,0,0,0,1.6429,0,0
585280,Vilambaram,"A romantic film directed by KA Suriyanithi, starring Abhinay Vaddi, Aishwarya Rajesh and Shri Ayrah in the lead roles.",19,,K. A. Suriyanithi,"Abhinay Vaddi, Aishwarya Rajesh, Shri Ayrah, Thambi Ramaiah",Moon Medias,01-03-2019,2019,3,Friday,134,0,0,0,0,0,0,1.6566,0,0
583999,Arandavanukku Irundathellam Pei,"A horror comedy film directed by MS Selvam, starring Anu Krishna and Dr Saravanan in the lead roles.",18,,M. S. Selvam,"Anu Krishna, Singampuli, Bonda Mani, Nellai Siva",Madurai Cine Productions,22-02-2019,2019,2,Friday,122,0,0,0,0,0,0,1.6251,0,0
1685882,Modha Rathiri,,0,"Romance, Comedy",Raja Karuppasamy,"Rishikanth, Anishma Anilkumar, Bagavathi Perumal, Chetan, Abdool Lee",Mythri Movie Makers,21-08-2026,2026,8,Friday,0,0,0,0,0,0,0,1.4244,0,0
1386105,Piranthanaal Vazhthukal,"Anpu lives an alcoholic life, and one day his friends and family members take him alive to a graveyard and try to burn him to death with posthumous rituals. The film moves forward with a social commitment in a village setting, as he witnesses his own funeral.",47,,Raju Chandra,"Appukutty, Roji Mathew, Santhosh Swaminathan, Sreeja Ravi, Aiswarya Anilkumar",Plan3 Studios Pvt. Ltd.,21-02-2025,2025,2,Friday,106,0,0,0,0,0,0,1.5485,0,0
376440,Si 3,"A reputed cop from Tamil Nadu takes charge in Andhra Pradesh to solve the mysterious murder of a top police officer, and takes on local thugs and criminals during the course of his mission.",34,"Crime, Action",Hari,"Suriya, Anushka Shetty, Shruti Haasan, Radha Ravi, Yuvarani",Studio Green,26-01-2017,2017,1,Thursday,155,0,0,0,0,0,0,1.346,5.5,46
773288,Kamali from Nadukkaveri,"Kamali is a happy-go-lucky girl from a small town. She is a weak student who is hardly interested in studies when she falls in love with a studious boy in Chennai who aspires to make it to IIT Madras. She decides to take her studies seriously and convinces her father to go for higher studies. With the help of a retired professor in her village, she starts preparing for exams to join IIT Madras if only to meet her love.",80,"Drama, Romance",Rajasekar Duraisamy,"Anandhi, Rohit Saraf, N. Azhagamperumal, Prathap Pothan, Rekha Suresh",Unknown,19-02-2021,2021,2,Friday,150,0,0,0,0,0,0,1.223,6.6,7
1072284,Aadhitya Arunachalam,,0,"Action, Drama",Ben G,"Gaffar, Banumathi, Shamini Ramasamy, Aghoderan, Sivakumar Lingeswaran",Unknown,16-02-2023,2023,2,Thursday,120,0,0,0,0,0,0,2.2669,0,0
368837,Sethu Boomi,"A story about an aspiring young man who works in the Chennai city, who wants to go abroad for work, this film has a huge twist after the hero meets with the heroine. The heroine, who loses her mother when she was born, wants her future husband to stay at her place after marriage.",54,"Action, Romance",Kenthiran Muniasami,"Thaman Kumar, Samskruthy Shenoy, Junior Balaiah, Singampuli",Royal Moon Entertainment,05-02-2016,2016,2,Friday,116,0,0,0,0,0,0,1.554,0,0
329138,Pulan Visaranai 2,A team of workers at a petroleum plant dies while on holiday when their bus falls into a ravine. A police office discovers that the deaths were not an accident but pre-planned murder. Why did those people die and who plotted their murder?,43,Thriller,R K Selvamani,"Prashanth, Karthika Mathew, Aswini, Mansoor Ali Khan, R. K.",Unknown,30-01-2015,2015,1,Friday,0,0,0,0,0,0,0,1.404,3,1
1240973,The Feast,A fisherwoman takes on a powerful local politician by hosting a feast for him using an unforgettable secret dish that could save her dying lake.,25,,Rishi Chandna,"Jeevesvaran Anbarasi, Janagi, George Vijay Nelson",Unknown,03-02-2024,2024,2,Saturday,25,0,0,0,0,0,0,1.1767,0,0
1560749,Mylanji,"Surya, a National Geographic photographer who struggles with a rare speech disorder, travels to Ooty to capture a rare bird and unexpectedly meets Charu, a lively orphan trapped by a forced marriage. Desperate to escape, Charu decides to fall in love with another man, while unknowingly growing closer to Surya during their birding journeys.. On the day Kathir comes to take Charu away, fate stands still—leaving one haunting question: will love choose truth, or sacrifice?",75,"Drama, Romance",Ajayan Bala,"Sreeram Karthik, Krisha Kurup, Munishkanth, Singampuli",Ajay Arjun Productions,13-02-2026,2026,2,Friday,118,0,0,0,0,0,0,1.6497,0,0
1144625,Pallavi Bakery,"Pallavi is an independent woman who had struggling childhood and after so much of struggle she owned a Bakery (Pallavi Bakery) Adithya, a spoiled brat requested to work as her waiter in the bakery since he is not good in cooking. Eventually, both started to fall in love. Things goes well until Parvathi came into their life. Parvathi tries to manipulate Pallavi to get her secret recipe. She also creates a lot of misunderstanding between the people who is very attached with Pallavi. Will Parvathy get the secret recipe from Pallavi? How will Pallavi knows the truth? Will Pallavi and Adithya gets together?",103,"Drama, Romance, Comedy",Sathish Natarajan,"Irfan Zaini, Shalini Balasundaram, Vemanna Appannah",Story Films Sdn Bhd,05-11-2021,2021,11,Friday,103,0,0,0,0,0,0,1.4886,8,1
1505305,Immortal,"An unsuspecting man finds himself at the center of a series of mysterious deaths, forcing him to confront a truth that could cost him everything.",25,"Romance, Thriller, Horror, Fantasy",Mariyappan Chinna,"G. V. Prakash Kumar, Kayadu Lohar, T.M. Karthik, Kumar Natarajan, Lollu Sabha Maaran",Unknown,04-09-2026,2026,9,Friday,0,0,0,0,0,0,0,1.7198,0,0
272678,49-O,"Karikalan a selfish politician, in collusion with a real estate agent, usurps the lands of farmers in a village. Savuri decides to expose the politician and get the lands back to the villagers in a novel manner.",37,"Drama, Comedy",P. Arokiyadoss,"Goundamani, Bala Singh, Guru Somasundaram, Rajendran, Thirumurugan",Zero Rules Entertainment,17-09-2015,2015,9,Thursday,128,0,0,0,0,0,0,1.4116,5.5,6
370721,Vinodhan,"Vinodhan is an upcoming Tamil drama film directed by Victor Jayaraj and produced by Prabhu Deva. The film features Varun, Vedhika and Salony Luthra in the leading roles, while Madhan Karky has written the dialogues for the film. The film, which focusses on the issue of obsessive–compulsive disorder, will release in early 2016.",53,Drama,Victor Jayaraj,"Varun Kamal, Vedhika, Salony Luthra, Karthik Kumar, Rohini",Prabhu Deva Studios,01-09-2018,2018,9,Saturday,0,0,0,0,0,0,0,1.4223,0,1
555633,Roobha,"A beautiful twenty-year old transwoman dancer, Roobha, falls in love with a much older charismatic family man, Anthony, giving him a sense of escape and solace from his mundane life and troubles.",32,Drama,Lenin M. Sivam,"Amrit Sandhu, Antonythasan Jesuthasan, Thenuka Kantharajah, Dan Bertolini, Brian Scott Carleton",Unknown,09-12-2017,2017,12,Saturday,91,0,0,0,0,0,0,1.6563,3.6,5
415850,Manal Kayiru 2,A doting father gives his nod to his daughter’s conditions for marriage and the confusions and struggle which the family faces following that…,23,"Drama, Comedy, Family",R. Madhan Kumar,"S.Ve. Sekar, Ashwin Sekhar, Poorna, Jayashree, Visu",Sri Thenandal Films,23-12-2016,2016,12,Friday,140,0,0,0,0,0,0,1.5499,0,0
804580,Chithambaram Railwaygate,"A Tale of love filled with, friendship turned enemity, politics.",10,"Action, Drama, Romance",Sivapavalan,"Mahendran, Anbu Mayilsamy, Neeraja, Gayatri Rema, Daniel Annie Pope",Unknown,05-02-2021,2021,2,Friday,115,0,0,0,0,0,0,1.3089,0,0
1323267,Sorgavaasal,A common man imprisoned in a corrupt system questions whether jails truly rehabilitate or push individuals deeper into crime's abyss.,20,"Action, Crime, Thriller, Drama",Sidharth Viswanath,"RJ Balaji, Selvaraghavan, Natarajan Subramaniam, Karunas, Saniya Iyyappan",Think Studios,29-11-2024,2024,11,Friday,135,250500000,0,25.05,0,0,0,1.2985,6.714,7
587186,Teddy,"Srividya had a minor accident and was taken to a hospital. But while getting treated, she is instead kidnapped with the help of the hospital staff.  While her kidnappers keep her in a medically induced coma, she has an out-of-body experience, where she gets into the body of a teddy bear.  Shiva, who has a photographic memory, remembers everything in his life. Shiva completed many master's degrees and a PhD in no time with this capability. While Shiva saves a teenager from local goons on a public train, the teddy watches him and decided to get help from him.  Teddy (as Sri's soul) seeks Shiva who helps find her kidnapped body, which they find in Azerbaijan. What happens to Sri and how Shiva defeats the mastermind behind this forms the crux of the story.",134,"Action, Thriller, Fantasy, Adventure",Shakti Soundar Rajan,"Arya, Sayesha Saigal, Sakshi Agarwal, Sathish, Karunakaran",Studio Green,12-03-2021,2021,3,Friday,130,0,0,0,0,0,0,1.5038,6.524,21
1427163,Ring Ring,An entertaining and light-hearted depiction of how a seemingly innocent game can unravel deep secrets and test the strength of friendship and relationships.,23,"Comedy, Drama",S. Sakthivel,"Vivek Prasanna, Sakshi Agarwal, Swayam Siddha, Arjunan Nandakumar, Daniel Annie Pope",Diya Cine Creations,31-01-2025,2025,1,Friday,0,0,0,0,0,0,0,1.209,0,0
614617,Miya,An aborted child's ghost takes revenge!,6,"Horror, Thriller",R. L. Ravi,"Sonia Agarwal, Namitha, Veerendra Chowdary, Shiny, Meenu",Unknown,26-12-2020,2020,12,Saturday,113,0,0,0,0,0,0,1.433,0,0
652784,Joshua Imai Pol Kaakha,A contract killer seeking a different profession is assigned to protect a high-profile speaker.,14,"Action, Crime, Thriller",Gautham Vasudev Menon,"Varun Kamal, Raahei, Krishna Kulasekaran, Dhivyadharshini, Mansoor Ali Khan",Vels Film International,01-03-2024,2024,3,Friday,128,0,0,0,0,0,0,1.3415,3.8,5
752961,Annaatthe,"Kaaliyan is a village president in the Madurai district, who is fondly called Annaatthe. His nieces compete with each other to marry him. But, he falls in love with another woman who visits their village. Kaaliyan has a sister who gets married and shifts to Kolkata where she faces some unknown threats. Soon, her brother comes to her aid.",59,"Action, Family, Drama",Siva,"Rajinikanth, Keerthy Suresh, Jagapati Babu, Soori, Nayanthara",Sun Pictures,04-11-2021,2021,11,Thursday,163,0,0,0,0,0,0,1.5107,4.7,25
525162,To Let,The struggle of a family of three as they search for a house to rent after being given an ultimatum to vacate their house by their land lady.,28,Drama,Chezhiyan,"Santhosh Nambirajan, Sheela Rajkumar, Dharun, Aadhira Pandilakshmi",Zhla Cinema,21-02-2019,2019,2,Thursday,99,0,0,0,0,0,0,1.4643,7.1,9
587211,God Father,"Godfather is a Tamil action movie, directed by Jegan Rajshekar. The cast of Godfather includes Natarajan Subramaniam,Lal.",17,,Jegan Rajshekar,"Natarajan Subramaniam, Lal, Ananya, Ashwanth Ashokkumar, G. Marimuthu",Clap Entertainment,21-02-2020,2020,2,Friday,104,0,0,0,0,0,0,1.2459,6,4
563309,Bigil,"A do-gooder don wants his footballer son to uplift the life of his people by becoming a champion, but fate draws the youngster into a life of violence. Will he be able to fulfill his father’s dream when an opportunity comes his way seven years later?",46,"Drama, Action, Family",Atlee,"Vijay, Nayanthara, Jackie Shroff, Kathir, Vivek",AGS Entertainment,17-10-2019,2019,10,Thursday,177,0,0,0,0,0,0,1.399,6.263,78
1606490,Andakagasam,Someone who wants to be a hero...He enters a 100-year-old castle where kings lived in search of money...whether he takes the money or not is the story...a story that takes place one night...,33,,Gasnaper Khan,"Powerstar Srinivasan, Karunya Chowdry, Rashmitha Hiwary",Unknown,06-03-2026,2026,3,Friday,120,9288289.5,0,0.93,0,0,0,1.3406,0,0
460223,Tube Light,"Following an accident, a young man starts suffering from an unusual disorder — he starts hearing things only after a delay! Can this ‘tubelight’ succeed in his romance?",28,Comedy,Indra,"Indra, Adithi, Pandiarajan, Praveen Prem, Thribuvan",Ostrich Films,02-06-2017,2017,6,Friday,120,0,0,0,0,0,0,1.2122,6,1
607145,Rocketry: The Nambi Effect,"The story of the great Indian rocket scientist, Shri Nambi Narayanan's life, a true patriot, who was turned into a villain in the blink of an eye after being falsely accused of treason.",33,"Drama, History",R. Madhavan,"R. Madhavan, Simran, Misha Ghoshal, Jagan, Dinesh Prabhakar",Tricolor Films,01-07-2022,2022,7,Friday,154,659650000,325650000,65.97,32.56,-334000000,-50.63,1.264,7.703,65
448773,Nisabdham,A happily married couple’s life turns into trauma after their eight-year-old daughter is raped. Will the family be able to put their lives back on track?,26,"Crime, Drama",Michael Arun,"Baby Sathanya, Ajay, Abhinaya, Kishore, A. Venkatesh",Miracle Pictures,10-03-2017,2017,3,Friday,126,0,0,0,0,0,0,1.3874,10,1
1382504,Padaiyappa Oonjal,This story involves a mission to be accomplished by 4 men; three cousins and a newly found acquaintance Thayalan.,19,"Drama, Family",Unknown,"Vicky Rao, Loga Varman Strideran, Karu, Parameswary, Pughaz",Unknown,31-10-2024,2024,10,Thursday,105,0,0,0,0,0,0,2.0486,0,0
396865,A Yellow Bird,"It is an unwelcome homecoming for Siva, a Singaporean-Indian ex-convict, haunted by a tragedy in his past. Released after eight years behind bars and dejected by his mother’s coldness, he leaves home in search of his ex-wife and daughter. His old friend denies any knowledge of their whereabouts and instead leads him back into crime. Finding him sheltering in ‘void decks’ (the open public access corridors found beneath government-built residential housing in Singapore), the police force him to meet with a social worker; a woman also dealing with her own fears.",91,Drama,K. Rajagopal,"Sivakumar Palakrishnan, Seema Biswas, Huang Lu, Marcus Mok, Indra Chandran",Akanga Film Asia,18-05-2016,2016,5,Wednesday,90,0,0,0,0,0,0,1.2246,5.5,13
1576223,Rage,"Anbu, a taxi driver from Kannagi Nagar, meets Regina, a mute IT employee, during his regular trips and falls for her. When he learns about her troubled personal life, he suppresses his feelings. One night, Regina dies in what appears to be an accident—but soon, it’s revealed to be a planned murder. Shockingly, multiple unconnected people are involved. RAGE follows Anbu’s journey to uncover the truth behind Regina’s death and the tangled motives that led to it.",77,Thriller,Sivanesan,"Shan, Shirley Babithra, Saravanan, Munishkanth, Ramachandran Durairaj",Unknown,18-09-2026,2026,9,Friday,132,28306500,0,2.83,0,0,0,1.3798,0,0
1165360,Junglefowl,"In a small village in northern Sri Lanka, a young girl is forced to confront the consequences of a deadly civil war as a wounded freedom fighter is brought in to their home.",33,,Kalainithan Kalaichelvan,,Black Caper Films,10-08-2023,2023,8,Thursday,17,0,0,0,0,0,0,1.6232,0,0
520911,Puthiya Payanam,"Siddarth is a college drop-out struggling to find a proper job. Though he has a passion in running, he has lost the will to live his life. The twisted hand of destiny has filled his journey with hardships and surprises. In order to improve his lifestyle, he works hard to overcome his misery and lead a better life.",58,"Action, Drama",Raven,"Raven, Lavysha, Koghilan Suren, Taron Alagess",SB Production,06-03-2016,2016,3,Sunday,90,0,0,0,0,0,0,1.2533,0,0
1627911,Kadhal Kadhai Sollava,"This story tells about ""Micheal And Shreya"" who participate in the Program , which Actor Vijaysethupathi Conducts through FM ""Kadhal Kadhai Sollava""",22,"Romance, Drama",Kanmani Raja,"Jayaram, Nakul, Athmeeya Rajan, Rittika Sen, Vijay Sethupathi",Unknown,06-02-2026,2026,2,Friday,123,0,0,0,0,0,0,1.6091,0,0
1728546,Adhiran,"Aadhi, framed in a drug bust, is sent to a secret island prison. Fueled by love for Kavi, he battles the mafia's wrath and fights to escape. Can he survive and return home?",33,"Romance, Crime",Thinesh Kanagaraj,"Michelle Dilhara, Sudharshan Raveendran, Karunakaran, Elroy Amalathas, Krishan Vinothan",Adrian Productions,22-11-2025,2025,11,Saturday,145,0,0,0,0,0,0,1.5901,0,0
1628307,Karuppu Pulsar,Set against the backdrop of jallikattu culture. Two men's lives intersect - one from Chennai who owns a Pulsar motorcycle and another from Madurai with a bull named Karuppu.,29,Action,Murali krish,"V R Dinesh, Mansoor Ali Khan, Reshma Venkatesh, Saravana Subbiah, Arjai",Yasho Entertainment,30-01-2026,2026,1,Friday,114,0,0,0,0,0,0,1.3974,0,0
855397,Etharkkum Thunindhavan,"A lawyer turns judge jury and executioner and goes after a gang, led by a minister's son, that threatens women with videos of them.",24,"Action, Drama, Family",Pandiraj,"Suriya, Priyanka Arul Mohan, Vinay Rai, Sathyaraj, Saranya Ponvannan",Sun Pictures,10-03-2022,2022,3,Thursday,151,0,0,0,0,0,0,1.2842,5.9,40
1132152,Ace,"Kannan,  with a past comes to Malaysia to turn over a new leaf. But when he realises that the girl he loves needs money to get out of a difficult situation, he commits a robbery that makes him the target of a fearsome gangster and the girl’s stepfather, an immoral cop.",51,"Crime, Comedy, Action",P. Arumugakumar,"Vijay Sethupathi, Rukmini Vasanth, Yogi Babu, B. S. Avinash, Babloo Prithiveeraj",7C's Entertainment,23-05-2025,2025,5,Friday,154,0,0,0,0,0,0,1.2202,5.1,8
493107,Saamy²,The son of Aarusaamy becomes a cop and takes on the criminal who murdered his parents.,16,"Action, Thriller, Romance",Hari,"Vikram, Keerthy Suresh, Prabhu, Aishwarya Rajesh, Soori",Thameens Films,21-09-2018,2018,9,Friday,157,0,0,0,0,0,0,1.544,3.4,15
1732605,Sannidhanam P.O.,A mother's search for her son who went missing when he was a child.,14,"Drama, Mystery",Amutha Sarathy,"Yogi Babu, Sithara, Roopesh Shetty, Varsha Vishwanath, Pramod Shetty",Unknown,05-06-2026,2026,6,Friday,130,0,0,0,0,0,0,1.4543,0,0
536617,Kazhugu 2,"Two petty thieves based out of Theni, masquerading as hunters, come to the forests of Kodai to save people settled there from deadly wolf attack .",26,"Drama, Thriller, Romance",Sathyasiva,"Krishna Kulasekaran, Bindu Madhavi, Kaali Venkat, Hareesh Peradi, M. S. Bhaskar",Unknown,01-08-2019,2019,8,Thursday,126,0,0,0,0,0,0,1.3078,2,1
366320,Apoorva Mahan,,0,Drama,K.R.Manimuthu,"Sai Murali, Scissor Manogar, Suman Talwar, Vadivukarasi, Delhi Ganesh",Unknown,30-10-2015,2015,10,Friday,0,0,0,0,0,0,0,1.126,8,1
1254149,Athomugam,"Playful act of Martin by installing a spy app in his love of life Leena's phone reveals a mysterious character thereby triggering events that questions love, trust, friendship, technology and unravels the thrilling dark side of human actions.",38,"Thriller, Drama",Sunil Dev,"S. P. Siddharth, Chaitanya Pratap, Kavi J Sundharam, Ananth Nag, Sarithran",Unknown,01-03-2024,2024,3,Friday,130,0,0,0,0,0,0,1.1869,0,0
793032,Cobra,"A genius mathematician doubles up as a hit man, assassinating people opposing a ruthless corporate behemoth. While he manages to stay ahead of the Interpol and the psychotic head of the corporation, who are after him, can he evade the mysterious hacker who is keen to unmask him?",48,"Action, Thriller",R. Ajay Gnanamuthu,"Vikram, Srinidhi Shetty, Irfan Pathan, K. S. Ravikumar, Roshan Mathew",Seven Screen Studios,31-08-2022,2022,8,Wednesday,183,0,0,0,0,0,0,1.2382,5.6,27
608576,Nenjamundu Nermaiyundu Odu Raja,Two ambitious youngsters who make a living through a YouTube channel agree to perform a few tasks for a businessman when the latter offers them huge money.,27,"Comedy, Romance",Karthik Venugopalan,"Rio Raj, Vigneshkanth, Shirin Kanchwala, Nanjil Sampath, Radha Ravi",Sivakarthikeyan Productions,14-06-2019,2019,6,Friday,128,0,0,0,0,0,0,1.531,5,4
542073,Moondru Rasikarkal,,0,"Action, Drama",Shebi Chowghat,"Thalaivasal Vijay, Yasir Saleem, Alwyn Antony, Roshan Basheer",Unknown,10-08-2018,2018,8,Friday,130,0,0,0,0,0,0,1.2201,0,0
594139,Darbar,"Aaditya, the commissioner of Mumbai Police, sets out to catch Ajay, a drug peddler. However, he uncovers a deeper controversy linked to an international drug lord and must mete out justice.",31,"Action, Drama, Thriller",A. R. Murugadoss,"Rajinikanth, Nayanthara, Suniel Shetty, Nivetha Thomas, Yogi Babu",Lyca Productions,08-01-2020,2020,1,Wednesday,159,0,0,0,0,0,0,1.2225,6,55
1489543,G.D.N,"Based on the life of G.D. Naidu, the 'Edison of India', dramatising his groundbreaking innovations, his industrial contributions, and conflicts with authorities—including struggles where his work and international dealings faced severe scrutiny and opposition.",34,Drama,Krishnakumar Ramakumar,"R. Madhavan, Priyamani, Sathyaraj, Jayaram, Dushara Vijayan",Tricolor Films,07-08-2026,2026,8,Friday,146,0,0,0,0,0,0,1.4742,0,0
828827,Veerame Vaagai Soodum,"Following his sister's strange death, a hot-headed police aspirant begins his investigation for the true cause of his sister's death. During this time, he meets a ruthless entrepreneur named Nedunchezhiyan. What is the connection between Nedunchezhiyan and his sister's tragedy?",40,"Action, Thriller",Thu. Pa. Saravanan,"Vishal Krishna, Baburaj, Dimple Hayathi, Raveena Ravi, Yogi Babu",Vishal Film Factory,04-02-2022,2022,2,Friday,165,0,0,0,0,0,0,1.3928,5.773,11
329135,O Kadhal Kanmani,"Aadi and Tara fall in love but both hate the idea of marriage and plan to separate when their lives take them to different countries. However, as they grow closer, their emotions are not easily managed.",36,"Romance, Drama",Mani Ratnam,"Dulquer Salmaan, Nithya Menen, Prakash Raj, Leela Samson, Vinodhini Vaidyanathan",Madras Talkies,16-04-2015,2015,4,Thursday,139,78490000,425850000,7.85,42.59,347360000,442.55,1.257,6.971,68
368251,Aaranyam,"A tale of lovers who brave the darkness of the forest, and fight to keep their love alive.",18,"Romance, Action",Unknown,"Ilavarasu, Singamuthu, Theepetti Ganesan",Aaha Oho Productions,20-11-2015,2015,11,Friday,0,0,0,0,0,0,0,1.2435,1.2,3
1681077,Kayilan,The conflict between justice and the rule of law.,9,Thriller,Arul Ajit,"Sshivada, Ramya Pandian, Prajin Padmanabhan, Manobala, G. Gnanasambandam",BTK Films,10-10-2025,2025,10,Friday,125,0,0,0,0,0,0,1.5495,0,0
601249,Sangathamizhan,"A village is protesting against the setting up a copper plant, but when their leader dies, the corporate company behind the plant sends in a look-alike to facilitate their plan.",30,"Action, Drama",Vijay Chandar,"Vijay Sethupathi, Raashii Khanna, Nivetha Pethuraj, Soori, Nassar",Vijaya Productions,15-11-2019,2019,11,Friday,150,0,0,0,0,0,0,1.2402,4.286,7
1074673,Irugapatru,Three couples from different economic backgrounds find ways to fix their relationships.,12,"Romance, Family, Drama",Yuvaraj Dhayalan,"Vikram Prabhu, Shraddha Srinath, Vidharth, Abarnathi, Sri",Potential Studios,06-10-2023,2023,10,Friday,153,0,0,0,0,0,0,1.192,7.233,15
564338,Maayabimbum,A man’s illusion of love turns tragic when misplaced desire and misunderstanding pull him into consequences he never anticipated.,19,"Romance, Drama",K. J. Surendar,"Akash Nagarajan, Janaki Srinivasan, Hari Krishna, Rajesh Bala",Self Start Productions,23-01-2026,2026,1,Friday,145,0,0,0,0,0,0,1.3513,0,0
1595494,99/66,"Sangeetha and Her Husband Move Into a New Flat, Excited to Begin a New Chapter in Their Lives. From the Very First Night, Sangeetha Starts Experiencing Strange and Mysterious Incidents Inside the House. She Feels a Negative Aura and Senses the Presence of an Unknown Person Connected to a Buddha Idol Left Behind in the Flat. As Fear and Confusion Grow, She Begins to Search for Answers,sangeetha Realizes the Truth Behind the Mysterious Presence She How Overcomes the Situation and Restores Peace to Her Home",85,"Horror, Thriller",M.S. Moorthy,"Rachitha Mahalakshmi, P. Sabari, Swetha Dorathy, Rohinth Chellappa, S. S. Moorthy",Mitra Pictures (P) Ltd,06-03-2026,2026,3,Friday,0,0,0,0,0,0,0,1.1629,0,0
561295,Kadaram Kondan,"Vasu, a doctor, rescues KK, a criminal, from getting murdered in the hospital. However, when Vasu's wife gets kidnapped, he is asked to get KK out in exchange for his wife's safe return.",33,"Action, Thriller",Rajesh M. Selva,"Vikram, Abi Hassan, Akshara Haasan, Lenaa, Cherry Mardia",Raajkamal Films International,19-07-2019,2019,7,Friday,122,0,0,0,0,0,0,1.2798,5.341,22
540950,Nadodi Kanavu,"A young man who had come to a village as a refugee falls in love with the daughter of the headman, whom the locals consider as a God. Will their romance be accepted?",33,"Drama, Action, Romance",Veera Selva,"Mahendran, Subraja, Sujatha Sivakumar, Rajendran",Unknown,03-08-2018,2018,8,Friday,130,0,0,0,0,0,0,1.2202,0,0
592761,Kombu Vatcha Singamda,"Six friends, who follow Periyaar's ideologies, fall prey to the local caste politics that happens in their hometown. Who is the reason behind this and what happens after?",28,"Drama, Action",S. R. Prabhakaran,"M. Sasikumar, Madonna Sebastian, Soori, J. Mahendran, Hareesh Peradi",Redhan The Cinema People,13-01-2022,2022,1,Thursday,151,0,0,0,0,0,0,1.2808,6.5,2
1566095,Hotspot 2 Much,"The film is about an aspiring Director, who pitches her three different stories, that depict some pressing ideological and social issues in the society, to a producer with whom she also has an hidden agenda.",35,"Comedy, Romance, Drama",Vignesh Karthick,"Priya Bhavani Shankar, Vignesh Karthick, Rakshan, Aditya Baskar, Brigida Saga",Vishnu Vishal Studioz,23-01-2026,2026,1,Friday,120,0,0,0,0,0,0,1.4594,3,3
961223,The Legend,"A scientist is spurred by the death of his friend to find a cure for diabetes, but can he take on the might of the pharma mafia and succeed in his mission?",32,"Comedy, Romance, Action",Joseph D. Sami,"Arul Saravanan, Urvashi Rautela, Geethika Tiwary, Vivek, Nassar",The Legend Saravana Stores Creations,28-07-2022,2022,7,Thursday,161,0,0,0,0,0,0,1.2049,2.6,8
1624562,Emoji,"Aadhav and Deeksha, a vibrant young couple are about to be separated as passion pulls them apart. Can love win them back together?",23,"Drama, Romance",SEN. S. Rangasamy,"Mahat Raghavendra, Maanasa Chaudhary, Devika Satheesh, V.J. Ashiq, Aadukalam Naren",Unknown,05-08-2022,2022,8,Friday,121,0,0,0,0,0,0,1.2498,0,0
534993,Petta,"A hostel warden becomes the target of a dreaded politician and his gangster son, but little do they realise that it is they who should fear him.",27,Action,Karthik Subbaraj,"Rajinikanth, Nawazuddin Siddiqui, Vijay Sethupathi, Sananth, M. Sasikumar",Sun Pictures,10-01-2019,2019,1,Thursday,172,0,0,0,0,0,0,1.2708,7.215,93
1465245,Ten Hours,"A bus murder investigation unfolds, revealing possible scenarios and suspects. As everyone undergoes questioning, hidden layers of the case begin to surface.",22,"Crime, Thriller",Ilayaraja Kaliyaperumal,"Sibiraj, Gajaraj, Raj Aiyyappa, Saravana Subbiah, Jeeva Ravi",Unknown,18-04-2025,2025,4,Friday,118,0,0,0,0,0,0,1.622,7.5,4
461464,Diya,The aborted child of a couple goes after her own family members who were responsible for separating her from her mother.,21,"Thriller, Romance, Horror",A. L. Vijay,"Sai Pallavi, Naga Shaurya, Veronika Arora, RJ Balaji, Priyadarshi Pullikonda",Lyca Productions,27-04-2018,2018,4,Friday,160,0,0,0,0,0,0,1.1858,6.3,9
1524468,Vadam,A action packed Village Family Drama. Hero’s Extraordinary Bond with his Bull. Story based on “Vada Manju Virattu”.  Family relationship highlighted emotionally,22,Action,V. Kenthiran,"Vimal, Natarajan Subramaniam, Sanashka Sri, Balasaravanan, Munishkanth",Unknown,06-03-2026,2026,3,Friday,136,0,0,0,0,0,0,1.3255,0,0
1010608,Thai Nilam,A father and his daughter came to India as refugees post-war in their country. Few good hands help them to rebuild their lifestyle.,23,"Family, Drama, War",Abilash.G.Devan,"Amar Ramachandran, Bala Singh, Neha Amar, Nimisha Nambiar",Neni Entertainment,21-06-2021,2021,6,Monday,90,10020000,10437500,1,1.04,417500,4.17,1.2118,0,0
459008,Kaala,"Karikaalan consistently fights to keep the people of Dharavi, a slum in Mumbai, safe from the clutches of mighty politicians and the land mafia don, Hari Dhadha.",27,"Action, Crime, Drama",Pa. Ranjith,"Rajinikanth, Nana Patekar, Easwari Rao, Huma Qureshi, Samuthirakani",Wunderbar Films,07-06-2018,2018,6,Thursday,166,1670000000,1607947560,167,160.79,-62052440.5,-3.72,1.3171,6.417,72
656113,Jagame Thandhiram,"When a clever, carefree gangster is recruited to help an overseas crime lord take down a rival, he is caught off guard by the moral dilemmas that follow.",28,"Crime, Drama",Karthik Subbaraj,"Dhanush, James Cosmo, Joju George, Kalaiyarasan, Aishwarya Lekshmi",Reliance Entertainment,18-06-2021,2021,6,Friday,158,0,0,0,0,0,0,1.3945,5.555,55
391429,Adida Melam,A down-on-luck wedding planner tries to save a girl from a criminal who plans to marry her with revenge on his mind.,22,"Drama, Comedy, Romance",Anbu Stalin,"Abhay Krishna, Abhinaya, Urvashi, Mayilsamy, Jayaprakash",Dado Creations,25-03-2016,2016,3,Friday,104,0,0,0,0,0,0,1.4345,6.3,3
1566325,Mellisai,"A beautiful family drama woven around a central theme of father daughter bond which emphasizes human emotions at its depths.A daughters wish to make her dad participate in a reality show singing competition forms the crux of this emotional family dramaThe story takes place in two different time lines which reflects all these emotions in a poetic harmony of love, ambition, failure, success and the wheel of life.",68,"Drama, Family",Dhirav,"Kishore, Subathra Robert, Harish Uthaman, George Mariyan, Dhananya",Hashtag FDFS Productions,30-01-2026,2026,1,Friday,126,0,0,0,0,0,0,1.2012,0,0
980517,J Baby,"Volatile mother leaves family without notice. Sons embark on journey to find her, bringing family drama to light.",18,Drama,Suresh Mari,"Urvashi, V R Dinesh, Lollu Sabha Maaran, Kavitha Bharathi, Jaya Murthy",Neelam Productions,08-03-2024,2024,3,Friday,139,0,0,0,0,0,0,1.4679,0,0
553918,Dha Dha 87,"A happy-go-lucky guy, who falls in love in his locality, gets the shock of his life when she reveals her real identity to him.",24,"Action, Drama",Vijay Sri G,"Charu Haasan, Janagaraj, Saroja Rajagopal, Anand Pandi, Bala Singh",Kalai Cinema,01-03-2019,2019,3,Friday,142,0,0,0,0,0,0,1.3472,5,1
873696,Kodiyil Oruvan,"An IAS aspirant, who lands in Chennai to fulfill his mother's wish, gets into trouble with a local councillor and his men, leading to a power struggle.",27,"Action, Drama",Ananda Krishnan,"Vijay Antony, Aathmika, Ramachandra Raju, Super Subbarayan, Sachin Khedekar",Chendur Film International,17-09-2021,2021,9,Friday,149,0,0,0,0,0,0,1.3182,4.8,5
755388,Ayalaan,"A lost alien seeks help from four friends to get back to his home planet, while a group of hostile scientists tries to capture it.",25,"Science Fiction, Action, Adventure",R. Ravi Kumar,"Sivakarthikeyan, Siddharth, Venkat Senguttuvan, Sharad Kelkar, Rakul Preet Singh",24AM Studios,12-01-2024,2024,1,Friday,156,1002000000,0,100.2,0,0,0,1.2853,5.8,15
613236,Ranga,"A newly married couple goes to Manali for their honeymoon only to discover that the hotel they are staying in is secretly recording their clients' private moments and uploading them online. With the boss of the criminal operation on their heels, can they survive?",44,"Thriller, Action",Vinod DL,"Sibiraj, Nikhila Vimal, Sathish, Sujatha Babu Ramesh, Mohnish Raheja",BOSS Movies,13-05-2022,2022,5,Friday,113,0,0,0,0,0,0,1.4654,7,1
831319,Bloom,"A little window into the lives of two introverts: Ashwin and Mitra—complete strangers at first, but whose boundaries re-draw themselves quickly. A present-day take on the Adam and Eve story, set during the 2020 pandemic in Chennai, India.",38,"Romance, Drama",Richard Anthony,"Mitra Visvesh, Ashwin Raam, Kaber Vasuki",Unknown,19-05-2021,2021,5,Wednesday,36,0,0,0,0,0,0,1.4654,0,0
1591730,Konja Naal Poru Thalaiva,"The hero works in a private company, the heroine is looking for a job after finishing college, that two meet in reality and then hero fall in love with the help of friends, the hero's uncle is beaten up by the villain in an accident then there is a clash between the villain and the hero, in the meantime the heroine tells the hero that you are not friendly, love mood,don't be friends with me and leaves, in that sadness he decides to commit suicide and  when he tries to do so, something  unexpected happens, Mottai Rajendran comes in the form of a Ghost and prevents his death because he  too committed suicide, this is the plot of the screenplay.The message is don't commit suicide.",125,"Horror, Comedy",Vignesh Pandiyan,"Nishanth Russo, Gayathri Shan, Rajendran, Balasaravanan, Singampuli",Aarudhran Pictures,05-12-2025,2025,12,Friday,0,0,0,0,0,0,0,1.1498,0,0
1398359,Tourist Family,A quirky Sri Lankan family seeking a fresh start in India transforms a disconnected neighborhood into a vibrant community with their infectious love and kindness.,25,"Comedy, Drama, Family",Abishan Jeevinth,"M. Sasikumar, Simran, Mithun Jai Sankar, Kamalesh Jegan, Yogi Babu",Million Dollar Studios,30-04-2025,2025,4,Wednesday,128,0,0,0,0,0,0,1.4876,7.8,41
456218,Theeran Adhigaaram Ondru,A hardnosed cop goes after a gang of ruthless dacoits who have been terrorising residents along the highway for a decade.,21,"Action, Thriller",H. Vinoth,"Karthi, Rakul Preet Singh, Abhimanyu Singh, Bose Venkat, Sonia Bose Venkat",Dream Warrior Pictures,17-11-2017,2017,11,Friday,157,0,0,0,0,0,0,1.2919,7.753,83
1434580,Thalaivan Thalaivii,"Two headstrong lovers navigate a turbulent relationship where passion and conflict intertwine, creating an intense emotional bond through their shared journey.",21,"Romance, Comedy, Drama",Pandiraj,"Vijay Sethupathi, Nithya Menen, Chemban Vinod Jose, Roshini Haripriyan, R. K. Suresh",Sathya Jyothi Films,23-07-2025,2025,7,Wednesday,140,0,0,0,0,0,0,1.3773,6.75,12
416579,Karma,"A popular crime novelist's wife is murdered and he is been interrogated by the Crime Branch special investigation officer. The interrogation leads to various suspects who could have possibly killed the novelist's wife. But, to the interrogation officer there is more to what meets the eye, until the audience gets to know who done it.",55,"Thriller, Crime, Mystery",R. Arvind,R. Arvind,Creative Criminal,16-09-2016,2016,9,Friday,73,8350000,0,0.83,0,0,0,1.3807,6,1
455055,Ilai,A school girl in a village that doesn’t believe in women empowerment faces innumerable hurdles on the day of her final exam.,22,Drama,Bineesh Raj,"Swathy Narayanan, Sujith, Vee Jenish, King Mohan, Sreedevi Anil",Action Reaction Productions,21-04-2017,2017,4,Friday,121,0,0,0,0,0,0,1.1432,5,1
1421019,Devil's Double Next Level,"A well-known movie critic is invited by a strange person to watch a special horror film. But once the movie starts, he finds himself trapped inside it. The world keeps shifting timelines, endless day-to-night cycles, non-linear narration, and scary things from horror movies come to life. To escape, he must either stop reviewing movies forever or find a way to defeat the ghost that trapped him.",66,"Horror, Comedy",S. Premanand,"Santhanam, Selvaraghavan, Geethika Tiwary, Gautham Vasudev Menon, Rajendran",The Show People,16-05-2025,2025,5,Friday,131,0,0,0,0,0,0,1.4301,6.429,7
1112417,Test,"The worlds of three ordinary people converge during a historic cricket match, ultimately forcing them to make life-altering decisions.",19,"Drama, Thriller",S. Sashikanth,"R. Madhavan, Nayanthara, Siddharth, Meera Jasmine, Kaali Venkat",Y NOT Studios,04-04-2025,2025,4,Friday,146,0,0,0,0,0,0,1.4894,5.8,18
1163485,Ninaivo Oru Paravai,"A singer with amnesia meets a busker. They collaborate, but she knows more of his past than she lets on.",20,Drama,Kabilan Plondran,"Karnan Kanapathy, Thivya Naidu",Jhangri Production,30-11-2023,2023,11,Thursday,128,0,0,0,0,0,0,1.7542,0,0
1383201,Family Padam,"Being a Middle Class Family That Can Afford Movie Tickets, They Dream of Producing a Whole New Movie to Fulfill Their Younger Son's Wish to Rediscover Himself Which Brings Grave Challenges",31,"Comedy, Drama, Romance",Selvah Kumar Thirumaaran,"Udhay Karthik, Vivek Prasanna, Subiksha Kayarohanam, Kavin Gt, Mohana Sundaram",UK Creations,06-12-2024,2024,12,Friday,131,0,0,0,0,0,0,1.284,0,0
361756,Jippaa Jimikki,"Krishik and Shruti decide to take a journey together to show their parents, who want them to get married, that they are incompatible. But, the adventures they have on this trip bring them together.",34,,R. Rajasekar,"Krishik Divakar, Kushbhu Prasad, Ilavarasu, Aadukalam Naren, Rajendran",Unknown,24-09-2015,2015,9,Thursday,0,0,0,0,0,0,0,1.295,2,1
460799,Lavakusa,2015 Telugu Movie,3,Romance,Jaya Sreesivan,"Brahmanandam, Varun Sandesh, Richa Panai",Unknown,12-06-2015,2015,6,Friday,0,0,0,0,0,0,0,0.9455,0,0
807598,Diary,"A sub-inspector trainee sets out on a journey to track an unsolved, 16-year-old case. But little does he know that fate and destiny will put him on an exhilarating ride.",30,"Crime, Thriller",Innasi Pandiyan,"Arulnithi, Pavithrah Marimuthu, Jayaprakash, Shah Ra, Kishore",Five Star Creations,26-08-2022,2022,8,Friday,123,0,0,0,0,0,0,1.1726,7,7
1578351,Desiya Thalaivar,,0,"History, Drama",Aravindraj R,"J.M Bashir, Bharathiraja, Radha Ravi",Unknown,30-10-2025,2025,10,Thursday,143,0,0,0,0,0,0,1.5739,0,0
1089220,Vattara Vazhakku,,0,Drama,Kannuchamy Ramachandran,"Raveena Ravi, Santhosh Nambirajan, Vijay Sathya, Ventakesh, Vichithran",Unknown,29-12-2023,2023,12,Friday,0,0,0,0,0,0,0,1.3287,0,0
1124948,Kaaval The Movie,"Based on the police drama series Kaaval which aired four seasons on TV2 (2014-2021).  Due to the increasing crime rate in the city, ASP Lawrence and his team Inspector Allena, Inspector Thivya and Inspector Agho work together to catch the criminals and gangs involved. After a long investigation, they are able to identify certain gangs and group leaders involved in drug trafficking and human trafficking. Meanwhile Karthik and Kaviya are college students who are very much in love and Karthik seeks help from his brother Thillai to talk to Kaviya's father for the approval of their relationship. Kaviya's father Barathan is a famous scrap metal business owner but few know about his past. Barathan is very unhappy with Karthik. Lucy and Martin have instead asked their gang members to get young girls kidnapped and to be sold in Thailand.",139,"Crime, Drama",R. Lawrence,"R. Lawrence, Thivya Naidu, Aghonderan Sahadevan II, Chandhine Kaur",One Merge Sdn Bhd,01-06-2023,2023,6,Thursday,0,0,0,0,0,0,0,1.6303,0,0
1309643,Eleven,A series of murders targeting twins leads a detective down a dark path of revenge and childhood trauma.,18,Thriller,Lokkesh Ajls,"Naveen Chandra, Abhirami, Shashank, Reyaa Hari, Dhileban",AR entertainment,16-05-2025,2025,5,Friday,135,0,0,0,0,0,0,1.3761,5.6,29
1514832,Edharkaga Marubadi,"Anu, a woman who agrees to an arranged marriage, only to find herself drawn to her unsolved past love, making her question whether she truly moved on from the love they once shared. ",33,"Romance, Drama",Haevindhran Pillay,"Loga Varman Strideran, Hema Ji",Makkamishi Production,14-07-2025,2025,7,Monday,19,116900,0,0.01,0,0,0,1.1093,0,0
764470,Athigaari,"Tasked with finding out the truth behind his fellow colleague's death, a police officer begins by reviewing his previous cases. Slowly, he traces the steps of the murderer until he discovers the killer's master plan.",35,"Thriller, Crime, Drama",Kabilan Plondran,"Bala Ganapathi William, Nanthini Ganasen, K. Karnan G Crak, Kuben Mahadevan",Astro Shaw,11-11-2020,2020,11,Wednesday,119,0,0,0,0,0,0,1.3854,7,1
1603231,Justice for Jeni,"Jeni and priyanka are best friends andambitious medical students with dreams of making a difference in the world.their bond is unbreakable. however, their lives take a tragic turn when jenigets brutally raped and dies unexpectedly. devastated by the loss, priya isconsumed by grief and anger. she decides to seek justice for her friend'suntimely death. as she navigates the complex legal process, she becomesincreasingly disillusioned with the system and status quo.",70,"Thriller, Drama",Santhosh Ryan,"Ashika Ashokan, Sandhra Anil, Sinan, Aishwarya, Bittu Thomas Mappillassery",Asna Creation,02-01-2026,2026,1,Friday,112,0,0,0,0,0,0,1.5017,0,0
370800,Motta Shiva Ketta Shiva,A corrupt cop who has a heartbreaking childhood realises his mistakes and turns into a sincere officer to take on a dreaded criminal and his son.,26,"Action, Comedy, Drama",Sai Ramani,"Raghava Lawrence, Nikki Galrani, Sathyaraj, Kovai Sarala, Devadarshini",Super Good Films,24-02-2017,2017,2,Friday,152,0,0,0,0,0,0,1.138,3.9,10
1126939,Black 'n' White,"Set during the pandemic, The lives of Rishi and Ritu, two siblings who live happily with their parents,take a tragic turn when they lose their parents to COVID as well as their house due to debt. Despite their honest efforts to recover their home, they face several struggles.",48,Drama,S. Dheekshi,"Karthik Raj, Arthika, Shravnitha, Manimozhian Ramadurai, Richard Sequeira",K Studios,14-05-2023,2023,5,Sunday,114,0,0,0,0,0,0,1.3638,0,0
565885,Vantha Rajavathaan Varuven,The young heir of a rich family embarks on a journey to effect a reconciliation between estranged family members.,19,"Drama, Action",Sundar C,"Silambarasan, Megha Akash, Catherine Tresa, Ramya Krishnan, Prabhu",Lyca Productions,01-02-2019,2019,2,Friday,176,0,0,0,0,0,0,1.2286,5.9,6
918864,Vaathi,An assistant maths teacher takes up a tedious task of transforming underprivileged students despite the politics around education in the 90s.,21,"Drama, Action",Venky Atluri,"Dhanush, Samyuktha, Sai Kumar, Samuthirakani, Tanikella Bharani",Sithara Entertainments,16-02-2023,2023,2,Thursday,137,0,0,0,0,0,0,1.3862,6.758,32
875284,That Thing Out There,Two robbers gets into an argument when one of them laments that something supernatural is outside their room.,18,"Mystery, Comedy",Kavivarmen Vigneswaran,"Sashsi Elan, Kayczar",Foreground Pictures,19-09-2021,2021,9,Sunday,7,0,0,0,0,0,0,1.1685,0,0
688368,Sethum Aayiram Pon,"Meeting after many years, a makeup artist and her grandmother revisit tensions from an old family feud that still hangs heavy between them.",23,"Drama, Family",Anand Ravichandran,"Nivedhithaa Sathish, Srilekha, Avinash Raghudevan, Gabrella Sellus, Rathaa Krishnan",Wishberry Films,08-05-2019,2019,5,Wednesday,102,0,0,0,0,0,0,1.2094,6.2,4
280951,Madha Gaja Raja,"Raja, a witty and fearless young man, becomes entangled in a conflict with a corrupt industrialist while trying to protect his family, friends and the woman he loves.",28,"Action, Romance, Comedy",Sundar C,"Vishal Krishna, Santhanam, Varalaxmi Sarathkumar, Anjali, Sonu Sood",Gemini Film Circuit,12-01-2025,2025,1,Sunday,142,0,0,0,0,0,0,1.2256,4,3
1604186,The Bed,,0,"Crime, Thriller",S. Mani Bharathy,"Srikanth, Srushti Dange, John Vijay, Pandi, V.J. Pappu",Unknown,02-01-2026,2026,1,Friday,132,0,0,0,0,0,0,1.2862,0,0
498366,Mr. Chandramouli,"Raghav, a professional boxer, finds himself in a fix when an unexpected turn of events gets him tangled in a battle between his passion, family and the love of his life.",31,"Romance, Action, Family",Thiru,"Gautham Ram Karthik, Karthik Muthuraman, Regena Cassandrra, Varalaxmi Sarathkumar, J. Mahendran",Creative Entertainers,06-07-2018,2018,7,Friday,122,0,0,0,0,0,0,1.1619,4.2,5
587196,Kaa - The Forest,"When a Cold Blooded Murderer Victor Mahadev’s (Salim Ghouse) Killing Freak Gangs Chasing After Two Boys Into Deep Forests. A Wild Life Photographer Venba Subbaiya (Andrea Jeremiah) Got Into Their Game of Death by Accident. Who is Going to See the Next Dawn is the Unfolding Story. Whether Venba or Victor, Because Survival Really Matters in Deep Forest.",58,Thriller,Nanjil,"Andrea Jeremiah, Salim Ghouse, Kamalesh Jegan, G. Marimuthu",Shalom Studios,13-02-2026,2026,2,Friday,0,0,0,0,0,0,0,1.3019,0,0
895053,Borrder,,0,"Action, Thriller",Arivazhagan Venkatachalam,"Arun Vijay, Regena Cassandrra, Stefy Patel, Bagavathi Perumal, Shan",All In Pictures,01-01-2023,2023,1,Sunday,150,0,0,0,0,0,0,1.1518,0,0
504231,Sarkar,"NRI corporate Sundar Ramasamy comes to India to vote, only to learn that his vote has already been cast. While he reclaims his right legally, it also sets in motion a chain of events that eventually lead to him entering the political fray, trying to change the system.",48,"Action, Drama",A. R. Murugadoss,"Vijay, Keerthy Suresh, Varalaxmi Sarathkumar, Prem, Yogi Babu",Sun Pictures,06-11-2018,2018,11,Tuesday,164,0,0,0,0,0,0,1.2671,5.665,85
795158,Parris Jayaraj,The relationship between a gaana singer and his girlfriend goes topsy-turvy after they realise a shocking truth about their respective fathers.,21,"Comedy, Romance",Johnson K.,"Santhanam, Anaika Soti, Sastika Rajendran, Rajendran, R.S. Shivaji",Lark Studios,12-02-2021,2021,2,Friday,136,0,0,0,0,0,0,1.265,4.625,8
1299467,Journey,"In the aftermath of the Sri Lankan civil war, which began in 1983 and ended in 2009, five women collaborate with a team of theatre practitioners and academic researchers, sharing the horrific violence they endured during the conflict as part of a process of recovery.",45,Documentary,Visakesa Chandrasekaram,,Unknown,13-06-2024,2024,6,Thursday,65,0,0,0,0,0,0,1.3726,0,0
910784,Thangalaan,"During the British rule, Thangalaan, a fierce tribal leader, and his tribe assist Lord Clement, a British General, to trace gold in their village. While searching for the gold, the villagers earn the wrath of Aarathi, an apparent sorceress, who Thangalaan sets out to stop with all his might.",49,"Adventure, Action, Fantasy, History",Pa. Ranjith,"Vikram, Parvathy Thiruvothu, Malavika Mohanan, Daniel Caltagirone, Pasupathy",Studio Green,15-08-2024,2024,8,Thursday,156,0,0,0,0,0,0,1.4205,6.9,20
904557,Thunivu,"A gang goes to rob a bank only to find that there's already a criminal mastermind holding it for ransom, but his identities and motives behind the heist remains mysterious. As they plan to collect the bounty and disappear without a trace, their crimes and their past slowly catches up with them.",52,"Action, Crime, Thriller, Comedy",H. Vinoth,"Ajith Kumar, Manju Warrier, Samuthirakani, John Kokken, Veera Bahu",Bayview Projects,10-01-2023,2023,1,Tuesday,146,1010350000,2045750000,101.03,204.57,1035400000,102.48,1.1724,5.8,42
462121,Kanna Pinna,"It is about a boy from Trichy who is bent upon marrying a beautiful girl. His friends say that he can find attractive girls only in Chennai — and hence he sets out in search of someone! The experiences he undergoes narrated in a hilarious way forms the rest of the movie. It starts with a director, cameraman, and music composer who go in search of a script, after finding a producer.",72,"Romance, Comedy",Thiya Nair,"Thiya Nair, Anjali Rao, Shiva, Subraj",Mehak Productions,17-03-2017,2017,3,Friday,126,0,0,0,0,0,0,1.2544,0,0
703490,Karthik Dial Seytha Yenn,"A sequel to his Vinnaithaandi Varuvaayaa (2010), it stars Silambarasan and Trisha reprising their roles from that film.",18,"Drama, Romance",Gautham Vasudev Menon,"Trisha Krishnan, Silambarasan",Ondraga Entertainment,19-06-2020,2020,6,Friday,12,0,0,0,0,0,0,1.1884,2.8,4
527689,Alaipesi,,0,,Murali Bharathi,"Akil, Anukrishna",Unknown,04-05-2018,2018,5,Friday,116,0,0,0,0,0,0,1.5682,0,0
916972,Irudhi Pakkam,"An independent young woman, who stays alone in her apartment, is murdered by a stranger. Who is the killer and what forced the person to take her life?",28,"Crime, Thriller",Mano Ve Kannadhasan,"Amrutha Srinivasan, Rajesh Balachandiran, Vignesh Shanmugam, Girija Hari, Shree Raj",Insomniac's Dream Creations,17-12-2021,2021,12,Friday,95,0,0,0,0,0,0,1.3035,6,4
576928,Asuran,A family from the underprivileged class is on the run after the teenaged son kills a rich man from the upper caste. Can the pacifist father be able to save his hot-blooded son?,33,"Action, Drama",Vetrimaaran,"Dhanush, Manju Warrier, Ken Karunaas, Teejay, Pasupathy",V Creations,02-10-2019,2019,10,Wednesday,141,0,0,0,0,0,0,1.053,7.545,112
1492963,Kiss Me Idiot,"After damaging Veerat’s car by accident, college student Srileela agrees to work as his assistant for two months. During this time, she falls in love with him, but he sends her away before she confesses. Realizing his feelings later, Veerat tries to win her back. Will love succeed?",48,"Romance, Drama",A. P. Arjun,"Sreeleela, Robo Shankar, Nanjil Vijayan, Viraat",Nagan Pictures,26-09-2025,2025,9,Friday,0,0,0,0,0,0,0,1.3895,10,1
1645748,Chellamada Nee Enakku,"Chellamada Nee Enakku is a Tamil movie starring Vashi Karan, Neha Sri and Boss Venkat in prominent roles. It is directed by Anand Shivam",24,Drama,Anand Shivam,"Vashikaran, Neha Sri, Bose Venkat, Amudhavanan",Kalaimagal Production,06-03-2026,2026,3,Friday,0,0,0,0,0,0,0,1.0644,0,0
1631717,Dream Girl,"He Falls in Love With an Angel Who Appears in His Dreams. That Love Ends in Heartbreak. Yet The Same Emotions Continue in Real Life Without Changing a Single Frame. The Story Follows How the Hero, Carrying the Same Love in His Heart, Finds a Way to Reclaim the Angel He Lost in His Dream, This Time in Reality",59,"Romance, Comedy, Drama",M.R. Bharathi,"Jeeva Rajendran, Harisha Jestin, Prabhu Sastha",Charulatha Films,13-02-2026,2026,2,Friday,90,0,0,0,0,0,0,0.9477,0,0
1007074,Jigarthanda DoubleX,A notorious gangster is incited to transform into a film hero and opts for a filmmaker and their project descends into a scenario they had never anticipated.,27,"Action, Drama, Comedy",Karthik Subbaraj,"Raghava Lawrence, S. J. Suryah, Naveen Chandra, Nimisha Sajayan, Ilavarasu",Stone Bench Creations,10-11-2023,2023,11,Friday,172,0,0,0,0,0,0,1.3984,7.634,56
1239576,E-Mail,"When an Online Game rakes in money, it excites and becomes an addiction. But when its high time and you are at the point of no return where you realise that it isn't a mere Game but a Scam which eventually threatens and becomes a question of Life & Death of your loved one - how far will you go? At what cost?",63,Action,SR Rajan,"Ashok Kumar Balakrishnan, Ragini Dwivedi, Aadhav Balaji, Aarti Shree, Manobala",SR Film Factory (in),09-02-2024,2024,2,Friday,119,0,0,0,0,0,0,0.9978,0,0
480308,Aval,"Two families have a tough time dealing with a revenge-seeking spirit, which is strangely connected with one of its members",20,"Horror, Thriller",Milind Rau,"Siddharth, Andrea Jeremiah, Atul Kulkarni, Anisha Victor, Suresh",Etaki Entertainment,02-11-2017,2017,11,Thursday,136,0,0,0,0,0,0,1.2657,5.762,42
1304866,Azhagiya Kanne,An aspiring filmmaker marries a girl who belongs to a different community. Can they lead a peaceful life after?,19,Drama,R. Vijayakumar,"Vijay Sethupathi, Sanchita Shetty, Leo Sivakumar, Prabhu Solomon, Ravi Venkatraman",Esthell Entertainer,23-06-2023,2023,6,Friday,115,0,0,0,0,0,0,1.3696,0,0
922087,Mark Antony,"Set in 1995, Mark, a skilled mechanic and the son of a former gangster, stumbles upon a phone that has the ability to connect with the past, tries to save his estranged mother from a grim fate. While facing his own family's legacy, Mark must navigate through dangerous consequences of altering the past, as it causes unforeseen repercussions in the present.",61,"Science Fiction, Action, Comedy",Adhik Ravichandran,"Vishal Krishna, S. J. Suryah, Sunil Varma, Selvaraghavan, Ritu Varma",Mini Studios,15-09-2023,2023,9,Friday,151,0,0,0,0,0,0,1.2545,6.161,31
372226,Visaranai,"Pandi and his friends, immigrant workers in Andhra Pradesh, are picked up by cops for a crime they never committed. And thus begins their nightmare, where they become pawns in a vicious game where the voiceless are strangled by those with power.",42,"Thriller, Crime, Drama",Vetrimaaran,"V R Dinesh, Samuthirakani, Anandhi, Aadukalam Murugadoss, Kishore",Grass Root Film Company,04-02-2016,2016,2,Thursday,118,27137500,133600000,2.71,13.36,106462500,392.31,1.3399,8,85
786345,Viduthalai: Part I,"Kumaresan, a police constable, gets recruited for an operation implanted to capture Perumal Vaathiyar, who leads a separatist group dedicated to fighting against the authorities for committing atrocities against innocent village women in the name of police interrogations.",38,"Action, Thriller, Drama",Vetrimaaran,"Soori, Bhavani Sre, Chetan, Gautham Vasudev Menon, Rajiv Menon",R S Infotainment,30-03-2023,2023,3,Thursday,146,400800000,0,40.08,0,0,0,1.3363,7.817,52
357708,Inji Iduppazhagi,"An overweight, young woman, who finds it hard to land a husband, learns to accept her 'Size Sexy' figure and leads an awareness campaign against a dubious slimness centre.",29,"Romance, Comedy, Drama",Prakash Kovelamudi,"Anushka Shetty, Arya, Sonal Chauhan, Urvashi, Master Bharath",PVP Cinema,27-11-2015,2015,11,Friday,131,0,0,0,0,0,0,1.1289,5.3,17
1136418,Raayan,"Raayan, a simpleton patriarch has to protect his family when they inadvertently get muddled in a violent world with whirlpool of murder, debauchery, feud, politics and power, a quagmire that he has repeatedly warned them not to get pulled into.",40,"Action, Drama, Thriller",Dhanush,"Dhanush, Dushara Vijayan, Sundeep Kishan, Kalidas Jayaram, S. J. Suryah",Sun Pictures,26-07-2024,2024,7,Friday,143,993650000,1252500000,99.36,125.25,258850000,26.05,0.9722,6.054,37
1740837,Oru Kaalathil Aasthireliyavil,"An Indian former Chief Minister (CM) receives a demanding call from Melbourne, Australia, requesting a ransom of 100 crores in exchange for a top-secret that could jeopardize their political party's future as elections are approaching.",35,"Crime, Thriller",Taraka Srinivas,"Jyothirnath Goud, Saanya Bhatnagar, Chandrasekhar Kommalapati, JDR cherukuru",Sahaana Art Creations,31-07-2026,2026,7,Friday,145,0,0,0,0,0,0,1.1829,0,0
340311,Soan Papdi,"A young man and his fiancée returning from their shopping are surprised to find in their car a little boy who doesn’t know his way home. Meanwhile, they get a call from a gangster asking them to bring the boy to him. What’s the mystery around the boy?",48,"Thriller, Comedy, Crime",Sivani,"Sri, Sahil, Priya Atlee, Manobala, Pattimandram Raja",Unknown,29-05-2015,2015,5,Friday,120,0,0,0,0,0,0,1.2617,1,1
770995,Yen Peyar Anandhan,A short-filmmaker who is about to begin the shoot of his debut feature film gets kidnapped. What do the kidnappers want?,21,"Drama, Thriller",Sridhar Venkatesan,"Athulya Ravi, Santhosh Prathap, Deepak Paramesh, Aravind Rajagopal, Arun",Savitha Cine Arts,27-11-2020,2020,11,Friday,122,0,0,0,0,0,0,1.007,5,1
1054334,Sembi,"Ten-year-old Sembi and her grandmother Veerayi, an apiarist, live peacefully amidst nature in the hilly regions of Kodaikanal. They lead a beautiful life until three influential miscreants shatter all their dreams. After a tragedy the two escape and board a bus, whose Passengers from different walks of life try to help bringing justice to the duo.",56,"Drama, Thriller",Prabhu Solomon,"Kovai Sarala, Ashwin Kumar, Thambi Ramaiah, G. Gnanasambandam, Pazha Karuppaiah",Trident Arts,30-12-2022,2022,12,Friday,124,0,0,0,0,0,0,1.1091,7.1,6
609758,Sarbath,"Arivu travels to attend his brother's wedding, only to discover that it has been cancelled. However, trouble ensues when he falls for a woman who turns out to the one who was engaged to his brother.",36,"Romance, Comedy",Prabhakaran,"Kathir, Soori, Ragasiya Gorak, Vivek Prasanna, Siddharth Vipin",Seven Screen Studios,11-04-2021,2021,4,Sunday,0,0,0,0,0,0,0,1.2135,5,6
340829,Paayum Puli,"An extortion gang that murders businessmen kills a policeman working on the case. ACP Jayaseelan exterminates the gang by way of unofficial encounters, but the murders continue. What the cop doesn't realise is that the brain behind the crimes is lurking close to home.",44,"Action, Drama, Thriller",Suseenthiran,"Vishal Krishna, Kajal Aggarwal, Samuthirakani, Soori, Aishwarya Dutta",Vendhar Movies,04-09-2015,2015,9,Friday,135,0,0,0,0,0,0,1.0113,6.353,17
1202268,Quotation Gang Part 1,"In the forests of Mumbai, Mustafa leads a ruthless contract killing gang with strict principles. His wife Padma is calm and silent, while Shakunthala, a brave gang member, saves a teenager named Iraa from drug peddlers. Shakunthala’s adopted sister Seerat returns from Kashmir with her lover Rubina after avenging a molestation. As Mustafa’s gang members are mysteriously killed, he invites all contract killers for a feast, leading to a bloody attack. The story unfolds with a shocking twist revealing the mastermind behind the gang attack, inspired by true events.",89,"Crime, Mystery, Action, Thriller",Vivek Kumar Kannan,"Jackie Shroff, Priyamani, Sunny Leone, Sara Arjun, Ashraf Mallisery",Filminati Entertainment,13-09-2024,2024,9,Friday,118,0,0,0,0,0,0,1.4136,0,0
1446089,Rajinikanth,"""Even the darkest night will end and the sun will rise!""  This short film featuring a rollercoaster of emotions is all about two people, Sanjana and Rajinikanth, meeting each other during a strange situation which eventually impact both of their lives.",41,,Vishnu Subhash,"Rio Raj, Samyuktha Viola Viswanathan, Shreedurga Gauth",Unknown,03-05-2024,2024,5,Friday,17,0,0,0,0,0,0,0.9712,0,0
536467,Vere Vazhi Ille,"Surya is an easygoing laidback guy who constantly switches jobs. One day, he accepts a job from his former employer at a security agency, who offers him RM3,000 for a 2-day and 1-night job as security guard at a soon-to-be shut down shopping complex building. Maniam, the former Head of Security, gives Surya a tour in the building and tells him that the most suspicious and dangerous place he should avoid is the sixth floor, which is currently rented by a religious yoga group led by `Swamiji` (priest). They are up to no good as they plan to summon and trap spirits in dead bodies so that they can control them. When the door to the spirit world is opened, dozens are possessed and turned into flesh eating Zombies. The only way to stop the Zombies is to get the Black Magic Book located on the sixth floor.",148,"Horror, Comedy",M. S. Prem Nath,"Denes Kumar, Jasmine Michael, Sai Prashanth, Janani K. Balu, Magendran Raman",Veedu Production,02-07-2015,2015,7,Thursday,84,0,0,0,0,0,0,1.0501,7,1
1426671,Bioscope,Villagers with no filmmaking experience embark on an extraordinary journey to create a movie.,14,"Comedy, Drama",Sankagiri Rajkumar,"Sankagiri Rajkumar, Manickam, Vellayammal, Muththayi, Cheran",25 Dots Creations,03-01-2025,2025,1,Friday,113,0,0,0,0,0,0,1.1627,0,0
1317872,Sardar 2,,0,"Action, Thriller",P. S. Mithran,"Karthi, S. J. Suryah, Malavika Mohanan, Ashika Ranganath, Rajisha Vijayan",Unknown,10-09-2026,2026,9,Thursday,0,0,0,0,0,0,0,1.2122,0,0
1433545,House Mates,"Karthick and Anu fall in love, get married and buy an old flat for their own. Many strange incidents happening in that house. They found out the reason and hand over the flat to the first owner Ramesh.",38,"Comedy, Drama, Fantasy, Horror",Rajavel,"Darshan, Kaali Venkat, Arsha Baiju, KPY Dheena, Vinodhini Vaidyanathan",Sivakarthikeyan Productions,01-08-2025,2025,8,Friday,129,0,0,0,0,0,0,1.2837,7,6
1363286,Demonte Colony 3,,0,"Horror, Thriller",R. Ajay Gnanamuthu,"Arulnithi, Priya Bhavani Shankar, Guru Somasundaram, Meenakshi Govindarajan, Muthukumar",Passion Studios,10-09-2026,2026,9,Thursday,155,0,0,0,0,0,0,1.2708,0,0
798803,Enemy,"Two childhood friends end up on opposite extremes of morality, and face each other in a good vs evil war.",20,"Action, Thriller",Anand Shankar,"Vishal Krishna, Arya, Prakash Raj, Mamta Mohandas, Mirnalini Ravi",Mini Studios,04-11-2021,2021,11,Thursday,159,0,936953.5,0,0.09,0,0,1.3177,5.9,12
526421,Seyal,"A youngster thrashes a gangster following a minor altercation. The gangster, who suffers a loss of face, now wants revenge.",20,"Drama, Romance",Ravi Appulu,"Tharushi, Rajan Tejeshwar",Unknown,18-05-2018,2018,5,Friday,130,0,0,0,0,0,0,1.1676,0,0
1129643,1982 Anbarasin Kaadhal,"Anbarasu, a soft-hearted youth, takes a life-changing trip to Kerala to express his feelings to the love of his life. But soon he comes across a lot of life-threatening obstacles, will Anbuand his love succeed or succumb?",37,"Romance, Thriller",Ullas Shankar,"Ashik Merlin, Arunima Raj, Amal Raveendran, Ullas Shankar, Chandana Aravind",Devakannya Productions,26-05-2023,2023,5,Friday,120,0,0,0,0,0,0,1.0825,5,1
1324688,7G Rainbow Colony 2,"Nearly 10 years post the tragic death of Anitha, Kathir's ailing mother makes desperate attempts to get him settled after sensing his attraction to the daughter of Flat No.7G's Newest Tenant.",31,"Romance, Drama",Selvaraghavan,"Ravi Krishna, Anaswara Rajan, Suman Shetty, Sonia Agarwal, Sudha",Sri Surya Movies,06-11-2026,2026,11,Friday,0,0,0,0,0,0,0,1.3237,0,0
348169,Baby,A young girl becomes friendly with a ghost but her sister is terrorized by it forcing a split between their parents. Who is the ghost and why is she after the girl?,32,Horror,D Suresh,"Manoj Bharathiraja, Shiraa, Baby Srivarshini, Baby Sathanya, Anjali Rao",R. K. Productions,03-07-2015,2015,7,Friday,0,0,0,0,0,0,0,1.265,6.8,5
1421487,Tamil School Pasanga,"TAMIL SCHOOL PASANGA follows the journey of Kesavan, a passionate and dedicated schoolteacher who is transferred to a struggling Tamil school in need of transformation. With unwavering commitment, Kesavan embraces his students as his own, guiding them with patience and understanding, while inspiring their parents to adopt teaching methods tailored to their children’s unique needs. He also works closely with the school’s teachers, helping them recognize that every child learns differently and that a little extra effort, combined with creativity, can unlock their true potential. This heartwarming story celebrates the power of compassion, resilience, and the impact of education in shaping young lives.",103,,Unknown,"Denes Kumar, Vidia Liana, Kuben Mahadevan, Ben G",Veedu Production,23-01-2025,2025,1,Thursday,115,0,0,0,0,0,0,0.9938,0,0
1610646,Dear Radhi,"Madhan goes on a one-day date with Radhi, a beautiful girl who works at a spa; the day spirals into a dangerous chase as both the police and a gang hunt for Radhi, ending in a shocking truth that reveals their connection.",42,"Drama, Romance, Comedy",Praveen K Mani,"Hasli, Saravana Vickram, Rajesh Balachandiran, Sai Dinesh Badram, Sarvanan Palanichamy",Insomniac's Dream Creations,02-01-2026,2026,1,Friday,130,0,0,0,0,0,0,1.3654,6,1
998120,Marijuana,"Marijuana is a Tamil movie released on 13 Mar, 2020. The movie is directed by MD Anand and featured Rishi Rithvik, Asha Parithalom and Powerstar Seenivasan as lead characters.",29,Thriller,Unknown,"Rishi Rithvik, Srinivasan, Asha Parthalom",Unknown,14-11-2020,2020,11,Saturday,120,0,0,0,0,0,0,1.179,0,0
1443002,Maadan Kodai Vizha,"Determined to revive a long-forgotten tradition, Murugan embarks on a mission to organize the annual Sudalai Madan ceremony, which has been defunct for years. However, his efforts are met with fierce resistance from various quarters.  Adding to the challenge, Murugan's girlfriend lays down an ultimatum: she will only marry him if he succeeds in pulling off the ceremony. Against all odds, Murugan perseveres, rallying the village community to support his cause. Will he triumph in his quest, and how will he overcome the hurdles to successfully organize the ceremony?",89,Drama,R.Thangapandi,"Gokul Gowtham, Sharumiishaa, Dr. Suria Narayanan, Supergood Subramani, Sripriya",Deiva Productions,14-03-2025,2025,3,Friday,0,0,0,0,0,0,0,1.1614,0,0
1041580,The Elephant Whisperers,"Bomman and Bellie, a couple in south India, devote their lives to caring for an orphaned baby elephant named Raghu, forging a family like no other.",26,Documentary,Kartiki Gonsalves,"Bomman, Bellie",Sikhya Entertainment,07-12-2022,2022,12,Wednesday,40,0,0,0,0,0,0,1.2928,7.288,146
1014949,Erisudar,"Erisudar pits predeterminism against free will. The constant battle between these two concepts is a lifelong experience for the conscious mind, which yields no peaceful conclusion.",26,"Mystery, Thriller, Drama",Sunder Nagayah,,Unknown,13-08-2022,2022,8,Saturday,20,0,0,0,0,0,0,1.3212,0,0
466721,Cinema Veeran,"An ode to the fighters and stunt coordinators of Tamil cinema, this documentary, with a voice-over by Rajinikanth, showcases the life of these unsung warriors.",25,Documentary,Aishwarya Rajinikanth,Rajinikanth,Wunderbar Films,22-06-2017,2017,6,Thursday,51,0,0,0,0,0,0,1.2205,0,0
1686580,Moondram Kan,"Follows the investigation of a factory general manager's murder, where four workers—a mechanic, assistant manager, owner, and new recruit—become the primary suspects.",22,"Thriller, Drama, Crime",Sago Ganesan,"Vidharth, Kalaiyarasan, Santhosh Prathap, Thrigun, Teju Ashwini",Unknown,12-06-2026,2026,6,Friday,115,0,0,0,0,0,0,1.2931,0,0
842049,Appa's Seasons,25 year old Mano goes on a journey of memories as she goes about a day with her father who is nothing but a faint resemblance of his past.,29,Drama,Radhika Prasidhha,,Unknown,04-06-2021,2021,6,Friday,22,0,0,0,0,0,0,1.1208,0,0
553236,Koothan,"When the future of his community of Junior Artists (Film Nagar) is threatened, Raana takes his team of underdog dancers (The Battery Boys) on a mission to win an International Dance Competition and save their home. Their journey rife with obstacles, they seek the help of classical dancers Sri Lakshmi and Sri Devi to edge out the competition (Krishna Dance Academy). Who will prevail in this story of love, hope and hunger for success?",74,"Drama, Romance",Venky Al,"La. Rajkumar, Srijitha Ghosh, Kira Narayanan, Nagendra Prasad, K. Bhagyaraj",Unknown,11-10-2018,2018,10,Thursday,132,0,0,0,0,0,0,1.1437,0,0
364514,Maiem,"Three people are trapped inside an ATM on the outskirts of the city with a stranger waiting outside to attack them. With no means to seek help, can they get out alive?",32,Thriller,Aditya Baskar,"Naveen Sanjay, Kumaran Thangarajan, Suhasini Kumaran, Hashim Zain, Pooja Devariya",Unknown,16-10-2015,2015,10,Friday,119,0,0,0,0,0,0,1.068,3,1
952769,Viman,"Venkat Prabu is an irresponsible son from a middle class family who grew up with some conflicts. He alienates himself from his father, who has married another woman. However, he feels lucky for having a loving mother as well as a unique and amazing relationship with his step brother, Kabilan. Venkat realises his love feelings for Shalini and is frustrated at making the relationship work. During a frustrating moment, Venkat accidentally apprehends the mysterious power that inverts his whole life. He aims to get wealth and love by utilising his power, but the police and gangsters alike tracking down the mysterious power too.",103,"Adventure, Action",Kishok,"Kishok, Jee Kutty, Jasmine Michael, Coco Nantha",Avaraa Designs,24-03-2022,2022,3,Thursday,118,0,0,0,0,0,0,1.2737,0,0
868535,Sivakumarin Sabadham,A young man from a weaving family vows to restore it to its past glory by taking on a textile magnate.,21,Drama,HipHop Tamizha Adhi,"HipHop Tamizha Adhi, Madhuri Jain, VJ Parvathy, Prankster Rahul, Vijay Karthik",Sathya Jyothi Films,30-09-2021,2021,9,Thursday,139,0,0,0,0,0,0,1.0995,2,2
1047888,KAREN,"Following Karen, a Malaysian teenage boy of Indian origin, this film documents his youth in a period of six years. Through Karen, we explore the hardship his people have endured and the eventual breakdown of his family both caused by the racial discrimination and education inequality in Malaysia.",48,Documentary,Lau Kek-huat,,Unknown,09-11-2022,2022,11,Wednesday,97,0,0,0,0,0,0,1.0404,0,0
1022074,Maareesan,"A petty thief embarks on a road trip with an elderly man suffering from memory loss under deceptive pretenses. As they journey across Tamil Nadu, the promise of an easy con unravels into a quietly shifting connection, with both men hiding secrets of their own.",45,"Thriller, Drama, Action",Sudheesh Shankar,"Vadivelu, Fahadh Faasil, Kovai Sarala, Sithara, Renuka",Super Good Films,25-07-2025,2025,7,Friday,152,95190000,71810000,9.52,7.18,-23380000,-24.56,1.2221,6.979,24
1189521,White Haired Princess,"Near the end of the Ming Dynasty, the Emperor is seriously ill and during these turbulent times, Eunuch Wei of the Eastern Depot tries to seize power. The Wudang Sect is ordered to bring the red pill to the Emperor to treat his illness.",44,,Unknown,"Zhang Weina, Shi Jun Zhe",Unknown,13-01-2022,2022,1,Thursday,0,0,0,0,0,0,0,0.9665,0,0
432139,Vikram Vedha,A notorious gangster Vedha surrenders himself to encounter specialist Vikram whom he challenges every step of the way by narrating his life events in the form of riddles that needs to be solved in order to capture him.,38,"Action, Thriller, Crime, Adventure",Pushkar,"R. Madhavan, Vijay Sethupathi, Shraddha Srinath, Kathir, Varalaxmi Sarathkumar",Y NOT Studios,21-07-2017,2017,7,Friday,147,0,0,0,0,0,0,1.2343,7.268,233
1291321,Sweetheart!,"Vasu, a gifted animator with a troubled past, is forced to face his commitment issues when his partner Manu reveals her pregnancy.",22,"Romance, Comedy, Drama",Swineeth S Sukumar,"Rio Raj, Gopika Ramesh, Renji Panicker, Arunachaleshwaran, Redin Kingsley",YSR Films,14-03-2025,2025,3,Friday,144,48492040.5,0,4.85,0,0,0,1.0452,4.6,9
1244928,Ettum Varai Ettu,Poomani wins in national level running race and gets a chance to participate in Olympic. She appears in connections with a murder case on her way to the Olympic. At the end she is proven innocent and participate in the Olympic Games and wins a gold medal in the running race.,51,Drama,Vel Wishvaa,"Nandha kumar, Prathyangira Rose, Aadukalam Naren, Nagaraja Chozhan, Sowndharya Varatha",ESB Creations,16-02-2024,2024,2,Friday,141,0,0,0,0,0,0,1.4674,0,0
1464359,Seeing Red,"A quiet morning in a 1980s traditional household in Tamil Nadu spirals into slapstick chaos when three women claim to see a ghost that no one else can. In this sharp satire, the family’s frantic attempts—relying on a stranger’s advice and a ghost hunter—only escalate the confusion, as the lines between possession and protest begin to blur.",57,,Shalini Vijayakumar,"Shivaani Harikumar, Sahana Sundar, M. Soundarya Saravanan, Preethi Bharadwaj, Manasvini Kannan",Unknown,15-04-2025,2025,4,Tuesday,28,0,0,0,0,0,0,0.9189,0,0
1602372,Friday,"Mani, a determined gangster seeking revenge for his brothers death, sets out to kill Jagan, a feared local don. But when his trusted ally Gopi jeopardizes the plan, Mani abandons the mission to protect him. Forced into hiding, Mani finally reveals the painful truth of how his brother was killed six months ago, setting the stage for a tense journey fueled by loyalty, loss and vengeance.",66,"Action, Thriller",Hari Venkatesh,"KPY Dheena, Anish Masilamani, Mime Gopi, Ramachandran Durairaj, Sidhu Kumarsen",Unknown,28-11-2025,2025,11,Friday,120,0,0,0,0,0,0,1.1214,10,2
1156124,Maya Bazaar,"After entangling in a petty conflict, two complete strangers, a guy and a girl with two extreme opposite characteristics, got themselves in a “body switch” situation.",26,"Family, Comedy, Romance",Deepban M. Vignesh,"Thevaguru Suppiah, Thasha Krishnakumar, Kuben Mahadevan, Komalaa Naaidu, Daview Puvanan",Astro,19-07-2023,2023,7,Wednesday,116,0,0,0,0,0,0,1.5281,9,1
866198,Michael,"Set in the early 1990s, Michael, a simple yet daring boy from the south moves to Bombay with a personal strong motive, grow under the wings of Gurunath, a dreaded gangster. Michael is assigned with a task of killing the man involved in the attempted assassination of Gurunath. Things take a turn as he falls in love with the target's daughter, Theera, in Delhi.",64,"Action, Drama",Ranjit Jeyakodi,"Sundeep Kishan, Divyansha Kaushik, Varun Sandesh, Gautham Vasudev Menon, Varalaxmi Sarathkumar",Karan C Productions LLP,03-02-2023,2023,2,Friday,154,0,0,0,0,0,0,1.0408,4.429,7
507574,Goli Soda 2,"The story revolves around the lives of three young friends, who struggle to establish themselves in the real world. They are working to make it big until they get caught up in a certain situation, only to get rescued by a common friend of 45-year-old.",45,"Drama, Action",S. D. Vijay Milton,"Samuthirakani, Gautham Vasudev Menon, Bharath Seeni, Chemban Vinod Jose, Esakki Bharath",Rough Note Productions,14-06-2018,2018,6,Thursday,130,0,0,0,0,0,0,1.1337,6.1,7
899712,Connect,The announcement of a nation-wide lock-down due to the spread of COVID-19 pandemic disrupts the peace of a family. What follows is a series of bizarre events as one of them tries to invite the spirit of a family member.,40,"Horror, Thriller",Ashwin Saravanan,"Nayanthara, Haniya Nafisa, Sathyaraj, Anupam Kher, Vinay Rai",Rowdy Pictures,22-12-2022,2022,12,Thursday,99,0,0,0,0,0,0,1.5555,7.5,4
477813,The Farm: En Veettu Thottathil,"Inspired by the popular tale of Red Riding Hood, this Malaysian Tamil slasher film, which gives a dark twist to the story, tells of the painful journey of a girl.",30,"Horror, Thriller",Karthik Shamalan,"Jaya Ganason, Mohana Raj, Mahessan Poobalan, K. S. Maniam, Yugendran Maniam",BGW Studios,28-09-2017,2017,9,Thursday,127,0,0,0,0,0,0,1.665,0,0
803736,Hey! Sinamika,A wife who feels suffocated by her husband's incessant attention hires a psychologist to make him fall in love with her so that she can separate from him.,28,"Drama, Romance",Brinda Gopal,"Dulquer Salmaan, Aditi Rao Hydari, Kajal Aggarwal, Nakshathra Nagesh, Yogi Babu",Jio Studios,03-03-2022,2022,3,Thursday,149,0,0,0,0,0,0,1.274,5.731,26
1648738,LipLock,"Liplock explores modern relationships, misunderstandings, and second chances.",8,,Unknown,"Aditya R K, Adithya Kathir, Niranjana Neithiar",Unknown,14-02-2026,2026,2,Saturday,50,0,0,0,0,0,0,0.9001,0,0
1555298,Rajini Gaang,"Rajini and Maina Elope From Their Village and End Up Hitching a Ride With a Stranger And a Petty Thief Whose Stolen Thali They Use for a Hurried Wedding. But Their New Life Takes a Bizarre Turn When Maina Becomes Possessed by the Ghost of Ponnarasi. Seeking Help From a Local Priest, Rajini Discovers That the Spirit Wants Revenge for a Past Betrayal Tied to the Thali. As Twists Unfold, Rajini and His Friends Must Uncover the Truth and Save Maina From the Vengeful Ghost’s Deception.",86,"Horror, Comedy",M. Ramesh Bharathi,"Rajini Kiishen, Dwivika, Meera Suburaj, Rajendran, Munishkanth",Mishri Enterprises,27-11-2025,2025,11,Thursday,0,0,0,0,0,0,0,1.0181,2,1
746418,Kanya,"A coming-of-age, drama about an adolescent girl growing up between the values of occidental and traditional cultures, whose aspirations of becoming a competitive swimmer takes an unexpected turn when she gets her first period.",34,Drama,Apoorva Satish,"Tarunya Satish, Balaji Rajashekar, Mona Kakade, Nithara Rahul, Harish Kumar",FAMU,29-10-2020,2020,10,Thursday,15,3548750,0,0.35,0,0,0,1.3326,1,1
513665,Onaaigal Jakkiradhai,"A ragtag gang of four have their problems in life and each of them needs money. One needs it for his father’s surgery, another to close a loan he borrowed from an usurer, the third for his daughter’s future and the final member to ensure that the lie of him being a rich businessman lives on.",56,"Horror, Drama",JPR,"Kabali Vishwanth, Riythvika, Baby Amrutha, Vijay Krishnaraj, A. Venkatesh",S Bioscope Productions,05-01-2018,2018,1,Friday,125,0,0,0,0,0,0,1.2083,1,1
1512637,Gevi,"Gevi is a Tamil Survival Thriller Film That Follows Mandharai and Malaiyan's Struggle for Justice in a Rural Village Near Kodaikanal. The Film Explores Themes of Love, Survival, and Bureaucratic Apathy, Highlighting the Community's Fight Against Corruption and Adversity. A Powerful Story of Hope and Resilience",46,"Action, Drama",Tamil Dhayalan,"Sheela Rajkumar, Jacqueline, Aadhavan M, Charles Vinoth, Jeeva Subramanian",Artup Triangle Film Kampany,18-07-2025,2025,7,Friday,126,0,0,0,0,0,0,1.3537,0,0
1480362,The Lefthand Illness,"A man's Left hand acts on its own committing crime, while he desperately tries to explain it to the victims.",20,Thriller,Shrikanth Senj,Sharook Sherief,High Calibre,19-08-2024,2024,8,Monday,7,2505,0,0,0,0,0,1.0087,0,0
892207,4 Sorry,An Anthology Drama film with 4 different situations with 4 different plots which involves emotion and feelings.,17,Drama,S. Sakthivel,"Sakshi Agarwal, Riythvika, Kaali Venkat, Karthik Ashokan, R. N. R. Manohar",Unknown,29-10-2021,2021,10,Friday,122,0,0,0,0,0,0,0.9005,7,2
680652,Karnan,"Karnan, an angry young man, fights for the rights of his oppressed people. Can he save them from those who wield power and weapons?",24,"Drama, Action",Mari Selvaraj,"Dhanush, Rajisha Vijayan, Natarajan Subramaniam, Lal, Yogi Babu",V Creations,09-04-2021,2021,4,Friday,152,0,0,0,0,0,0,1.1638,7.229,70
806920,DSP,"A flower seller's son ends up in a tussle with a ruthless rowdy in Dindigul, forcing him to become a policeman and fight the odds.",25,"Action, Drama",Ponram,"Vijay Sethupathi, Anukreethy Vas, Prabhakar, Pugazh, Ilavarasu",Stone Bench Creations,02-12-2022,2022,12,Friday,144,0,0,0,0,0,0,1.197,6.242,64
804337,Mahaan,"A man's family leaves him when he strays from the path of ideological living in his search for personal freedom. However, as he realizes his ambitions, he also misses the presence of his son in his life. Having fulfilled his dream of becoming a billionaire, does life give him a second chance to be a father?",56,"Crime, Action, Drama",Karthik Subbaraj,"Vikram, Dhruv Vikram, Bobby Simha, Simran, Sananth",Seven Screen Studios,10-02-2022,2022,2,Thursday,163,0,0,0,0,0,0,1.022,6.75,46
536461,Torchlight,The story revolves around a woman who has been forced to serve as a sex worker.,16,Drama,Abdul Majith,"Sadha, Riythvika, A. Venkatesh, Sujatha Sivakumar, Soodhu Kavvum Sivakumar",Unknown,07-09-2018,2018,9,Friday,127,0,0,0,0,0,0,1.1746,4,2
1316911,Jama,"A poignant tale of Kalyanam, a young Koothu artist, struggles to uphold his father’s legacy in traditional folk art amidst rivals suppressions , torn between his love, mothers wishes, societal expectations, and self-doubt in his quest to lead his own Jama.",41,Drama,Pari Elavazhagan,"Pari Elavazhagan, Ammu Abhirami, Chetan, Sri Krishna Dayal, KVN Manimegalai",SSBV Learn and Teach Production Private Limite,02-08-2024,2024,8,Friday,133,0,0,0,0,0,0,1.233,8,3
1551146,Maria,"The story explores about the liberation and freedom of a Nun, where she wants to live like a normal woman but society and the family around her makes it difficult, finally what happens to her at the end.",38,Drama,Hari K Sudhan,"Saishri Prabhakaran, Pavel Navageethan, Sidhu kumaresan, Vignesh Ravi, Sudha Pushpa",Dark Artz Entertainment,03-10-2025,2025,10,Friday,135,0,0,0,0,0,0,1.3484,0,0
552398,Indian 2: Zero Tolerance,"As corruption becomes rampant in the country, a group of idealistic youngsters attract attention of freedom fighter-turned-vigilante Senapathy through social media, who returns to his homeland to finish what he started.",31,"Drama, Action, Thriller",Shankar,"Kamal Haasan, Siddharth, Priya Bhavani Shankar, Jagan, Rishikanth",Lyca Productions,12-07-2024,2024,7,Friday,178,0,0,0,0,0,0,1.3288,3.017,29
844567,Rudhran,"Rudhran is a happy IT man living with his family until the moment his life is turned upside down. He comes upon a major criminal network including a businessman, Rudhran embarks on a mission to expose him the criminal network.",40,"Action, Drama",S. Kathiresan,"Raghava Lawrence, Priya Bhavani Shankar, R. Sarathkumar, Nassar, Poornima Bhagyaraj",Five Star Creations,14-04-2023,2023,4,Friday,150,0,0,0,0,0,0,1.124,4.7,5
1566713,Irul Inithu (Mirk),Selvam and Shyamala who is living in the city has a long time dream of building a small and simple house  of their own. Real estate broker Kannaiya assists them in buying a plot in the suburbs while scheming his  own plot. The story revolves around the fate of Selvam and Shyamala's dream home.,54,Drama,Hari Prasad,"Sarvanan Palanichamy, Sharmila Aziza, Ajay Aravind, Siddarth",Light Angle Productions,14-11-2025,2025,11,Friday,18,0,0,0,0,0,0,1.2703,0,0
1374761,Black Gold,"“Black Gold” is a visually striking film directed by a Japanese filmmaker, blending a minimalist aesthetic with the natural beauty of rural India – a true visual feast for cinephiles. Every detail is crafted with precision, reflecting a uniquely Japanese perspective.",41,Documentary,Takashi Sugimoto,,Uma Pedra no Sapato,15-11-2024,2024,11,Friday,100,0,0,0,0,0,0,1.0282,0,0
1217443,Miriam Maa,Miriam Maa is a Comical Family Drama That Revolves Around Four Main Characters. It’s All About a 50years Old Single Mother Who Wants to Get Pregnant via Ivf and the Reason Behind Her Bold Decision at This Age Despite Her Social Circumstances and a Strong Opposition From Her Own Family.,50,"Family, Drama",Malathy Narayan,"Rekha, V.J. Ashiq, Ezhil Durai, Malathy Narayan, Sneha Kumar",Sri Sai Film Factory,22-12-2023,2023,12,Friday,0,0,0,0,0,0,0,1.3114,0,0
1715800,Dark Giant,"Dark Giant is a Supernatural Horror and Psychological Family Drama. It Explores How Greed, Guilt, and Generational Trauma Can Manifest as a Literal Curse, Destroying a Family From the Inside Out",31,"Horror, Thriller",KS Kishaan,"Sonia Agarwal, K. Bhagyaraj, Madhan Kumar Dhakshinamoorthy, Jovita Livingston, Livingston",Unknown,19-06-2026,2026,6,Friday,0,0,0,0,0,0,0,1.2,0,0
644034,Seemathurai,"Seemathurai is a village love story. Marudhu (Geethan) is in love with Poorni (Varsha Bollamma), a college student, and stalks her until she accepts his love. Trouble comes when Poorni's family is dead against their love, considering Marudhu a wastrel.",40,,Unknown,"Varsha Bollamma, Geethan Britto",Unknown,01-05-2019,2019,5,Wednesday,115,0,0,0,0,0,0,1.615,0,0
484582,Kaaviyyan,"Akilan Vishwanathan, an Indian cop known for his intellectual mind, chases the culprit involved in a multiple kidnapping and murder in Las Vegas. Will he be able to succeed?",29,"Thriller, Action",I. V. Parthasarathy,"Shaam, Athmeeya Rajan, Srinath, Sathyan Sivakumar, Sasha Sridevi Kumar",2M Cinemas,18-10-2019,2019,10,Friday,116,0,0,0,0,0,0,1.1161,0,0
1278727,Do Over,"An alcohol use disorder person who reaches his last stage of alcoholism by which he loses his loved family, job and his friends. A struggle inside him to get over is DO OVER.",33,Drama,Sharvi,"Maanav, Maria Pinto, Neffie Amelia, Sharvi",Real Image Films,01-04-2023,2023,4,Saturday,0,0,0,0,0,0,0,1.582,0,0
1367098,See Saw,"Inspector Mugilan is a police officer at the Chettipalayam Police Station in Coimbatore.  Aadhavan is a prominent businessman from Coimbatore; his wife is Malavika. The case reaches Inspector Mugilan when Aadhavan’s domestic servant is murdered while Adhavan and Malavika are missing.  The story follows Inspector Mugilan as he investigates the case, uncovering the reasons behind the murder and identifying the culprit.",61,"Crime, Thriller",Guna Subramaniam,"Natarajan Subramaniam, Nishanth Russo, Padine Kumar, Nizhalgal Ravi, Jeeva Ravi",Vidiyal Studios,03-01-2025,2025,1,Friday,135,29809500,0,2.98,0,0,0,1.1226,0,0
1162786,4554,"Karthi ,a cab owner cum driver, takes up 4 dubai return friends for a trip and gets screwed up in a situation by one of his clients becomes victim of an accident on the previous day of his marriage with his long term love Maha .",46,"Drama, Thriller",Karnan Mariyappan,"Ashok Kumar Balakrishnan, Sheela Naik",Unknown,04-11-2022,2022,11,Friday,119,0,0,0,0,0,0,0.9134,5,1
1643767,Panai,,0,Drama,Unknown,"Meghana Ellen, Vadivukarasi, Harish Prabhakaran, Anupama Kumar, TSR",Unknown,26-09-2025,2025,9,Friday,0,0,0,0,0,0,0,1.0349,0,0
1074048,Revolver Rita,A woman must use her intelligence and grit to protect her family after they are unexpectedly caught in the crossfire of gang violence.,23,"Comedy, Action, Crime",K. Chandru,"Keerthy Suresh, Radhika Sarathkumar, Super Subbarayan, Sunil Varma, Ajay Ghosh",Passion Studios,28-11-2025,2025,11,Friday,140,0,0,0,0,0,0,1.5727,6.5,6
1655049,Habeebi,Follows a boy and girl in a Muslim neighbourhood in southern Tamil Nadu whose romance divides their community.,18,Drama,Meera Kathiravan,"Kasthoori Raja, Esha M, Malavika Manoj, Dhanasree Sudhakaran, Anusreya Rajan",Romeo Pictures,12-06-2026,2026,6,Friday,150,0,0,0,0,0,0,1.2677,0,0
1239789,Ulagammai,,0,Drama,V. Jayaprakash,"Gouri G Kishan, G. Marimuthu, G. M. Sundar, Vetri Mithran",Madras Digital Cinema Academy,22-09-2023,2023,9,Friday,121,0,0,0,0,0,0,1.2213,0,0
1123841,Dhachka,A submissive woman on a family road trip gets frustrated with the constant friction within the family and decides to take control.,22,Drama,Devik Rathod,"Rajendra Chawla, Aditi Jain, Jai Kumar, Neetha Mohindra",Unknown,01-01-2018,2018,1,Monday,15,0,0,0,0,0,0,1.3689,0,0
310421,Namma Veettu Pillai,"Arumpon wants his sister to get married into a good family, but is forced to accept her marriage to a local goon, with whom he is at loggerheads. Will the brother-sister relationship survive?",33,"Comedy, Action",Pandiraj,"Sivakarthikeyan, Aishwarya Rajesh, Samuthirakani, Anu Emmanuel, Natarajan Subramaniam",Sun Pictures,27-09-2019,2019,9,Friday,153,0,0,0,0,0,0,1.0772,5.368,19
1276338,Star,"Follows a youngster Kalai and his aspirations of becoming a 'Star' in the Tamil Film Industry. Born in a lower-middle-class family, will Kalai overcome all his struggles to emerge as a Star?",32,"Drama, Romance",Elan,"Kavin Raj, Lal, Aaditi Pohankar, Preity Mukhundhan, Geetha Kailasam",Rise East Entertainments Pvt Ltd,10-05-2024,2024,5,Friday,157,0,0,0,0,0,0,1.3361,7.321,84
581104,Ayogya,"When a corrupt cop gets embroiled in a heroic brawl, he has no idea how it would eventually lead him to a shocking rape case and change his life forever.",30,"Action, Crime, Drama",Venkat Mohan,"Vishal Krishna, Raashii Khanna, R. Parthiban, K. S. Ravikumar, Devadarshini",Light House Productions,11-05-2019,2019,5,Saturday,150,0,0,0,0,0,0,1.2033,7.1,17
1335741,Adharma Kadhaigal,"Four anthologies about revenge explore the need for vengeance, the effects of self-harm, and forgiveness through the lives of different people.",21,"Thriller, Drama",Kamaraj Vel,"Vetri, Sakshi Agarwal, Ammu Abhirami, Dhivya Dhuraisamy, Sunil",Big Bang Movies,23-08-2024,2024,8,Friday,131,0,0,0,0,0,0,1.2124,3,1
755393,Saani Kaayidham,A police constable from an oppressed caste and her half-brother go after the dominant caste men who raped her and burned her husband and kid alive.,26,"Crime, Action, Drama, Romance",Arun Matheswaran,"Keerthy Suresh, Selvaraghavan, Kanna Ravi, Lizzie Antony, Vinodh Munna",Screen Scene Media Entertainment,06-05-2022,2022,5,Friday,138,0,0,0,0,0,0,0.9377,6.3,23
1118801,Adiyae!,"Jeeva, a grieving youngster, who is on the verge of taking his life, finds new hope when he listens to his school-time crush Senthazhini’s song on TV. But Post a fatal accident, things take a turn for the worse when he accidentally enters an alternate reality.",46,"Science Fiction, Romance, Comedy",Vignesh Karthick,"G. V. Prakash Kumar, Gouri G Kishan, Venkat Prabhu, Madumkesh, Mirchi Vijay",Maali & Manvi Movie Makers,25-08-2023,2023,8,Friday,139,0,0,0,0,0,0,1.1532,5.167,6
411717,Bairavaa,A loan recovery agent takes on a corrupt head of an educational institution to save his girlfriend.​,17,Action,Bharathan,"Vijay, Keerthy Suresh, Jagapati Babu, Sathish, Aparna Vinod",Vijaya Productions,12-01-2017,2017,1,Thursday,168,0,1419500000,0,141.95,0,0,1.0362,5.483,58
553261,Aivar,A collection of five Tamil Anthology Films from different independent filmmakers.,11,"Drama, Horror",Rupini Letchumanan,"Thevaguru Suppiah, Durga Devi Nisha, Eswaran NK, Pashini Sivakumar, Madana Vilosyen",Jhangri Production,14-07-2022,2022,7,Thursday,150,0,0,0,0,0,0,1.1324,0,0
1616237,Arulvaan,"Follows Muthuvel, a resolute collector who overcomes all obstacles to educate a tribal girl and provide school access for the entire forest community.",23,Drama,Ganesh Vinayak,"Arulnithi, Aarav Kizar, Ramya Pandian, Krithika, Kaali Venkat",90 Pictures Productions Private Limited,17-07-2026,2026,7,Friday,109,0,0,0,0,0,0,1.3821,0,0
962074,Captain Miller,"In the 1930s, during the British Raj, Analeesan ""Eesa"", a former soldier of the British Indian Army called Captain Miller, is on a mission to protect the people from the British after witnessing an atrocity.",35,"Action, War",Arun Matheswaran,"Dhanush, Priyanka Arul Mohan, Nivedhithaa Sathish, Elango Kumaravel, Shiva Rajkumar",Sathya Jyothi Films,11-01-2024,2024,1,Thursday,158,502336000,0,50.23,0,0,0,1.0898,6.735,81
1109203,Yaathisai,"Set in the 7th century,  Kodhi, an young hot-blooded warrior from the Einar clan, believes that his birth is destined to free his fellows from the nomadic life that they lead and goes on an impossible mission, to revolt against and defeat the Pandiyan king Ranadheeran.",46,"War, History, Action",Dharani Rasendran,"Shakthi Mithran, Seyon, Rajalakshmi Gopalakrishnan, Guru Somasundaram, Samar Periyasamy",Venus Infotainment,21-04-2023,2023,4,Friday,121,0,0,0,0,0,0,1.0824,7,5
363183,Sathuran,An auto driver becomes the prime suspect in a series of murders and has to race against time to save his loved ones and clear his name.,27,,K. Rajeev Prasad,"Raju Easwaran, Rajaji Manickam, Kaali Venkat, Varsha Bollamma",Unknown,09-10-2015,2015,10,Friday,0,0,0,0,0,0,0,1.073,3,2
533660,Kaatteri,"To escape the wrath of the gangster whom they work for, a gang of treasure-seeking, bumbling criminals go to a hillside village, which, they don't realise is a ghost town, literally!",31,"Comedy, Horror",Deekay,"Vaibhav, Varalaxmi Sarathkumar, Sonam Bajwa, Aathmika, Manali Rathod",Studio Green,05-08-2022,2022,8,Friday,113,0,0,0,0,0,0,1.1006,3.3,9
1603780,Raagu Kethu,"Raagu Kethu is a 2025 Indian Tamil-language film written and directed by Durai Balasundaram. The film stars P. Samuthirakani, Archana Kanthan, and Sandhya Sree in the lead roles. It is produced by Santhi Balasundaram under the banner of Thamizharasan Theaters.",40,Drama,Durai Balasundaram,"Samuthirakani, Archana Kanthan, Sandhya Sree, S.Anand, Balasundaram",Thamizharasan Theaters,08-08-2025,2025,8,Friday,123,46476851.5,0,4.65,0,0,0,0.9758,0,0
924506,Pen Vilai Verum 999 Rubai Matume,A gang uses hidden cameras to take videos of women during their private time and blackmail them. Many women commit suicide due to the threat of this gang. Police starts to investigate the suicides.,34,Drama,Varada raj,"Rajkamal, Sweta Pandit, Vadivel Balaji, KPY Ramar",Unknown,07-01-2022,2022,1,Friday,120,0,0,0,0,0,0,1.3238,0,0
369939,Pokkiri Raja,"A young man whose constant yawning leaves him out of work gets a gangster arrested by accident. Now, the latter is out to get his revenge, but what he doesn't know is how powerful a yawn can be.",38,"Action, Comedy, Romance",Ramprakash Rayappa,"Sibiraj, Jiiva, Hansika Motwani, Manobala, Munishkanth",PTS Films International,04-03-2016,2016,3,Friday,139,0,0,0,0,0,0,1.2691,4.111,9
1143279,Thandatti,"A constable, takes up a case that requires him to find a pair of gold earrings that belonged to a dead woman.",22,"Drama, Comedy",Ram Sangaiah,"Pasupathy, Rohini, Ammu Abhirami, Vivek Prasanna, Deepa Shankar",Prince Pictures,23-06-2023,2023,6,Friday,128,0,0,0,0,0,0,1.1407,7,2
1113153,Rajathanthiram: The Piano,"The story revolves around a special piano that holds a precious secret. Many years ago, a man by the name of Arumugam receives a wooden box as a gift from an anonymous Englishmen for his kindness. Upon inspecting the wooden box further in his house, Arumugam discovered a precious pink diamond, with no intention of selling the diamond, he and his piano-maker friend designed and built a custom-made piano that has a secret compartment that can only be unlocked by playing a unique tune. Arumugam splits the tune into four and teaches his four children separately. Years passed and Arumugam develops Alzheimer's disease, forgetting about the piano's secret, neither does his family had any knowledge of it but things started to go for the worse when several dangerous and mysterious figures finds out the piano's secret and goes after Arumugam's family for the diamond.",144,"Drama, Mystery",Sakthi Chidambaram,"Moon Nila, Thevaguru Suppiah, K. S. Maniam, Haridhass S, Govind Singh",Spike Productions (M) Sdn. Bhd.,29-06-2023,2023,6,Thursday,131,0,0,0,0,0,0,1.1912,10,1
979250,Demonte Colony 2,"Debbie attempts to contact the spirit of her deceased husband Sam, she inadvertently contacts Srinivasan, who had just died. This contact saves his life but leaves him in a coma for years. Later, Debbie unravels mystery about Lord Demonte sacrificing people and enslaves their spirits. Can Debbie break this cycle and help Srinivasan to wake up from his coma?",59,"Horror, Thriller",R. Ajay Gnanamuthu,"Arulnithi, Priya Bhavani Shankar, Tsering Dorjee Bawa, Antti Jääskeläinen, C. Arun Pandian",BTG Universal,15-08-2024,2024,8,Thursday,145,0,0,0,0,0,0,1.1401,6.7,21
1154990,Web,"After a drunk driving accident, Abinaya, Mahashree, and Nisha wake up chained in a room by Veera, who is seeking revenge for his sister's death. Will they escape or face their fate?",32,Thriller,N Haroon,"Natarajan Subramaniam, Shilpa Manjunath, Subha Priya Malar, Shaashvi Bala, Rajendran",Velan Productions (IN),04-08-2023,2023,8,Friday,118,0,0,0,0,0,0,1.012,4,2
792334,Sulthan,"A man raised by gangsters tries to reform them, and a hired job to protect a village presents him with the perfect opportunity.",23,"Action, Thriller, Romance",Bhagyaraj Kannan,"Karthi, Rashmika Mandanna, Ramachandra Raju, Nawab Shah, Lal",Dream Warrior Pictures,02-04-2021,2021,4,Friday,122,0,0,0,0,0,0,1.3702,5.325,20
1036454,Nandhi Varman,"A team from the Madras University arrive at a village to excavate Aanumantheeshwarar temple belongs to Pallava monarch Nandivarman's era, is believed to be buried under the soil. Once the excavation starts, supernatural activities and multiple terrifying incidents take place one after the other.",44,"Mystery, Thriller, Action",G. V. Perumal Varadhan,"Suresh Ravi, Asha Gowda, Bose Venkat, Nizhalgal Ravi, Gajaraj",AK Film Factory,29-12-2023,2023,12,Friday,115,0,0,0,0,0,0,1.2318,0,0
753018,Sathiya Sothanai,"Pradeep, a gullible simpleton who spots a dead body in a remote location and decides to hand over the person’s gold chain and mobile to the cops. This noble gesture lands him in trouble and it’s up to him to save himself from facing the repercussions.",46,"Comedy, Drama, Crime",Suresh Sangaiah,"Premji Amaran, Swayam Siddha, Reshma Pasupuleti, G. Gnanasambandam, Sithan Mohan",Super Talkies,21-07-2023,2023,7,Friday,109,0,0,0,0,0,0,0.9868,7,1
362150,Vedalam,"Ganesh, a cab driver and a doting brother to his sister Tamizh, is hunting down three notorious criminals in Kolkata. Who is he actually and what's his motive?",28,Action,Siva,"Ajith Kumar, Shruti Haasan, Lakshmi Menon, Soori, Thambi Ramaiah",Shri Sai Raam Creations,10-11-2015,2015,11,Tuesday,156,776550000,1536400000,77.66,153.64,759850000,97.85,1.0851,5.864,55
534963,100,"A young cop, who works in a police control room, tries to solve the mysterious case of a kidnapped girl.",20,Action,Sam Anton,"Atharvaa Murali, Hansika Motwani, Yogi Babu, Radha Ravi, Saravanan",Auraa Cinemas,10-05-2019,2019,5,Friday,141,0,0,0,0,0,0,0.8408,6.545,22
368006,24,Scientist turned Entrepreneur Dr. Sethuraman tries to safeguard his newly invented time travel device from falling into the hands of his Evil Twin Brother Aathreya.,25,"Action, Science Fiction, Thriller",Vikram Kumar,"Suriya, Samantha Ruth Prabhu, Nithya Menen, Saranya Ponvannan, Ajay",Studio Green,05-05-2016,2016,5,Thursday,164,835000000,1252500000,83.5,125.25,417500000,50,1.1746,7.2,135
1425641,Maargan,"ADGP Dhruv, a seasoned high-ranking police officer haunted by a tragic past, grapples with a labyrinthine case, where every clue unearths a darker secret. As he uncovers clues linking to a mysterious swimmer, he races against time to stop a cunning serial killer driven by dark secrets.",47,"Crime, Action, Mystery, Thriller",Leo John Paul,"Vijay Antony, Ajay Dhisan, Brigida Saga, Samuthirakani, Deepshika Umapathy",Vijay Antony Film Corporation,27-06-2025,2025,6,Friday,132,0,0,0,0,0,0,1.165,6.133,15
864403,Annabelle Sethupathi,"A scary journey begins when a small-time thief, Rudra, enters a haunted castle and gets pulled into the mystery of its mistress — Annabelle Sethupathi.",25,"Horror, Comedy, Fantasy",Deepak Sundarrajan,"Vijay Sethupathi, Taapsee Pannu, Jagapati Babu, Rajendra Prasad, Radhika Sarathkumar",Passion Studios,17-09-2021,2021,9,Friday,134,0,0,0,0,0,0,1.1365,4.3,12
1478844,Kadukka,"In a peaceful village, Two Young best Friends fall for the same Beautiful Girl. What starts as friendship soon turns into a comedy-filled Love war. Each tries to win her heart with charm, tricks, and emotions, but the girl has a surprise of her own is shown in a Comedy Suspense with Fun filled power packed manner.",57,"Romance, Comedy, Drama",S.S. Murugarasu,"Vijay Gowrish, Smeha Manimegalai, Adarsh Madhikanth, P.A. Sudha, KVN Manimegalai",Vijay Gowrish Productions,29-08-2025,2025,8,Friday,123,0,0,0,0,0,0,1.3646,0,0
1328832,Ninaivellam Neeyada,,0,"Romance, Drama",Aadhirajan,"Prajin Padmanabhan, Manisha Yadav, Sinamika, Sri Priyanka, Manobala",Lekha Theatres,23-02-2024,2024,2,Friday,155,0,0,0,0,0,0,0.8807,0,0
536445,33km From KL,"Benjamin, Gururaj and Satya have gotten involved in an accident. The three men do not know each other and are only connected by the accident they've been in. Benjamin is a millionaire suffering from a mental disorder. Gururaj is a software engineer who has been kidnapped by an assassin but he cannot figure out the reason for the kidnapping, even though it's clear that the motive is revenge and money. Lastly, Satya is a happy-go-lucky young man who is in a reluctant relationship with a girl named Mei Ling.",89,"Mystery, Thriller",K. S. Umaagaanthan,"Ben G, Kavimaran THR Raaga, Logeswaran, Ananthan Muniandy, Shamini Ramasamy",El Praga Pasca Penerbitan,15-03-2018,2018,3,Thursday,125,0,0,0,0,0,0,1.2115,8,2
478473,Kaali,"An Indian doctor in the US, haunted by a recurring nightmare, learns that he is adopted, and comes to India to know his real roots. Where does his search lead him to?",32,"Action, Drama",Kiruthiga Udhayanidhi,"Vijay Antony, Sunaina, Anjali, Amritha Aiyer, Shilpa Manjunath",Vijay Antony Film Corporation,18-05-2018,2018,5,Friday,113,0,0,0,0,0,0,0.8435,5.5,4
1255578,Oru Kadha Sollattaa Sir,"Three filmmakers decide to write a story, but unfortunately, their writings turn into an awful reality. Alongside, two spirits become intertwined in their tale with their mysterious past. As they grapple with the consequences of their writing, they also face the haunting histories of horrific spirits. This journey is filled with jaw dropping reveals that heighten the stakes, intensifying the horror to keep the viewer's heart racing. The twists aren't merely terrifying; they're also tragic, especially when Yamma – The King of Hell – concludes the mystery.",87,"Fantasy, Comedy",Kash Villanz,"Kash Villanz, Vikadakavi Magen, Moon Nilaa, Thivya Naidu",Unknown,07-03-2024,2024,3,Thursday,0,0,0,0,0,0,0,1.3802,0,0
1063218,Enjoy,"The domination of social media which paves the way for opportunities for everyone to express their thoughts and opinions freely not only provided vast benefit to the audience but it also created waves of disaster in the society.  To present themselves with fashion and prestigious gadgets,  few youngsters step into this new technological world with the intention changing their lives overnight. Was this actually an opportunity to transform their lives or absolute disaster waiting in the dark shades is the story of ENJOY that will reveal.  A strong social message and multitude of complications intertwined in the story, the director chose adult comedy with intense materials of laughter through youngster’s language of new technological era.  The movie will make you laugh, cry and reshape your belief of the current events happening in everyone's home.",134,Romance,Perumal Kasi,"Madhan Kumar Dhakshinamoorthy, Vignesh, Harish Kumar, Niranjana Neithiar, Sai Dhanyaa",LNH Creation,23-12-2022,2022,12,Friday,0,0,0,0,0,0,0,1.0258,0,0
486352,465,"A doctor whose colleagues a lady doctor (who fell in love with him) and another male doctor got murdered under mysterious circumstances, is happy to get back his ancestral house. But since an image of a woman keeps recurring in his mind, he's branded as mentally unfit and those around him decide to admit him in a hospital. What happened to the doctor in the end? Who's that woman he keeps getting images of?",74,Horror,Sai Sathyam,"Karthik Raj, Niranjana, Pavani Reddy, Manobala, Udhayabanu Mageswaran",LPS Films,24-03-2017,2017,3,Friday,106,0,0,0,0,0,0,1.1106,5,1
749956,Sinamkol,Oppression of the Tamil people continues even after the end of Sri Lanka's civil war.,15,,Ranjith Joseph,,Unknown,03-01-2020,2020,1,Friday,0,0,0,0,0,0,0,1.2597,0,0
1499180,Bomb,"Bomb is a comedy film set in the fictional village of Kaalakammaipatty, where a man named Kathiravan dies unexpectedly but even after death, he won’t stop farting. His body becomes the center of chaos, confusion, and laughter as the villagers try to figure out the Reason.",46,"Drama, Comedy",Vishal Venkat,"Arjun Das, Shivathmika, Kaali Venkat, Nassar, Abhirami",Gembrio Pictures,12-09-2025,2025,9,Friday,133,0,0,0,0,0,0,1.1803,5.8,4
642889,Psycho,"Based on the Buddhist tale of Angulimala, a dreaded serial killer, Psycho tells the story of a blind man who gets involved in a murder mystery. trying to save his lover from a psychopath who has kidnapped her.",38,"Thriller, Drama",Mysskin,"Rajkumar Pitchumani, Aditi Rao Hydari, Udhayanidhi Stalin, Nithya Menen, Singampuli",Double Meaning Productions,24-01-2020,2020,1,Friday,145,0,0,0,0,0,0,1.0194,5.1,30
1506415,Maayakoothu,A writer's tale unravels-a magical and mystical ride through realms unknown.,11,"Crime, Drama, Fantasy",A. R. Raghavendran,"Nagarajan Kannan, Delhi Ganesh, Mu Ramaswamy, Boxer Dheena, S.K. Gaayathri",Rahul Movie Makers,11-07-2025,2025,7,Friday,106,0,0,0,0,0,0,1.2674,0,0
280165,Thani Oruvan,An idealistic cop and an ambitious scientist-businessman indulge in a high-stake battle of wits.,14,"Thriller, Action",Mohan Raja,"Ravi Mohan, Arvind Swamy, Nayanthara, Vamsi Krishna, Ganesh Venkatraman",AGS Entertainment,28-08-2015,2015,8,Friday,159,0,0,0,0,0,0,0.9702,7.451,103
1416501,DNA,"A young woman with borderline personality disorder, fights a lonely battle when she believes her newborn baby was swapped with someone else’s minutes after her delivery. Her loving husband, who initially doubts, eventually believes and starts investigating with an experienced cop.",41,Drama,Nelson Venkatesan,"Atharvaa Murali, Nimisha Sajayan, Chetan, Mohammed Zeeshan Ayyub, Maanasa Chaudhary",Olympia Movies,20-06-2025,2025,6,Friday,140,0,0,0,0,0,0,1.2944,6.2,6
602276,Jackpot,Two con women lock horn with a gangster after knowing that a mystic vessel is hidden in his home.,19,"Comedy, Action",Kalyaan,"Jyothika, Revathi, Anandaraj, Mansoor Ali Khan, Rajendran",2D Entertainment,02-08-2019,2019,8,Friday,142,0,0,0,0,0,0,1.1036,3.6,10
1341521,Virundhu,"Famous businessman John Kalathil dies by suicide. 6 months later, his wife Elizabeth meets a tragic accident. On her deathbed, she tasks auto driver Hemand to pass a secret to Comrade Balettan.",32,Action,Kannan Thamarakkulam,"Arjun Sarja, Gireesh Neyyar, Nikki Galrani, Baiju Santhosh, Aju Varghese",Producers Badusha,31-08-2024,2024,8,Saturday,125,0,0,0,0,0,0,1.0685,2,1
553869,Aadai,A free-spirited girl gets the shock of her life when she finds herself naked in an abandoned building after a late-night party.,22,"Thriller, Mystery, Action",Rathna Kumar,"Amala Paul, Ramya Subramanian, Sriranjini, Vivek Prasanna, Roju",V Studios,19-07-2019,2019,7,Friday,143,0,0,0,0,0,0,0.9913,5.893,14
1565351,Agapaduvaan,"On the remote outskirts of Thirunelveli, Marudhu lives a quiet, withdrawn life with his granddaughter—far removed from the chaos that once shattered his world. A decade ago, his son and daughter-in-law were brutally murdered by Dharmalingam, a man consumed by vengeance, who set fire to their home and their future. Haunted by memory, Marudhu lives not to heal—but to endure. But time doesn’t always offer distance. Sometimes, it circles back.",70,"Thriller, Drama",Rudreshmaniadiraj,"Karate Venkatesan, Vincent Nakul, Isai Mazhai, Varathan, Jay Kay",Unknown,23-12-2024,2024,12,Monday,36,0,0,0,0,0,0,1.084,0,0
759989,Maaran,An investigative journalist gets into trouble when he publishes an article that exposes bitter truths about a corrupt politician.,19,"Action, Thriller",Karthick Naren,"Dhanush, Malavika Mohanan, Samuthirakani, Smruthi Venkat, Ramki",Sathya Jyothi Films,11-03-2022,2022,3,Friday,130,0,0,0,0,0,0,1.1047,4.8,15
280168,Kaaki Sattai,"Mathimaran, a police constable, wants to do something worthy of his job and stumbles upon an organ trafficking ring run by Durai that is exploiting immigrant labourers. But, with Durai's connections inside the force and in politics going deep, can the cop succeed?",43,"Comedy, Action",R. S. Durai Senthilkumar,"Sivakarthikeyan, Sri Divya, Prabhu, Vijay Raaz, Kalpana",Wunderbar Films,26-02-2015,2015,2,Thursday,157,0,0,0,0,0,0,1.0942,5.524,21
456017,Velaiyilla Pattathari 2,"A cool-headed crusader for the struggling engineers, Raghuvaran faces the powerful and arrogant owner of a construction company Vasundhara Parameswaran, as they engage in a battle to win the corporate game.",31,"Action, Comedy",Soundarya Rajinikanth,"Dhanush, Kajol, Vivek, Samuthirakani, Amala Paul",Wunderbar Films,11-08-2017,2017,8,Friday,129,0,0,0,0,0,0,1.1361,5.649,47
408475,Devi(L),A man who wants a modern girl for a wife unwillingly marries a village girl. What happens when the girl is possessed by the ghost of an aspiring actress?,29,"Comedy, Horror",A. L. Vijay,"Tamannaah Bhatia, Prabhu Deva, Sonu Sood, Murali Sharma, Amy Jackson",BLN Cinema,07-10-2016,2016,10,Friday,125,0,0,0,0,0,0,1.0837,5.967,30
1443967,CD4 LOVE,A unique love story between Charu and Dev that explores themes of acceptance and the universal need for love and companionship,21,Drama,Lingges Kumar,"Sana Udhayakumar, Vikas Muppala, Jayanthimala, Shyam",Unknown,17-05-2024,2024,5,Friday,35,0,0,0,0,0,0,0.8587,0,0
1569802,Ram Abdullah Antony,"School studenty Antonys mother works as a beedi maker and dies of cancer due to her work. Gurumoorthy,a rowdy in the village,comes to run the beedi factory. So Antony and his friends Ram and Abdullah join forces to demand the closure of the beedi factory.",45,,T JAYAVEL,"Poovaiyar, Soundara Raja, Thalaivasal Vijay, Boxer Dheena, Java Sundaresan",ANNAI VELANKANNI STUDIOS,31-10-2025,2025,10,Friday,122,0,0,0,0,0,0,1.0091,0,0
1244540,Kazhu Maram,Sethu who came from Pollachi to Chennai to become a film director. He is facing many struggles to achieve his moments. A friend working at Producer Kodandam gives Sethu an opportunity to meet Kodandam.How people received his movie and what happens next is the story of ‘Kazhumaram’,47,Drama,Kottachi,"Kottachi, Pandi Selvam, Tamil Barathi, Benjamin, Janaki Jayaraman",Yourbackers Productions (IN),16-02-2024,2024,2,Friday,105,0,0,0,0,0,0,1.6045,0,0
262973,Anegan,Madhumitha is convinced that she and her colleague Ashwin were lovers in their past lives and have been brought together by fate. Is there any truth to this or is she merely hallucinating?,33,"Comedy, Mystery, Romance, Thriller",K. V. Anand,"Dhanush, Amyra Dastur, Karthik Muthuraman, Ashish Vidhyarthi, Jagan",AGS Entertainment,13-02-2015,2015,2,Friday,154,434200000,684700000,43.42,68.47,250500000,57.69,1.0228,6.105,38
318572,Aambala,"Three brothers return to their native village to mend the relationship between their estranged father and his sisters. However, to unite the family, the brothers are told to marry their cousins.",31,"Action, Comedy, Family",Sundar C,"Vishal Krishna, Hansika Motwani, Prabhu, Santhanam, Vaibhav",Vishal Film Factory,15-01-2015,2015,1,Thursday,147,325650000,0,32.56,0,0,0,0.9314,5.438,24
1097405,181,"An aspiring film director along with his wife goes to a resort to write a story. When he begins writing the story, some paranormal force prevents him from penning the story. What is the mystic force? Can he saves himself and his wife?",43,Horror,Mohamad Issack,"Gemini Ryker, Rheena Krishnan, Kaviya Amaira, Vijay Chandru, Yuva Thameem",Unknown,16-12-2022,2022,12,Friday,112,0,0,0,0,0,0,1.0061,5,1
980116,Vaaitha,"A poor Laundry worker gets injured in a road accident and finds himself struggling for justice. He and his family suffers, due to conflicts among two different caste groups.",29,"Drama, Crime",Mahivarman.CS,"Nassar, Mu Ramaswamy, Powlen Jessica, Muthu Azhagarsamy, Regin Rose",Tips Tamil,27-05-2022,2022,5,Friday,117,0,0,0,0,0,0,1.2576,8,1
825995,Between Pudukkottai & Singapore,"This short documentary features poet N Rengarajan, a migrant worker from Pudukkottai, India who sustains a practice of poetry as a way of life while working in the construction sector in Singapore. The film, structured around three of his poems, seeks to visually mirror the rhythm and tone of his writing. Together, verse and visuals strive to draw attention to the poet's acute illuminations of the realities of migrant life.",70,Documentary,Vishal Daryanomel,N Rengarajan,Unknown,12-11-2017,2017,11,Sunday,19,0,0,0,0,0,0,1.1911,0,0
410562,Chennai 600028 II: Second Innings,"A group of friends reunite for the wedding of one of their own. However, when a mishap threatens to ruin the event, only a series of cricket matches can save the day.",32,"Comedy, Romance",Venkat Prabhu,"Jai Sampath, Shiva, Vaibhav, Premji Amaran, Vijay Vasanth",Black Ticket Company,09-12-2016,2016,12,Friday,154,0,0,0,0,0,0,0.7632,5.7,18
987895,Maaveeran,"After a head injury, cowardly newspaper cartoonist Sathya hears a voice in his mind, foretells events and puts him in precarious situations and forces him to take on a corrupt politician.",31,"Drama, Action, Comedy, Fantasy",Madonne Ashwin,"Sivakarthikeyan, Aditi Shankar, Saritha, Mysskin, Sunil Varma",Shanthi Talkies,14-07-2023,2023,7,Friday,166,334000000,918500000,33.4,91.85,584500000,175,0.989,7.063,48
680320,Paakaati Po,"Without telling his colleague, Mythily, of his true feelings, Ashwin, who fell in love with her the first time they met, manages to attract her attention. But when their new colleague, Jessy, enters their relationship, forming a love triangle, Mythily becomes jealous. The three of them must learn how to deal with their feelings, and each other, in order to fulfill their destinies.",63,"Comedy, Romance",Kathir Raven S,"Kathir Raven S, Santhini Antony, Sai Sangeetha",Mour Four Production,05-03-2020,2020,3,Thursday,141,0,0,0,0,0,0,1.1632,0,0
1246021,Ranam Aram Thavarel,A series of unidentified and disfigured bodies are recovered by the police from across the city. A facial reconstruction artist is brought into the case to find those who are responsible for these killings. Will he be able to get to the bottom of the case and find the killer?,50,"Mystery, Thriller",Sherief,"Vaibhav, Nandita Swetha, Tanya Hope, Saraswathi Menon, Suresh Chakravarthy",Mithun Mithra Productions (IN),23-02-2024,2024,2,Friday,121,0,0,0,0,0,0,1.213,8,1
1566666,Middle Class,"Karl Marx, a middle-class man in his mid-forties, lives in a small housing board quarters with his mouthy wife and his two kids. As long as he can remember Karl Marx had only one dream, to buy a couple of acres of land in his native village and do farming. This middle-class man with his middle-class dream gets a reversal of fortune because of a good deed done by his father in the past. That being a cheque for an amount of one crore rupees. But fate plays a cruel trick on Karl Marx as he misplaces the cheque and struggles to find it. He has only two days to find the missing cheque and encash it. Does he find it? Does he fulfil his dream? The story that unfolds is Middle Class",133,"Comedy, Drama",Kishore Muthuramalingam,"Munishkanth, Vijayalakshmi Agathiyan, KPY Kuraishi, Kaali Venkat, Radha Ravi",Axess Film Factory,21-11-2025,2025,11,Friday,124,0,0,0,0,0,0,0.921,5.5,2
973579,Gargi,"When a schoolteacher's father is arrested for the rape of a 10-year-old girl, the media storm surrounding the case has lawyers reluctant about defending the accused. An inexperienced advocate with a speech disability agrees to take up the case despite the stiff opposition and ridicule from his association. It is now up to them to build their defence and prove that the man accused of committing the crime did not do it.",72,"Drama, Thriller",Gautham Ramachandran,"Sai Pallavi, Aishwarya Lekshmi, Kaali Venkat, R.S. Shivaji, Jayaprakash",Blacky Genie & My Left Foot Productions,15-07-2022,2022,7,Friday,137,0,0,0,0,0,0,0.9438,7.329,35
844787,Methagu,The true events that happened in Tamileelam to suppress Tamil ethnicity and why Tamil leader Prabhakaran emerged in the Tamil freedom struggle in the Indian Ocean Island nation Srilanka.,29,Drama,T. Kittu,"Kutti Mani, Lizzie Antony, Eeshwar Baasha, Vijay Soundar, Vinod Sagar",Tamil Eela Thiraikalam,13-08-2021,2021,8,Friday,100,6755150,0,0.68,0,0,0,1.0892,6.2,5
985667,Gajaana,A group of greedy people were entering enchanted Forest in search of treasure and unexpectedly they over come hurdles in a mysterious way. did they find the solution and did escape from the hurdles in the forest,37,"Comedy, Adventure, Fantasy, Thriller",Prabadish Samz,"Vedhika, Inigo Prabhakaran, Prathap Pothan, Yogi Babu, Velu Prabhakaran",Four Square Studios,09-05-2025,2025,5,Friday,125,0,0,0,0,0,0,0.935,4.5,4
1581336,Kinaru,,0,"Comedy, Drama",Harikumaran,"Vivek Prasanna, Kanishkumar, Manoj kannan, Srihariharan, Ashwin",Madras Stories LLP,14-11-2025,2025,11,Friday,108,0,0,0,0,0,0,0.8677,0,0
1155713,Appatha,"Appatha, who has spent all her life in Kaayilanpatti village, fears dogs. And in an unexpected situation, that fear turns to love. What was the reason for this transformation?",29,"Drama, Family, Comedy",Priyadarshan,"Urvashi, Siddharth Babu, Y. G. Mahendran, Amit Bhargav, Kaveri Jha",Wide Angle Creations,29-07-2023,2023,7,Saturday,116,0,0,0,0,0,0,0.8807,6.3,3
1298116,Hit List,"Vijay, a typical middle-class guy, finds his life ruined when a masked man kidnaps his family and forces him to become an unwilling assassin, targeting the masked man’s rivals in a twisted game of karmic retribution.",36,"Crime, Drama, Thriller",Sooryakathir Kaakkallar,"Vijay Kanishka, R. Sarathkumar, Samuthirakani, Sithara, Gautham Vasudev Menon",R. K. Celluloids,31-05-2024,2024,5,Friday,128,0,0,0,0,0,0,0.914,5,1
499371,Titanic,,0,"Comedy, Romance",M. Janakiraman,"Kalaiyarasan, Anandhi, Ashna Zaveri, Kaali Venkat, Jangiri Madhumitha",Thirukumaran Entertainment,18-07-2025,2025,7,Friday,0,0,0,0,0,0,0,0.8173,0,0
1565129,Cristina Kathirvelan,"Kathirvelan is in love with Cristina . Both are give their documents to the witnesses for the registered marriage of the sister of the rowdy. In it, the hero and heroine who gave the documents to the witnesses receive a wrong marriage certificate as if they were married. The heroine Cristina is engaged to marry a stranger. Kathir fights and join.",61,"Romance, Drama",SJN. Alex Pandian,"Kaushik Ram, Prathibha, Singampuli, Ganja Karuppu, Arul D. Shankar",ALEXANDER SANTHANASAMY - (M/S JERSI MOVIE LAND),07-11-2025,2025,11,Friday,135,0,0,0,0,0,0,0.7741,0,0
433121,Thaanaa Serndha Koottam,"Angered by the corruption that stopped him from becoming a CBI officer, a young man forms a gang who pose as CBI officers and raids the corrupt.",27,"Crime, Action, Comedy",Vignesh Shivan,"Suriya, Keerthy Suresh, Ramya Krishnan, Senthil, Karthik Muthuraman",2D Entertainment,12-01-2018,2018,1,Friday,138,0,0,0,0,0,0,1.0842,5.6,38
829493,Anti Indian,Baasha dies just few days before the assembly by-Election for Mylapore constituency while the election campaign by the political parties are in full swing. Various obstacles faced to bury the deceased are revealed.,33,Drama,Elamaran,"Elamaran, Radha Ravi, Aadukalam Naren, Velu Prabhakaran, Udhayabanu Mageswaran",Moon Pictures,10-12-2021,2021,12,Friday,140,0,0,0,0,0,0,1.0441,6.5,2
521888,Melnaattu Marumagan,"Melnaattu Marumagan (English: Westernised Son-in-law) is a 2018 Tamil action film directed by MSS and produced by Mano Udhayakumar of Udhaya Creations. The film stars Rajkamal and Andreanne Nouyrigat in the leading roles, with Lollu Sabha Manohar and Muthukaalai in supporting roles.",42,Drama,MSS,"Rajkamal, Andreanne Nouyrigat, Lollu Sabha Manohar, Muthukalai",Udhaya Creations,16-02-2018,2018,2,Friday,0,0,0,0,0,0,0,1.1139,0,0
877587,Kadaseela Biriyani,A studious teen who wants a simple life is conned by his violent older brothers into joining their grandiose plan to avenge their murdered father.,25,"Crime, Drama, Comedy",Nishanth Kalidindi,"Vijay Ram, Vasanth Selvam, Hakkim Shajahan, Dinesh Mani, Vijay Sethupathi",YNOTX,19-11-2021,2021,11,Friday,115,0,0,0,0,0,0,1.1317,6.9,8
1093966,Vettaiyan,A sought-after Supercop gets caught in a series of unexpected events when he encounters a suspect who is accused of being involved in a murder case.,26,"Action, Crime, Drama",T. J. Gnanavel,"Rajinikanth, Amitabh Bachchan, Fahadh Faasil, Rana Daggubati, Manju Warrier",Lyca Productions,10-10-2024,2024,10,Thursday,161,2964250000,2567271127,296.43,256.73,-396978873,-13.39,1.2921,6.2,39
1502587,Iravu Paravai,A woman who came to Tamil Nadu as a refugee from Sri Lanka and came to Tamil Nadu as a refugee of Indian origin is leading a solo protest in Tamil Nadu. The gist of this story is to bring to the attention of the Central Government through the Chief Minister and Governor of Tamil Nadu with the support of the people of Tamil Nadu and get citizenship of India.,70,Drama,Vedhaji Pandiyan,"Dr. R.Pandiyan, Nandhini Udhayakumar, Gokil Sathya, Nizhalgal Ravi",New TV Tamil thiraichannel,04-07-2025,2025,7,Friday,0,0,0,0,0,0,0,1.2381,0,0
1174501,Kadavulukku Oru Kaditham,"Pinky, an orphan misses her parents, writes a letter to god requesting him to send them back so that she can spend time with them. Unfortunately, that letter falls in the hands of the local gangster, whose leader comes up with a plan to kidnap the girl for ransom.",49,"Comedy, Crime",Abu Baker Siddiq,"Sasitharan K. Rajoo, Devyanaa Hasan, B. Gobbinath, Chandhine Kaur, B. Thiyagu",Positive Film Sdn Bhd,01-09-2023,2023,9,Friday,161,0,0,0,0,0,0,1.0772,0,0
599943,Catamaran,"Conservative middle-aged fisherman Singaram cares for his orphaned niece and nephew who he loves deeply. As Singaram works hard to provide for his family, he also tries to arrange a groom for his niece. But she rejects the many suitors he brings, and he soon learns that his niece is in love with her fellow female teacher. Ostracized by his community, Singaram tries to come to terms with his niece being a lesbian and through the process he learns to empathize with the plight of the village barber Alankaram, who is transgender.",92,Drama,Swarnavel Eswaran,"Preeti Karan, Anusha Prabhu, Mysskin, G. R. Adithya, Semmalar Annam",Unknown,23-04-2019,2019,4,Tuesday,73,0,0,0,0,0,0,1.1379,0,0
1551138,Right,"A desperate father searching for his missing son finds himself trapped inside a police station when a mysterious entity seals the station building, forcing those within to confront their secrets as a deadly game.",34,"Thriller, Drama",Subramanian RameshKumar,"Natarajan Subramaniam, C. Arun Pandian, Akshara Reddy, Yuvina Parthavi, Munnar Ramesh",RTS Film Factory,26-09-2025,2025,9,Friday,0,0,0,0,0,0,0,1.1473,0,0
1029483,Aasai,"A young couple are mentally and physically harassed by two men while on a road trip. However, the situation puts their love to the test, making them go their separate ways.",31,"Thriller, Romance",Shiv Mohaa,"Kathir, Divyabharathi, Poorna, Linga",Unknown,06-03-2026,2026,3,Friday,150,0,0,0,0,0,0,0.9875,0,0
264038,Kaaka Muttai,Two slum kids yearn to taste a pizza after being enticed by the pizza shop that has opened near their locality. What happens when they manage to find the money to buy one?,33,Drama,M. Manikandan,"J Vignesh, Ramesh Thilaganathan, Aishwarya Rajesh, Silambarasan, Nivas Adithan",Wunderbar Films,05-06-2015,2015,6,Friday,109,0,0,0,0,0,0,1.1679,7.81,63
636901,Rocky,A gangster who is released from prison goes in search of his sister only to find his violent past tagging along and threatening to derail his attempt to lead a normal life.,32,"Crime, Action, Drama",Arun Matheswaran,"Vasanth Ravi, Bharathiraja, Raveena Ravi, Rohini, Ravi Venkatraman",RA Productions,23-12-2021,2021,12,Thursday,129,0,0,0,0,0,0,0.8885,6.7,11
437677,The Road,"Saalai (The Road), the story of one man's inner struggle, a Psychological Thriller based on an Idea driven by strange encounters, shot in -30°C FREEZING COLD and DANGEROUS landscape presented for the first ever time in Tamil Cinema.",38,"Action, Adventure, Thriller",Charles,"Aadukalam Naren, Rahi Khan, Krisha Kurup, Alan John, Ajith Maniyan",Thanga Thulasi Productions,15-08-2017,2017,8,Tuesday,0,0,0,0,0,0,0,0.7749,0,0
412101,Gemini Ganeshanum Suruli Raajanum,"A romantic youngster, who manages to have several relationships with pretty girls, realises his mistakes and finally decides to settle down in life by marrying one among them.",28,"Romance, Comedy",Odam Ilavarasu,"Atharvaa Murali, Regena Cassandrra, Soori, Pranitha Subhash, Aaditi Pohankar",Amma Creations,14-07-2017,2017,7,Friday,134,0,0,0,0,0,0,1.1153,5.1,8
911560,Parallel Lines,Two men who know each other only through Facebook share two things in common: their name and their opinion towards crimes against women. Their lives take a deadly turn when they both meet in person for the first time.,39,"Thriller, Drama",Kiran R,"Vatsan M Natarajan, Masanth Natarajan, Nagarajan Kannan, Pranav Kiruthik, V. S. Gurunath",Independent Mind Films,03-12-2021,2021,12,Friday,104,0,0,0,0,0,0,1.0902,0,0
585561,Adithya Varma,A brilliant and short-tempered young surgeon goes down a self-destructive path when the love of his life is forced to marry another man.,23,"Drama, Romance",Gireeshaaya,"Dhruv Vikram, Banita Sandhu, Priya Anand, Raja, Dheepa Ramanujam",E4 Entertainments,21-11-2019,2019,11,Thursday,168,0,0,0,0,0,0,0.9532,5.7,15
1446308,Varunan,"In a world on the brink of chaos, a seemingly ordinary conflict two rival water supply businesses becomes the unexpected catalyst for a potential war, when one begins hiding illicit arrack beneath their water cans. Petty squabbles escalate into violent confrontations as loyalties are tested and betrayals mount.",48,"Action, Drama",Jaayavelmurugun,"Radha Ravi, Charan Raj, Dushyanth Jayaprakash, Gabriella Charlton, Shankarnag Vijayan",Yakkai Films,14-03-2025,2025,3,Friday,120,0,0,0,0,0,0,1.1811,0,0
1121284,Demon,"Vignesh Shivan, working on his debut directorial venture, unknowingly moves to a haunted apartment, becomes sleep deprived and depressed due to nightmares and paranormal happenings. When all his efforts to solve the issue fails, Vicky tries to get to the bottom of it to find out about the house, comes to know many shocking facts.",55,"Horror, Thriller",Ramesh Pazhaniivel,"Sachin Mani, Abarnathi, Raveena Daha, Kumki Ashwin, Suruthi Periyasamy",Window Boys Pictures,22-09-2023,2023,9,Friday,121,0,0,0,0,0,0,1.0646,0,0
533238,Kolamavu Kokila,"A young woman takes up drug peddling to make money for the treatment of her mom, who has cancer.",19,"Comedy, Thriller",Nelson Dilipkumar,"Nayanthara, Yogi Babu, Saranya Ponvannan, Jacqueline, R.S. Shivaji",Lyca Productions,17-08-2018,2018,8,Friday,140,0,0,0,0,0,0,1.0963,6.618,38
843153,Battle of the Hearts,"Called to negotiate with a man who has taken a hospital ward hostage, an ex-army major is shocked to learn of the attacker’s link to his own past.",28,"Action, Thriller",T. T. Dhavamanni,Sivakumar Palakrishnan,Unknown,15-11-2020,2020,11,Sunday,75,0,0,0,0,0,0,0.9075,0,0
412865,Peranbu,"A single father tries to raise his daughter, who has cerebral palsy, even as she is beginning to wake up to her sexuality.",23,"Drama, Family",Ram,"Mammootty, Sadhana, Anjali, Anjali Ameer, Lizzie Antony",Shree Raaja Lakshmi Films,01-02-2019,2019,2,Friday,147,0,0,0,0,0,0,1.0511,7.261,44
858344,Raame Aandalum Raavane Aandalum,"A villager's search for his two lost bulls turns his village to become breaking news on all the television channels in India,and into an expose of the corruption in politics and media.",32,"Drama, Comedy",Arisil Moorthy,"Mithun Manickam, Ramya Pandian, Vadivel Murugan, Vani Bhojan, M.S. Sathishkumar",2D Entertainment,24-09-2021,2021,9,Friday,112,0,0,0,0,0,0,1.051,6,1
1214378,Jigiri Dosthu,"Three Best Friends From Childhood - Vicky, Rishi and Loki. Vicky Aspires to Become a Scientist, Rishi Aspires to Become an Actor Whereas Loki Aspires to Just Enjoy Life and How Off in Front of His College Friends.  The Story Happens in One Day, the Day of Vicky's Birthday. On This Day, the Trio Plan to Go for an Outing to Mahabalipuram. En-route, They Witness a Girl Being Kidnapped by a Terrifying Gangster in a Running Car. Seeing the Kidnap, Rishi and Vicky Take a Vow to Save the Girl,  to Which Loki Doesn't Show Much Interest. How They Save the Girl From the Gangster Using Vicky's Technology Called  Terrorist Tracker Forms the Rest of the Story",117,"Thriller, Comedy",Aran V,"Shariq Hassan, Aran V, Ammu Abhirami, Pavithra Lakshmi, V.J. Ashiq",lords P International,22-12-2023,2023,12,Friday,0,0,0,0,0,0,0,1.0129,0,0
1293849,3BHK,A middle-class family battles financial hurdles and personal setbacks while pursuing their dream of owning a home in the bustling city.,21,"Family, Drama",Sri Ganesh,"Siddharth, R. Sarathkumar, Devayani, Meetha Raghunath, Chaithra J Achar",Shanthi Talkies,04-07-2025,2025,7,Friday,139,0,0,0,0,0,0,0.9395,7.143,14
1186312,Garudan,"Set in Theni, a minister’s greed to seize temple land sets in motion a chain of events that pits two childhood friends, Aadhi and Karuna against each other, Chokkan, who is their trusted confidant whose loyalty is tested in the tale of betrayal and retribution.",45,"Action, Crime, Thriller",R. S. Durai Senthilkumar,"Soori, Unni Mukundan, M. Sasikumar, Revathy Sharma, Sshivada",Lark Studios,31-05-2024,2024,5,Friday,133,0,0,0,0,0,0,1.0054,7,17
1543249,Arachioothuna Kuzhambu,"An indulgent little dive into the world of Ilaiya Punks.  After a bit of time, Ilaiya Punks gather around to eat what S.G cooks da best as far as they know. The Kongu naatu Chicken Curry! aka Arachioothuna Kuzhambu!  And what better way to remember than to film the time of some young punks just punkin' around a space named Chennai, Tamil Nadu, India.",64,"Documentary, Comedy",Sudarsan Meena Muruganandam,"Dhev D, Priyesh, S.G. Murali, Sudarsan Meena Muruganandam, Sharan Saravanan",Ilaiya Punks,07-09-2025,2025,9,Sunday,105,83.5,0,0,0,0,0,0.9112,0,0
498821,Kadaikutty Singam,"Gunasingam, a family-loving farmer who hails from a small town, tries his best to keep his big family united despite him being misunderstood by many.",25,"Romance, Comedy, Family, Action",Pandiraj,"Karthi, Sayesha Saigal, Sathyaraj, Priya Bhavani Shankar, Arthana Binu",2D Entertainment,13-07-2018,2018,7,Friday,148,0,0,0,0,0,0,1.0549,6.604,24
1433133,Rambo,"Gowtham a ruthless heir to an education empire and Ram, a kind hearted orphanage caretaker, are raised with opposing beliefs. When Malar exposes Gowtham's dark secret, the two men face off in a brutal test of power and fists.",39,"Action, Drama",M. Muthaiah,"Arulnithi, Tanya Ravichandran, Ranjith Sajeev, Abhirami, Ayesha Zeenath",Unknown,10-10-2025,2025,10,Friday,109,0,0,0,0,0,0,0.9998,5.5,2
1403839,Bad Girl,"From her journey through high school and college, then out into the wider world, Ramya’s dream of finding the perfect guy is obstructed by societal mores, strict parents, unrequited love and the untrammeled chaos of her own mind.",38,"Romance, Drama",Varsha Bharath,"Anjali Sivaraman, Shanti Priya, Hridhu Haroon, Teejay, Sashank Bommireddipalli",Grass Root Film Company,05-09-2025,2025,9,Friday,112,0,0,0,0,0,0,0.975,6.9,7
1398980,Xtreme,"Her Clothes! Her Right!  a Feminism is Talking About the Heroine Who Wears Clothes in an Exceedingly Attractive Style! What Happened to a Girl Who Wanted to Be Like Her, What Happened to That Girl's Condition, When the Police Find Out Who is Responsible for Her Condition, They Find That She Has Been Brutally Murdered. How Do the Police Find the Killer Responsible for the Murder by Intensive Investigation! This Story.",71,"Action, Crime, Drama",Rajavel Krishna,"Rachitha Mahalakshmi, Abi Nakshathra, Raj Kumar Nagaraj, Ananth Nag, Amrita Halder",Sieger Pictures,03-01-2025,2025,1,Friday,0,0,0,0,0,0,0,1.4208,0,0
640484,Valimai,"A honest cop tries to track down the brain behind a series of robberies and murders, but things turn personal when his family become pawns in the criminal's game.",29,"Action, Crime, Thriller",H. Vinoth,"Ajith Kumar, Huma Qureshi, Kartikeya Gummakonda, Gurbani Judge, Sumithra",Bayview Projects,24-02-2022,2022,2,Thursday,179,1603200000,1745150000,160.32,174.51,141950000,8.85,1.1486,5.5,34
1426156,Kanal,"A widowed mother of two children fights against the oppressive norms of society, determined to carve a better future for her family. As she navigates poverty and relentless hardships, she refuses to bow to fate, breaking free from the chains that seek to hold her back.",46,,Samaya Murali,"Kavya Bellu, John Vijay, Sridhar, Swathi Krishnan, Jai Bala",The Nightingale Production,04-06-2022,2022,6,Saturday,70,0,0,0,0,0,0,1.0689,7,1
861818,Boomika,"Samyuktha's husband Gautham acquires a contract to build a township villa in an abandoned forest area. Gautham takes the help of his close friend Gayathri, an architect, to plan the construction. Gautham, Samyuktha, Gayathri, Aditi visit the guest house in the forest area to plan the construction. However, they start to experience several paranormal activities in the guest house which leaves them shocked and terrified.",65,"Mystery, Thriller, Horror",R. Rathindran Prasad,"Aishwarya Rajesh, Avantika, Vidhu, Pavel Navageethan, Madhuri Jain",Stone Bench Creations,20-08-2021,2021,8,Friday,122,0,0,0,0,0,0,0.855,5.306,18
770996,Dhowlath,"A drama film directed by Sakthi Sivan, starring Reshmi Gautham and Sakthi Sivan in the lead roles.",17,Action,Sakthee Sivan,"Rashmi Gautham, Yogi Babu, Sakthee Sivan",Unknown,27-11-2020,2020,11,Friday,130,0,0,0,0,0,0,0.8167,0,0
972646,O2,A mother fights to protect her son and his oxygen cylinder as they get stuck in a tunnel with other passengers and the oxygen level depleting,26,Thriller,GS Viknesh,"Nayanthara, Rithvik, Lenaa, Aadukalam Murugadoss, R. N. R. Manohar",Dream Warrior Pictures,17-06-2022,2022,6,Friday,120,0,0,0,0,0,0,0.8804,4.4,7
505677,Gorilla,Three friends who need money to better their lives and a disillusioned farmer hatch a plan to rob a bank with a chimp as an accomplice.,26,"Comedy, Romance, Action",Don Sandy,"Jiiva, Shalini Pandey, Sathish, Vivek Prasanna, Yogi Babu",All In Pictures,12-07-2019,2019,7,Friday,128,0,0,0,0,0,0,1.2839,3.7,5
1646073,Jadugar Ka Badla,"A reclusive magician living in a remote tourist spot in South India faces constant opposition from society while trying to fulfill his late father's dreams. When life pushes him to his breaking point, he undergoes a powerful transformation, emerging stronger and determined to prove himself against all odds.",48,Drama,Vineesh Millennium,"Yogi Babu, Hareesh Peradi, Shanthi Rao, Zakir Ali",Unknown,16-05-2025,2025,5,Friday,1,0,0,0,0,0,0,0.9749,0,0
1118232,Saba Nayagan,"This coming-of-age drama follows Saba, the happy-go-lucky protagonist, through the years leading up to his adulthood and highlighting events of friendship and romance along the way.",26,"Romance, Comedy",C.S. Karthikeyan,"Ashok Selvan, Karthika Muraleedharan, Megha Akash, Chandini Chowdary, Akshaya Hariharan",Clear Water Films INC.,22-12-2023,2023,12,Friday,155,0,0,0,0,0,0,1.2272,6.667,9
884038,The Boy,Aswath's thirteenth birthday is the occasion. The celebrating family is confounded by Aswath's lack of enthusiasm towards the various gifts he receives. It turns out that Aswath has been harboring a surprising sentiment.,33,Family,Arunkumar Senthil,"Vinodhini Vaidyanathan, Delhi Ganesh, Hitesh S. Bharathwaaj, Umarsharif, Rajeswari",Trip to The Moon Productions,27-07-2018,2018,7,Friday,10,0,0,0,0,0,0,1.1128,1,2
883735,Filter Gold,"Viji, Dora and Shanthi are transgenders, and Viji and Dora live together. When Viji’s best friend Shanthi is murdered, she decides to take revenge. At the same time, Dora falls in love with Aasari’s son. Now, Viji has feels the responsibility to protect Dora from Aasari.",46,"Thriller, Crime",Vijayabaskar,"Vijayabaskar, Dora Sree, Sugumar Shanmugam, Vettri",Survival Pictures,29-10-2021,2021,10,Friday,118,0,0,0,0,0,0,0.8987,0,0
505971,Thadam,The murder of a youngster creates confusion among a few cops when they find out that the one accused in the crime has a look-alike!,25,"Crime, Mystery, Thriller",Magizh Thirumeni,"Arun Vijay, Vidhya Pradeep, Tanya Hope, Smruthi Venkat, Fefsi Vijayan",Redhan The Cinema People,01-03-2019,2019,3,Friday,138,0,0,0,0,0,0,0.8327,7.076,46
1544547,Madharas Mafia Company,"A gangster has powerfull political influence who controls chennai City for more than 25 years with not having single f.i.r filed against Him. Being targeted by a suo-motto case. To nab him, government Appoints a lady i.p.s officer thigazh bharathi in an undercover Operation. In the meantime his subordinates, business partners & rival Gangs also trying to kill him. How i.p.s officer thigazh bharathi Achieved her mission completed and defeated poongavanam’s regine Is the remaining story.",76,"Action, Drama",A. S. Mukundan,"Anandaraj, Samyuktha Karthik, Deepa Shankar, Munishkanth, Raams",Anna Productions [in],14-11-2025,2025,11,Friday,0,0,0,0,0,0,0,0.7233,0,0
1628578,Yogida,"It is story about a Honest and straightforward lady police Inspector Yogi works in Coimbatore, where she proves a textile mill owner’s “suicide” is actually a murder by his own son, leading to her transfer to the punishment area Vyasarpadi in North Chennai. There she confronts ruthless don Shekar Babu, who controls the area and its police through fear, power, and political influence, but Yogi refuses to bow down and begins taking action against his network.",76,"Thriller, Action",Goutham Krishna,"Sai Dhanshika, Kabir Duhan Singh, Sayaji Shinde, Manobala, Pujita Ponnada",Sri Monica Cine Films,06-02-2026,2026,2,Friday,119,0,0,0,0,0,0,0.982,0,0
858067,Thiruchitrambalam,A guy-next-door tries to find romance in his life while also dealing with his personal problems. How long will it be before he realises what he is looking for is right next to him?,34,"Romance, Drama, Comedy",Mithran Jawahar,"Dhanush, Nithya Menen, Bharathiraja, Prakash Raj, Raashii Khanna",Sun Pictures,18-08-2022,2022,8,Thursday,133,0,0,0,0,0,0,1.1025,7.394,66
869140,Thalaivar Thambi Thalaimaiyil,"A village official attending a wedding becomes entangled in an escalating family dispute over power and old resentments, testing his leadership as he tries to contain the situation.",28,"Comedy, Drama",Nithish Sahadev,"Jiiva, Prathana Nathan, Ilavarasu, Thambi Ramaiah, Jenson Dhivakar",Kannan Ravi Groups,15-01-2026,2026,1,Thursday,113,0,0,0,0,0,0,0.9587,6.2,6
1123042,Address,"Address is an upcoming Indian Tamil-language action drama film written and directed by Rajamohan. The film features Esakki Barath in the lead role alongside Atharvaa in an extended cameo appearance. The film also features Pooja Jhaveri, Dhiya, Thambi Ramaiah, Devadarshini, A.",41,"Drama, Action",Rajmohan,"Esakki Bharath, Atharvaa Murali, Diya Mayurikha, Thambi Ramaiah, Devadarshini",Cocktail Cinemas,07-03-2025,2025,3,Friday,0,0,0,0,0,0,0,0.744,0,0
1046580,Parole,"A mother's demise brings two egoistic and arrogant brothers together, transforming their lives for the better.",16,"Action, Drama",Dwarakh Raja,"Linga, R. S. Karthik, Monisha Murali, Kalpika Ganesh, Janaki Suresh",TRIPR Entertainment,11-11-2022,2022,11,Friday,140,0,0,0,0,0,0,1.0374,7,1
895033,Don,A youngster who is still figuring out what his passion is gets into an engineering college where he clashes with a disciplinarian faculty.,23,"Comedy, Romance",Cibi Chakaravarthi,"Sivakarthikeyan, Priyanka Arul Mohan, S. J. Suryah, Samuthirakani, Soori",Sivakarthikeyan Productions,12-05-2022,2022,5,Thursday,164,0,0,0,0,0,0,1.1156,6.041,37
633479,Venpa,"Thenavan, a pensive man who constantly rejecting women of his mother’s choice including Sheila. Sheila, sweet dark skinned girl who’s often rejected by guys from matrimony falls in love with Thenavan on first meeting over his comforting gestures. The reason behind Thenavan’s rejections slowly unveiled upon his sighting of Kalyani, his school time love. Kalyani’s arrival back to home country is welcomed with a disaster of her handbag being stolen. Thenavan assists throughout her difficulties and requests an hour of conversation as a return favour. The one hour conversation end up as big turning point for Thenavan, Kalyani and Sheila with the presence of former lover of Kalyani, Sathya.",109,"Drama, Romance",K. Kavi Nanthan,"Yuvaraj Krishnasamy, Agalyah Maniam, Thevaguru Suppiah, Kuben Mahadevan, Mugen Rao",Vadai Productions,19-09-2019,2019,9,Thursday,155,0,0,0,0,0,0,1.1233,9,1
984992,Regina,A simple and naive housewife who is traumatized after losing her husband in a bank robbery embarks on a voyage of vengeance. Will she achieve her target alone and uncover the people behind masks?,34,"Thriller, Crime",Domin D'Silva,"Sunaina, Ananth Nag, Nivas Adithan, Boxer Dheena, Vivek Prasanna",Yellow Bear Production LLP,23-06-2023,2023,6,Friday,117,0,0,0,0,0,0,1.0904,9,1
311166,Maari,"A feared local rowdy, known for his dominance in the streets and pigeon racing, finds himself at odds with a newly appointed police officer. As tensions rise, hidden motives and betrayals unfold, shaking the balance of power in the neighborhood.",40,Action,Balaji Mohan,"Dhanush, Kajal Aggarwal, Vijay Yesudas, Robo Shankar, Kaali Venkat",Magic Frames,17-07-2015,2015,7,Friday,138,0,0,0,0,0,0,0.9852,6.028,54
1016300,Undercover Rascals 2,Venkat works hard to bring down the largest drug empire in the nation. His plan is disrupted when Aditya Sharma is back from prison to seek his revenge.,28,"Action, Drama",V. Nagaraj,"K.K. Khanna, Bala Ganapathi William, K. Karnan G Crak, Thasha Krishnakumar, Rupini Krishnan",Megamovie Sdn bhd,25-08-2022,2022,8,Thursday,111,0,0,0,0,0,0,1.0405,7,1
1188335,Akku,A Sequence of Murder is taking Place surrounding Hero and most importantly the victims are all close to him. Hero is searching the Culprit & Police Inspector also does the same since its his duty. At one point Police focus shift towards the Hero since situation makes Cop to suspect the Hero. Hero argues with Police Inspector and escaped to find the real Culprit. Cop chases Hero & Hero Chases unknown Culprit . We will find out the Twist in Silver Screen whether Cop Catches Hero or Hero identified the Real Culprit.,92,"Thriller, Crime, Horror",Stalin V,"Prajin Padmanabhan, Ventakesh, Gayatri Rema, Ramanathan, Stalin V",Ambigapathi Movie Makers [in],13-10-2023,2023,10,Friday,112,0,0,0,0,0,0,0.93,0,0
1090162,She's No More,This film is dedicated to all the youngsters who have lost their lives,13,"Romance, Drama",Eshwar NE,"Abraham Sasi, Vignesh Manavalan, Jane Doe",North East Films,06-05-2017,2017,5,Saturday,15,0,0,0,0,0,0,1.0377,10,1
368230,Miruthan,"When a zombie outbreak occurs in a hill station, a traffic cop takes on the responsibility of transporting a team of doctors to a city hospital so that they can find an antidote.",33,"Action, Romance, Thriller",Shakti Soundar Rajan,"Ravi Mohan, Lakshmi Menon, Anikha Surendran, Kaali Venkat, Sriman",Global Infotainment,18-02-2016,2016,2,Thursday,106,0,0,0,0,0,0,0.8431,5.232,28
1324027,Moondram Manithan,Moondram Manithan is a Tamil movie starring K. Bhagyaraj and Sonia Agarwal in the lead.,15,Drama,Ramdev,"K. Bhagyaraj, Sonia Agarwal, Brana, Srinath, Soodhu Kavvum Sivakumar",Ramdev Pictures,29-12-2023,2023,12,Friday,141,0,0,0,0,0,0,1.072,0,0
498580,Kanchana 3,A young man who gets easily scared is possessed by a ghost that is seeking revenge.,16,"Horror, Comedy",Raghava Lawrence,"Raghava Lawrence, Kovai Sarala, Vedhika, Nikki Tamboli, Oviya Helen",Sun Pictures,19-04-2019,2019,4,Friday,174,0,0,0,0,0,0,1.0446,4.2,22
631637,Oh My Kadavule,Arjun is conveniently married to his best friend Anu and their marriage turns out to be a nightmare since he is not really in love with her. When things get tough Arjun gets a second chance in life that could change his path and perspective altogether.,46,"Comedy, Romance",Ashwath Marimuthu,"Ashok Selvan, Ritika Singh, Shah Ra, Vani Bhojan, Gajaraj",Axess Film Factory,13-02-2020,2020,2,Thursday,154,0,0,0,0,0,0,0.9497,7.924,46
1157083,Thiru Vi Ka Poonga,A man regains his faith in love after he is cheated on.,12,,Senthil Sel Am,"Senthil Sel Am, Swathi Shanmugam",The Budget Film Company,02-01-2015,2015,1,Friday,119,0,0,0,0,0,0,1.076,0,0
1340332,Black,"Vasanth and Aaranya, a couple move into a serene row house, eager for peace and privacy, but a violent storm leaves them trapped inside, unsettling supernatural disturbances threaten to unravel their marriage. Vasanth must uncover the truth behind these supernatural occurrences before everything falls apart.",45,"Mystery, Thriller, Horror",Balasubramani KG,"Jiiva, Priya Bhavani Shankar, Vivek Prasanna, Shah Ra, Swayam Siddha",Potential Studios,11-10-2024,2024,10,Friday,115,0,0,0,0,0,0,1.2302,6.647,17
1328687,Konjam Pesinaal Yenna,"Sanjana's feelings for her childhood crush Ajay reawaken through virtual interactions. They bond over phone calls during lockdown, forming a connection without traditional labels, but face hurdles in recognizing their emotions.",31,"Comedy, Romance",Giri Murphy,"Vinoth Kishan, Keerthi Pandian, V.J. Ashiq, Kaamna Batra, Gowtham Sundararajan",Super Talkies,24-05-2024,2024,5,Friday,112,0,0,0,0,0,0,0.9939,0,0
438731,Vivegam,"A group of counter-terrorism agents are brought in to track down a man who was once the head of their squad, and is believed to have gone rogue.",28,"Action, Thriller",Siva,"Ajith Kumar, Kajal Aggarwal, Akshara Haasan, Vivek Oberoi, Arav Chowdhary",Sathya Jyothi Films,24-08-2017,2017,8,Thursday,149,1536400000,1670000000,153.64,167,133600000,8.7,1.0981,4.83,56
1189482,Vaazhvu Thodangumidam Neethanae,"A girl from a conservative Muslim family falls in love with another girl, a documentary filmmaker. When the family discovers their relationship, they vehemently oppose it. Can the couple able to navigate these challenges and confronts opposition from their family and society and lead a peaceful life?",47,Drama,Jeyaraj Palani,"Suruthi Periyasamy, Niranjana Neithiar, Arumugavel, Arshath Feras, RJ Pradeep",Esai Pictures,29-09-2023,2023,9,Friday,83,0,0,0,0,0,0,1.1217,0,0
487593,Irumbu Thirai,"Kathiravan, a major in the Indian army with anger management issues, is compelled by circumstances to borrow a loan from a bank with false documents. When the entire money in the account vanishes, Kathiravan tries to track down the scamsters, and it leads him to White Devil, a master hacker.",50,"Action, Thriller",P. S. Mithran,"Arjun Sarja, Vishal Krishna, Samantha Ruth Prabhu, Delhi Ganesh, Robo Shankar",Vishal Film Factory,11-05-2018,2018,5,Friday,160,0,0,0,0,0,0,1.0532,6.837,49
371933,Thiruttu VCD,"Herp, unknownly get tasked to bring drugs in a vehicle. He assigns a team to act as a family. This was done to capture the don and other rowdies.",29,"Romance, Comedy",Kadhal Sukumar,"Prabha, Devadarshini, Sakshi Agarwal, Senthil",The Vibrant Movies,24-09-2015,2015,9,Thursday,117,0,0,0,0,0,0,1.0028,4,1
899746,Visithiran,"Following the death of his ex-wife, a retired police officer, who is known for his investigative prowess, unexpectedly gets pulled into a criminal case involving organ harvesting.",27,"Crime, Thriller",Padmakumar M,"R. K. Suresh, Poorna, Madhu Shalini, Bagavathi Perumal, G. Marimuthu",B Studios,06-05-2022,2022,5,Friday,123,0,0,0,0,0,0,0.8182,7.5,2
330425,Kanchana 2,A TV channel’s crew goes to a deserted beachside bungalow to stage a horror show but the place is actually haunted and the ghost(s) in the place possess the director and the cameraman in the team.,36,"Horror, Comedy",Raghava Lawrence,"Raghava Lawrence, Taapsee Pannu, Nithya Menen, Kovai Sarala, Renuka",Raghavendra Productions,17-04-2015,2015,4,Friday,168,0,0,0,0,0,0,1.0626,5.143,28
378229,Radiopetti,"Radiopetti, the story of a man lost in another world, a world of the past, brought alive to his ears by a radioset. How his life journeys with his love for this inanimate thing alongside his family and friends. Where will this love take him?",45,Drama,Hari Viswanath,"Lakshmanan, Ramanujam TVV, Shobana Mohan, Nivas Adithan",HarryToonz Studio,05-07-2015,2015,7,Sunday,83,0,0,0,0,0,0,0.9221,7.5,4
1062715,Sabdham,A paranormal investigator is employed by a university to investigate a series of mysterious deaths some are attributing to supernatural causes.,21,"Thriller, Horror",Arivazhagan Venkatachalam,"Aadhi Pinisetty, Lakshmi Menon, Redin Kingsley, Simran, Rajiv Menon",7G Films,28-02-2025,2025,2,Friday,146,208750000,0,20.88,0,0,0,1.0214,5.571,7
950260,Kurangu Pedal,"Set in the backdrop of 80s of Katheri village, Maariappan, a 12-year-old boy whose father is taunted by the villagers for not knowing to ride a cycle, deeply wishes to spend the summer holidays mastering the skill of riding a bicycle by renting one.",44,Drama,Kamalakannan,"Kaali Venkat, Jenson Dhivakar, Prasanna Balachandran, Santhosh Velmurugan, Gnanasekan",Katha Kelu Entertainment,24-05-2024,2024,5,Friday,119,0,0,0,0,0,0,1.2072,0,0
1495790,Bun Butter Jam,"Two mothers, disillusioned by failed marriages, team up to orchestrate a master plan to unite their freshman kids, Chandru and Madhu. But things get muddied when their Gen Z kids have other plans, leading to a clash of wills and generational divide.",42,"Romance, Comedy, Drama",Raghav Mirdath,"Raju Jeyamohan, Aadhya Prasad, Bhavya Trikha, Charle, Saranya Ponvannan",Unknown,18-07-2025,2025,7,Friday,147,0,0,0,0,0,0,0.6494,5,0
865539,Dikkiloona,"Frustrated with his troubled married life, a man goes back in time to stop his marriage from ever happening.",19,"Comedy, Romance, Science Fiction",Karthik Yogi,"Santhanam, Yogi Babu, Anagha, Shirin Kanchwala, Harbhajan Singh",KJR Studios,10-09-2021,2021,9,Friday,144,0,0,0,0,0,0,0.9241,5,10
768529,Theeviram,,0,"Drama, Thriller",Michael Muthu,"Amzath Khan, Arjun Chidambaram, Gokul Anand, Gautham Vasudev Menon, Sharath Ravi",Unknown,26-11-2020,2020,11,Thursday,0,0,0,0,0,0,0,0.8858,0,0
539315,Dev,A youngster who has to fight against all the odds in order to achieve his desires.,16,"Romance, Action",Rajath Ravishankar,"Karthi, Rakul Preet Singh, Prakash Raj, Ramya Krishnan, Nikki Galrani",Prince Pictures,14-02-2019,2019,2,Thursday,155,0,0,0,0,0,0,0.8751,4.947,19
462718,Pariyerum Perumal,"A law student from a lower caste begins a friendship with his classmate, a girl who belongs to a higher caste, and the men in her family start giving him trouble over this.",33,"Romance, Drama",Mari Selvaraj,"Kathir, Anandhi, Yogi Babu, G. Marimuthu, Lijeesh",Neelam Productions,28-09-2018,2018,9,Friday,155,0,0,0,0,0,0,0.9795,8.195,77
631632,Bachelor,"A carefree young man gets into a live-in relationship with his colleague, and gets her pregnant. What happens next?",19,Drama,Sathish Selvakumar,"G. V. Prakash Kumar, Divyabharathi, Munishkanth, Bagavathi Perumal, Nakkalites Arun Kumar",Axess Film Factory,03-12-2021,2021,12,Friday,175,0,0,0,0,0,0,0.8465,4.9,7
1552952,Jockey,"The film Jackie is based on the ancient goat fighting tradition of Madurai. In a village in Madurai, Ramar and Karthi enter their goats into a goat fight competition. Ramars goat wins the competition. Envious, Karthi tries to take revenge on Ramar and his goat, causing various troubles for Ramar. Ramar thwarts these attempts and protects his goat.",58,Action,Pragabhal,"Yuvan Krishna, Ridhaan Krishna, Ammu Abhirami, Madhusudhan Rao, Sithan Mohan",PK7 Studios,23-01-2026,2026,1,Friday,147,0,0,0,0,0,0,1.0962,0,0
1406227,Lara,"On karaikal beach, an unidentified and completely disintegrated woman corpse was reaching the sea shore. Inspector Karthikesan start the investigation as who it is? What are the confusions in the case? Who is the killer in the end? Who was murdered? What are the obstacles in the investigation? Did he find it out? Or not is the ""Lara-The Unrevealed Story"" is the screenplay that describes with various twists.",68,Thriller,Manimoorthi,"Ashok Kumar Balakrishnan, M Karthikesan, Anusreya Rajan, Varshini Venkat, Venmathi",Mk Film Media Works,03-01-2025,2025,1,Friday,0,0,0,0,0,0,0,1.1847,0,0
1326711,P2,Story based on betrayal of trust,6,"Horror, Thriller",Sivam,"Bhagath Vikranth, Sidhu Kumarsen, Ilavarasu, Deepa Shankar, Yaser",Aram Productions,09-08-2024,2024,8,Friday,0,0,0,0,0,0,0,0.7918,0,0
1562718,THADAI ATHAI UDAI,"Three aspiring filmmakers from a humble brick kiln background set out to prove their talent. After their first village drama is dismissed as outdated, they decide to reinvent themselves. What begins as a daring YouTube channel sting soon spirals into danger, loss, and a shocking revelation—with twists and turns—all part of their bold second film. Their vision ultimately wins over the producer, marking the true beginning of their filmmaking journey.",70,,Arivazhakan Murugesan,"Mahesh, Guna Babu, Thiruvarur Ganesh, Mahaadeer Mohammed, K.M. Barivallal",Unknown,31-10-2025,2025,10,Friday,118,0,0,0,0,0,0,0.7158,0,0
453068,Sketch,"The fate of four friends, who work at a garage, witness drastic changes after they lock horns with a dreaded gangster in town",23,Action,Vijay Chandar,"Vikram, Tamannaah Bhatia, Soori, Sriman, Sri Priyanka",V Creations,12-01-2018,2018,1,Friday,135,0,0,0,0,0,0,0.9019,4.978,23
1283474,Pagalariyaan,"Wolf is in the process of eloping with his girlfriend Akshara while the gangster Silent is frantically searching for his sister who has eloped with her boyfriend, a dubious character who is looking to sell her off.",37,Thriller,Murugan Raj,"Vetri, Akshaya Kandamuthan, Boxer Dheena, Murugan Raj, Chaplin Balu",Rishikesh Entertainment,24-05-2024,2024,5,Friday,119,0,0,0,0,0,0,1.1087,0,0
925818,Naai Sekar,"Sekar who works at an IT company in Chennai gets bitten by a neighbourhood scientist's dog, and their souls swapped.",20,"Comedy, Fantasy",Kishore Rajkumar,"Sathish, Pavithra Lakshmi, Shiva, Sriman, Livingston",AGS Entertainment,13-01-2022,2022,1,Thursday,133,0,0,0,0,0,0,1.0842,6,2
440658,Lightman,This film portrays the life of Lightmen in cinema. Lightmen are an Integral part and prominent among the 24 crafts in film industry but they stay isolated among the other technicians in the Industry.,34,Drama,Venkatesh Kumar G,"Karthik Nagarajan, Nancy Jennifer, Vasagan, Govindaswaminathan",Unknown,10-02-2017,2017,2,Friday,78,0,0,0,0,0,0,1.03,0,0
1553472,Marutham,"Kanniyappan, A Hardworking Farmer, Is Devastated When He Learns That His Ancestral Farmland Has Been Auctioned Off Due To An Unpaid Loan. Despite Being A Diligent Farmer, Kanniyappan Is Shocked Because He Never Took Out Any Loan From A Bank Or Any Financial Institution. His Peaceful Life Takes A Dark Turn As He Begins To Unravel The Truth Behind This Mysterious Auction.",62,Drama,V. Gajendran,"Vidharth, Rakshana, Aruldoss, Lollu Sabha Maaran",Aruvar Private Limited,10-10-2025,2025,10,Friday,0,0,0,0,0,0,0,1.3089,7,1
449739,Vanamagan,"An Andaman tribal who escapes from men trying to capture his people, ends up in the care of a spoilt, rich girl, who starts to fall in love with him.",30,"Action, Adventure",A. L. Vijay,"Ravi Mohan, Sayesha Saigal, Thambi Ramaiah, Prakash Raj, Vela Ramamoorthy",Kona Film Corporation,23-06-2017,2017,6,Friday,140,0,0,0,0,0,0,0.8554,5.957,23
1265508,Pon Ondru Kanden,"Rival school friends Siva and Sai reunite after years, bury rivalry but compete for Sandy's affection, an unexpected twist complicates their rekindled friendship and romantic pursuits.",26,"Romance, Comedy",V. Priya,"Ashok Selvan, Aishwarya Lekshmi, Vasanth Ravi, Amrutha Srinivasan, Sachu",YSR Films,14-04-2024,2024,4,Sunday,120,0,0,0,0,0,0,0.9675,5,4
617385,Hero,A fraudster gets to fulfill his childhood dream of being a superhero when he takes on a ruthless businessman whose business strategy is to crush the dreams of children.,29,"Crime, Thriller, Action",P. S. Mithran,"Sivakarthikeyan, Arjun Sarja, Abhay Deol, Kalyani Priyadarshan, Ivana",KJR Studios,18-12-2019,2019,12,Wednesday,159,0,0,0,0,0,0,1.0386,6.258,31
329134,Massu Engira Maasilamani,A conman gains the power to see and communicate with ghosts and decides to use it to make money. His happy-go-lucky lifestyle goes for a toss when a ghost who is his look-alike approaches him with an offer.,38,"Comedy, Thriller, Horror",Venkat Prabhu,"Suriya, Nayanthara, Pranitha Subhash, Premji Amaran, R. Parthiban",Unknown,29-05-2015,2015,5,Friday,151,0,0,0,0,0,0,1.1314,5,45
1643782,Nathikal Nanaivathillai,Nathikal Nanaivathillai is a 2015 Indian Tamil-language romantic drama film directed by Nanjil P.C. Anbazhagan,15,"Romance, Drama",Nanjil P.C. Anbazhagan,"Monica, Risha, Bala Singh, Senthil, Gundu Kalyanam",Unknown,27-03-2015,2015,3,Friday,0,0,0,0,0,0,0,0.8043,0,0
648698,Thambi,Brother and sister who get separated and reunite years later when the brother has grown to be a criminal.,19,"Thriller, Action",Jeethu Joseph,"Karthi, Jyothika, Sathyaraj, Nikhila Vimal, Ammu Abhirami",Viacom18 Studios,19-12-2019,2019,12,Thursday,150,0,0,0,0,0,0,1.0172,6.438,32
862168,The Girl with the Red Ribbons,Viru secretly envies her best friend Bhanu for her beautiful hair. And her mother refuses to buy her at least new red ribbons. Then Viru is humiliated in front of the entire class when she discovers a strange bloodstain of her first periods on the uniform. Can Bhanu save her friend?,51,Drama,Jayakrishnan Subramanian,,Unknown,20-09-2020,2020,9,Sunday,19,0,0,0,0,0,0,1.1716,0,0
1305736,The Verdict,"When Elisa, a billionaire, is found dead, her close friend and well-wisher Namrutha, who was recently added to Elisa’s will is accused of murdering her. Maya Kannappan, Nami's formidable attorney takes on the case and works through these proceedings, determined to prove Namrutha’s innocence and unmask the real killer.",49,"Crime, Drama",Krishna Sankar,"Suhasini Maniratnam, Varalaxmi Sarathkumar, Sruthi Hariharan, Prakash Mohandas, Vidyullekha Raman",Agni Entertainment,27-06-2025,2025,6,Friday,118,0,0,0,0,0,0,1.0037,0,0
1131038,Edattam,"When the police examine the murderer, Saravanan is diagnosed with a disease called dipsomania and decides not to commit murder if he does not drink too much.",27,Drama,Esan,"Shreekumar, Raja Suriya, Venba, Anu Krishna, Powerstar Srinivasan",esan movies,21-02-2025,2025,2,Friday,0,0,0,0,0,0,0,0.9223,0,0
376455,Kodi,"A young politician finds himself in a position where he has to contest against his girlfriend, who is ambitious. Circumstances force his look-alike twin to also get involved in this political battle.",32,"Action, Drama, Thriller",R. S. Durai Senthilkumar,"Dhanush, Trisha Krishnan, Anupama Parameswaran, Saranya Ponvannan, G. Marimuthu",Grass Root Film Company,28-10-2016,2016,10,Friday,145,0,0,0,0,0,0,1.0812,6.117,47
623364,Action,An Indian army officer goes after the mastermind behind a terror attack that also resulted in personal loss to him.,20,Action,Sundar C,"Vishal Krishna, Tamannaah Bhatia, Aishwarya Lekshmi, Yogi Babu, Ramki",Trident Arts,15-11-2019,2019,11,Friday,158,0,0,0,0,0,0,0.9718,4.9,17
1006463,Cadaver,A pathologist and a police commissioner try to solve a series of murders involving a prisoner. Their journey leads to shocking revelations!,22,"Crime, Thriller, Mystery",Anoop S Panicker,"Amala Paul, Riythvika, Thrigun, Munishkanth, Harish Uthaman",Unknown,12-08-2022,2022,8,Friday,119,0,0,0,0,0,0,1.0292,6.25,10
1564672,Kombuseevi,"Having a miserable past of being evacuated from their homeland and losing their livelihood, Rokkapuli and Pandi are among the main people of the village who aspire to become millionaires by peddling ganja (marijuana). Can they successfully achieve their dream?",40,"Action, Crime",Ponram,"Shanmuga Pandian, R. Sarathkumar, Tharnika, Sreejith Ravi, Munishkanth",Star Cinemas,19-12-2025,2025,12,Friday,139,0,0,0,0,0,0,0.7433,0,0
749032,Putham Pudhu Kaalai,"Putham Pudhu Kaalai brings together 5 of the most celebrated directors in Tamil cinema - Sudha Kongara, Gautham Menon, Suhasini Mani Ratman, Rajiv Menon, and Karthik Subbaraj to create Amazon Prime Video's first Indian anthology film.",36,"Drama, Family",Gautham Vasudev Menon,"Jayaram, Urvashi, Kalidas Jayaram, Kalyani Priyadarshan, Preethi Nedumaran",Rajiv Menon Productions,16-10-2020,2020,10,Friday,129,0,0,0,0,0,0,0.8169,6.4,17
280942,Romeo Juliet,"Aishwarya, an air hostess, wants to marry a millionaire, but mistakes Karthik, a gym trainer, for a rich guy and woos him. She calls off the romance when she discovers that he isn't well off, but Karthik will not let her leave that easily.",44,"Comedy, Drama, Romance",Lakshman,"Ravi Mohan, Hansika Motwani, Vamsi Krishna, Poonam Bajwa, Uma Padmanabhan",Madras Enterprises,12-06-2015,2015,6,Friday,151,0,0,0,0,0,0,0.9275,5.925,20
504184,Chekka Chivantha Vaanam,A bloody power struggle erupts between three brothers who are vying to take over the family business following the death of their father.,23,"Action, Crime, Thriller",Mani Ratnam,"Arvind Swamy, Vijay Sethupathi, Arun Vijay, Silambarasan, Jyothika",Lyca Productions,27-09-2018,2018,9,Thursday,143,0,0,0,0,0,0,0.9215,6.454,54
1123038,Kanneera,"A romantic family drama involving a love triangle between a young CEO, Mithran and his new staff, Neera who both are already committed in different relationships respectively",27,"Romance, Family, Drama",Kathir Raven S,"Kathir Raven S, Chandhine Kaur, Maya Glammy, Nanthakumar NKR",More Four Productions,14-02-2025,2025,2,Friday,0,0,0,0,0,0,0,1.169,0,0
806067,Mandela,An underprivileged hairdresser becomes the game changer in a local body election in a village where caste politics rules the roost. Will he be able to bring some changes to people's lives?,32,"Comedy, Drama",Madonne Ashwin,"Yogi Babu, G. M. Sundar, Kanna Ravi, Sangili Murugan, Sheela Rajkumar",Wishberry Films,05-04-2021,2021,4,Monday,140,0,0,0,0,0,0,0.9249,7.162,34
888319,Kanam,"A struggling young musician, along with his two friends, with the help of a quantum physicist goes back in time to prevent the death of his mother. What happens next?",30,"Drama, Fantasy, Science Fiction",Shree Karthick,"Sharwanand, Amala Akkineni, Priyadarshi Pullikonda, Vennela Kishore, Ramesh Thilak",Dream Warrior Pictures,09-09-2022,2022,9,Friday,154,0,0,0,0,0,0,1.0744,7.091,11
797330,Seththumaan,"Poochi lives in a small hut with his grandson Kumaresan, whose parents were killed in a caste riot a few years ago. Poochi has big dreams for Kumaresan and does all kinds of work to save money to get Kumaresan into a private school. When Vellaiyan, Poochi's beneficent but easily ruffled landlord instructs him to find a choice pig ('seththumaan'), Poochi and little Kumaresan get busy. However, once the pork and drink go down, tempers flare up, and Poochi must avoid getting caught up in the acerbic hostilities that consume his dominant caste overlords.",94,Drama,Thamizh,"Manickam, Master Ashwin, Suruli, Savithri",Neelam Productions,27-05-2022,2022,5,Friday,117,0,0,0,0,0,0,1.0822,8,1
786538,Pulikkuthi Pandi,"A ruthless youngster becomes a kind and humble husband for his wife but as fate turns brutal, his patience is tested.",21,"Action, Romance",M. Muthaiah,"Vikram Prabhu, Lakshmi Menon, Samuthirakani, Singampuli, R. K. Suresh",Sun Pictures,15-01-2021,2021,1,Friday,140,0,0,0,0,0,0,0.916,4.5,2
620637,Tughlaq Durbar,A budding politician has devious plans to rise in the ranks — until an unexpected new presence begins to interfere with his every crooked move.,25,"Drama, Comedy",Delhi Prasad Deenadayal,"Vijay Sethupathi, R. Parthiban, Raashii Khanna, Manjima Mohan, Karunakaran",Viacom18 Studios,10-09-2021,2021,9,Friday,146,0,0,0,0,0,0,1.0288,5.864,11
1079136,Club House,"Three robbers accosted and robbed a money changer with plans to send the money to Hong Kong and then leave the country. In the meantime, they are lying low at a safehouse but arguments between the robbers resulted in one of them shooting another but a group of people are on their way to the house for a birthday party.",60,"Action, Thriller",Amin,"Deisho Sivabaalan, Shamvanan, Leanesh Sivabaalan",Triple S Films,06-07-2023,2023,7,Thursday,119,0,0,0,0,0,0,1.0747,0,0
550673,Eghantham,,0,"Drama, Romance",Arsel Arumugam,"Vivanth, Neeraja, Anupama Kumar, Shanthi Anand",Unknown,21-09-2018,2018,9,Friday,122,0,0,0,0,0,0,1.0384,7,1
751858,Maara,"When Paaru sees a fairy tale she heard from from a stranger as a child painted across the walls of a costal town, she goes in search of the man who painted it - Maara.",35,Drama,Dhilip Kumar,"R. Madhavan, Shraddha Srinath, Sshivada, Mouli, Alexander Babu",Pramod Films,08-01-2021,2021,1,Friday,150,0,0,0,0,0,0,0.8709,6.81,29
515981,Power to the Children,"Children in India have taken their lives into their own hands. They don’t want to tolerate social grievances as well as environmental pollution any longer. They have been founding childrens parliaments and electing their own ministers in order to stand up for their rights. They are not only changing their own lives for the better, but also those of their communities. This documentary introduces us to several villages in India, whose powerful actions even take their voices to the UN.",80,"Documentary, Animation",Anna Kersting,"Sri Priya, Shaktivel, Swarna Lakshmi",Unknown,04-03-2018,2018,3,Sunday,82,0,0,0,0,0,0,0.8912,0,0
674273,Unakkagathane,"Rishi and Shan is very close friend since childhood. After grown up both of them involved in same business as property consultant. Shan fall in love with Nisha, his friend from college and spent time with her. Shan really trusted Rishi and let him deal the biggest land sale. Rishi become greedy and try to cheat Shan with huge amount of commissions which belongs to Shan.Shan is very upset and angry with what have done by Rishi but he never take any action thinking both of them are very close friend since small age.One day one guy was shot dead by police in struggle, who involved in drugs shipments. Brother of dead person known as K7, who is leader of the international syndicate which is most wanted by police.When Rishi collide with K7,he wanted to killed and take revenge.",139,"Action, Crime, Drama",S.P Srikanth,"Yasmin Nadiah, Rajendran, Siva Shankar, Rayer, Theva Deejay Hell",Immortal Production Sdn Bhd,03-02-2020,2020,2,Monday,110,0,0,0,0,0,0,0.9219,0,0
1404362,Mr. Bhaarath,"Two siblings share a unique bond where, according to their zodiac signs, any good fortune experienced by one is believed to be reflected in the other's life. Believing in this connection, they decide to get married at the same time. However, their plans take an unexpected turn when one sibling's childish behavior creates a series of complications, leading to emotional and family conflicts that put both weddings at risk.",69,"Romance, Comedy",Niranjan Niranch,"Bhaarath, Samyuktha Viola Viswanathan, Balasaravanan, Nidhi Pradeep, Linga",Passion Studios,01-10-2026,2026,10,Thursday,133,0,0,0,0,0,0,0.9937,0,0
553456,Game Over,"Swapna, a nyctophobic game designer on a turbulent road to recovery from an incident that scarred her deeply, has to fight her inner demons to stay alive in the game called life.",32,"Thriller, Mystery, Drama",Ashwin Saravanan,"Taapsee Pannu, Vinodhini Vaidyanathan, Anish Kuruvilla, Sanchana Natarajan, Ramya Subramanian",Y NOT Studios,14-06-2019,2019,6,Friday,97,0,0,0,0,0,0,1.0791,6.31,79
500366,Sandakozhi 2,Balu and his father have to protect a young man from a woman who has sworn vengeance on his entire clan.,21,"Family, Action, Romance",N. Linguswamy,"Vishal Krishna, Keerthy Suresh, Rajkiran, Varalaxmi Sarathkumar, Ganja Karuppu",Vishal Film Factory,18-10-2018,2018,10,Thursday,149,0,0,0,0,0,0,0.839,4.8,18
533885,Kaappaan,"A Special Protection Group officer has to identify the threat to the prime minister, who he is protecting, and also the nation.",22,"Action, Thriller",K. V. Anand,"Suriya, Mohanlal, Arya, Sayesha Saigal, Samuthirakani",Lyca Productions,19-09-2019,2019,9,Thursday,166,918500000,0,91.85,0,0,0,0.9939,5.539,38
1551992,Vattakhanal,"Kathiravan raises three orphans—Sathya, Surya, and Shiva—as his own, grooming them to unknowingly support his illegal mushroom drug empire. Despite being used as pawns, the trio remains loyal out of love. After killing his former boss and seizing control of the business, Kathiravan earns the wrath of Radha, the boss’s widow, who plots revenge. Meanwhile, Varsha, a local woman and love interest of Sathya, plans to transfer her estate to its workers. Threatened by this, Kathiravan manipulates the employees, turning them against her. As Varsha’s life hangs in the balance, Sathya and Radha must confront Kathiravan—leading to a climactic reckoning.",100,"Thriller, Mystery",Pithak Pugazhenthi,"Dhruvan Mano, Meenakshi Govindarajan, R. K. Suresh, Mano, Vidhya Pradeep",Unknown,07-11-2025,2025,11,Friday,130,0,0,0,0,0,0,0.7027,0,0
1406296,Thanks Einstein,"A wanderer, captivated by the beauty of the world, carries a unique and terrifying curse: every illness he sees transfers to him. To escape this fate, he makes the ultimate sacrifice, relinquishing his eyesight—the very sense that connects him to what he loves most, at this point he happens to meet someone which shapes this short film.",57,"Comedy, Drama",Shrikanth Senj,"Sharook Sherief, Yogesh",High Calibre,22-12-2024,2024,12,Sunday,15,4175,0,0,0,0,0,0.8428,10,1
896954,Mazhai Pidikatha Manithan,"A secret agent, forced to live anonymously, encounters a woman in debt. Against his detached lifestyle, he befriends her while rescuing a pup, sparking a journey to help with her financial troubles.",32,"Action, Thriller",S. D. Vijay Milton,"Vijay Antony, Megha Akash, R. Sarathkumar, Dhananjay, Pruthvi Ambaar",Infiniti Film Ventures,02-08-2024,2024,8,Friday,133,0,0,0,0,0,0,0.8922,2,1
613713,Laabam,"The president of a farmers' association wants to set up a community farming initiative and takes on a big shot, who wants to destroy his plans so that he can start a bio-diesel project on the land.",37,"Drama, Action",S. P. Jananathan,"Vijay Sethupathi, Shruti Haasan, Jagapati Babu, Kalaiyarasan, Sai Dhanshika",7C's Entertainment,09-09-2021,2021,9,Thursday,144,0,0,0,0,0,0,0.9901,3,4
668393,Naan Sirithal,A man suffers from a condition where he laughs uncontrollably under stressful conditions and it causes a lot of trouble for him until he seeks a strong solution for it.,30,"Comedy, Drama",Raana,"HipHop Tamizha Adhi, Iswarya Menon, K. S. Ravikumar, Pandiarajan, Vijay Kumar",Avni Movies,14-02-2020,2020,2,Friday,138,0,0,0,0,0,0,0.8435,5.7,10
371425,Bangalore Naatkal,"Three cousins, Arjun, Divya and Kannan, relocate to Bangalore for various reasons. However, they face many challenges which change their lives forever.",22,"Drama, Family, Romance",Bhaskar,"Sri Divya, Arya, Bobby Simha, Rana Daggubati, Parvathy Thiruvothu",Bommarillu Bhaskar Cinema,04-02-2016,2016,2,Thursday,156,0,0,0,0,0,0,1.1675,5.714,21
330421,Papanasam,"A cinephile tries to protect his family by hiding a heat-of-the-moment murder committed by his daughter by taking cues from the films he has watched. With the victim the son of a cop, can he get away with it?",39,"Crime, Thriller, Drama, Family",Jeethu Joseph,"Kamal Haasan, Gautami Tadimalla, Kalabhavan Mani, Asha Sarath, Nivetha Thomas",Rajkumar Theatres,03-07-2015,2015,7,Friday,181,0,1169000000,0,116.9,0,0,0.9191,7.9,48
278358,Vishwaroopam II,RAW agent Wisam Ahmad Kashmiri prevents an al-Qaida terrorist from executing a massive attack on New York. He must now wade through further traps and conspiracies to thwart a new plot against three democratic nations.,35,"Action, Thriller",Kamal Haasan,"Kamal Haasan, Rahul Bose, Pooja Kumar, Andrea Jeremiah, Shekhar Kapur",Aascar Films,09-08-2018,2018,8,Thursday,141,0,0,0,0,0,0,0.8368,5.532,31
1595789,Valluvan,"When a string of high-profile murders rocks the city, investigators uncover a dark secret linking the victims to an unspeakable crime. But even after the alleged killer is caught, the killings don’t stop—revealing a far deeper conspiracy where justice comes at a deadly price.",44,"Action, Thriller",Shankar Sarathi,"Chethan Cheenu, Ashna Zaveri, Boxer Dheena, Prem Kumar, Karate Raja",Aarupadai Productions,12-06-2026,2026,6,Friday,0,0,0,0,0,0,0,0.9675,0,0
456116,Sathriyan,"The death of a gang lord triggers a war between two rival gangs, and an ambitious hireling tries to figure out his place in the scheme of things.",28,"Romance, Action",S. R. Prabhakaran,"Vikram Prabhu, Manjima Mohan, Kavin Raj, Aishwarya Dutta, Rio Raj",Sathya Jyothi Films,09-06-2017,2017,6,Friday,156,0,0,0,0,0,0,0.7231,3.6,6
538026,Thirudathey Papa Thirudathey,"A romantic comedy that centres on two characters who have different upbringing. Despite their differences, they are leading towards the same passion in life.",24,"Romance, Comedy, Drama",Shalini Balasundaram,"Saresh D7, Shalini Balasundaram, Kabil Ganesan, P. Jegan, Yuvaraj Krishnasamy",Unknown,16-08-2018,2018,8,Thursday,122,0,0,0,0,0,0,1.0571,0,0
922690,Prince,"A happy-go-lucky teacher finds himself falling in love with a British woman who is teaching English at the same school. He tries to woo her, but given that his grandfather was a freedom fighter, can he convince his father of the match?",42,"Comedy, Romance",Anudeep,"Sivakarthikeyan, Maria Ryaboshapka, Sathyaraj, Premji Amaran, Saathvik",Sree Venkateswara Cinemas LLP,21-10-2022,2022,10,Friday,143,0,0,0,0,0,0,0.9611,4.176,17
1606938,Kaakaa,"A rough person from madurai, an educated person from thiruchchi, and a curiosity disorder person from chennai and there was a situation where these three persons had to fall in love with two elder sisters and one younger sister. and there was competition and challenges arise but the rest of the story was about whom the sisters will fall in love and get married. this is a full-length comedy film and love story named kaaka.",75,Comedy,Theni K. Paraman,"Inigo Prabhakaran, S. Rosmin, Sentrayan, Sai Dhanyaa, Theni K. Paraman",Aaren Pictures,02-01-2026,2026,1,Friday,126,0,0,0,0,0,0,0.9421,0,0
847513,Kadampari,"Arul and his sister Ruthra and friends Jency, Stella, Victor travelling to hills station near by Andhra area from Chennai.",20,Horror,Arul,"Arul, Akila Narayanan, Kaashima Rafi",Aromaa Studios,19-03-2021,2021,3,Friday,101,3256500,0,0.33,0,0,0,0.7605,0,0
412177,Kee,A hacker gets the shock of his life when another hacker tries to destroy his dear ones.,17,"Thriller, Action",Kalees,"Jiiva, Govind Padmasoorya, Nikki Galrani, Anaika Soti, RJ Balaji",Global Infotainment,10-05-2019,2019,5,Friday,133,0,0,0,0,0,0,0.8434,6.071,14
1153886,DD Returns,"Madhi and his friends hides a bag full of money and jewels in a haunted bungalow to ditch the police. When he goes to retrieve the bag, a ghost makes him play a survival game in order to leave with the bag.",42,"Comedy, Horror",S. Premanand,"Santhanam, Surbhi, Redin Kingsley, Lollu Sabha Maaran, Munishkanth",RK Entertainment,28-07-2023,2023,7,Friday,125,0,409150000,0,40.91,0,0,0.7869,5.9,9
428378,Enai Noki Paayum Thota,"A college student’s life takes an unexpected turn when he falls for an actress caught in a dangerous web of control. As their love story unfolds, he is drawn into a high-stakes world where survival becomes the ultimate challenge.",39,"Action, Drama, Romance",Gautham Vasudev Menon,"Dhanush, Megha Akash, Sunaina, M. Sasikumar, Vela Ramamoorthy",Ondraga Entertainment,29-11-2019,2019,11,Friday,152,0,0,0,0,0,0,0.8732,5.158,19
507111,Kutram Nadanthathu Enna,Tamil movie,2,,Unknown,"Nassar, Balu, Vignesh Karthick, Priya, Urmila Chetty",Unknown,23-02-2018,2018,2,Friday,0,0,0,0,0,0,0,0.909,6,2
1620357,Lakshmikanthan Kolai Vazhakku,"A young man convicted of murder awaits execution, while a conflicted judge, an aging hangman, and a morally torn jailer confront the weight of justice, guilt, and humanity in the final hours before dawn.",34,"Crime, Drama",Dayal Padmanabhan,"Vetri, Brigida Saga, Rangaraj Pandey, Subramaniam Siva, Saravanan",2M Cinemas,10-07-2026,2026,7,Friday,107,0,0,0,0,0,0,1.04,0,0
414523,Dhuruvangal Pathinaaru,A former cop looks back on the case which left him disabled and forced him to quit the force.,19,"Thriller, Action, Crime, Mystery",Karthick Naren,"Rahman, Ashwin Kumar, Pradeep, Santosh Krishna, Praveen",Knight Nostalgia Filmotainment,29-12-2016,2016,12,Thursday,106,0,0,0,0,0,0,0.8759,7.828,96
596652,Sivappu Manjal Pachai,A street racer and a traffic cop end up becoming brothers-in-law. Can they accept each other given their previous hostile history?,21,Thriller,Sasi,"Siddharth, G. V. Prakash Kumar, Lijomol Jose, Dheepa Ramanujam, Madhusudhan Rao",Abhishek Films,06-09-2019,2019,9,Friday,140,0,0,0,0,0,0,0.8096,5.933,15
387252,Kadhalum Kadanthu Pogum,"A small-time rowdy fresh out of prison and a runaway woman seeking a new life in Chennai become unexpected neighbors. Bound by loneliness, they form an unusual bond—one that teeters between friendship and love. As they navigate their struggles together, their lives take a heartwarming turn in this charming romantic comedy-drama.",51,"Comedy, Drama, Romance",Nalan Kumarasamy,"Vijay Sethupathi, Madonna Sebastian, G. M. Sundar, Samuthirakani, D.R.K. Kiran",Thirukumaran Entertainment,10-03-2016,2016,3,Thursday,136,0,0,0,0,0,0,2.0558,7.318,44
1157732,Vinveli Devathai,"Vennila, an ambitious young girl, moves to the city with her best friend Gayathiri to pursue a degree in physics. She falls in love with Krish, her school crush and university senior, but their relationship faces challenges from ego clashes and outside influences. Vennila then meets Akash, a kindred spirit with similar dreams, forcing her to make a difficult decision between love and her dreams. With both families involved, the resolution will be heart-wrenching for all parties involved.",78,"Comedy, Romance",Shalini Balasundaram,"Shalini Balasundaram, Auro Chakkravarthy, Shamvanan, Sandhya Lord, Kannan Thamarakkulam",Story Films Sdn Bhd,21-09-2023,2023,9,Thursday,135,0,0,0,0,0,0,1.2796,0,0
478643,Savarikkadu,"Savarikkadu is a Tamil movie starring Robo Shankar and Swathi in prominent roles. The cast also includes Soori and Alva Vasu. It is a drama directed by MN Krishnakumar with A. T. Indiravarman as the music composer, forming part of the crew .",43,,MN Krishnakumar,"Soori, Robo Shankar, Ambani Shankar",Unknown,21-07-2017,2017,7,Friday,124,0,0,0,0,0,0,0.8358,0,0
452447,Spyder,A surveillance expert who wants to help people comes across a foe who is the very definition of evil. Can he stop the man before he destroys everything?,28,"Action, Thriller, Crime",A. R. Murugadoss,"Mahesh Babu, Rakul Preet Singh, S. J. Suryah, Bharath Srinivasan, RJ Balaji",Reliance Entertainment,27-09-2017,2017,9,Wednesday,145,0,2258967668,0,225.9,0,0,1.0163,5.2,70
415529,Sadhuram 2,"Two men find themselves chained and trapped inside a room, which is being monitored through a video camera by a mysterious figure who tells that they will have to kill the other if they wish to escape.",37,"Thriller, Drama",Sumanth Radhakrishnan,"Yog Jappie, Sanam Shetty, Rohiet Nair",Knockout Entertainment,16-09-2016,2016,9,Friday,94,0,0,0,0,0,0,0.8952,5,1
1589864,The Prediction,"A grieving boatman and an earnest meteorologist share their knowledge of the seas and weather, but find themselves helpless in the face of unpredictable climate.",25,Drama,Rishi Chandna,"Charles Vinoth, Aditi Balan, Pranav Theophine",Chicken Roll Films,30-11-2025,2025,11,Sunday,24,0,0,0,0,0,0,0.9793,0,0
1542183,Yolo,"Shiva finds himself mysteriously wedded to Deekshitha, a stranger. As they seek answers about their unexpected union, they unwittingly stumble into a chilling mystery that defies explanation.",27,"Romance, Comedy, Action",S. Sam,"Dev, Devika Satheesh, Akash Premkumar, Badava Gopi, VJ Nikki",M R Motion Pictures,12-09-2025,2025,9,Friday,0,0,0,0,0,0,0,1.1601,0,0
381416,Moondraam Ullaga Por,"A patriotic Indian soldier is captured by the rival army, struggles to fight against the torture of his enemies and escape captivity.",22,"War, Action, Drama, Adventure",Sugan Kartthi,"Sunil Kumar, Akhila Kishore, Wilson Ng, Avinash, Jeeva Ravi",Aartin Frames,22-01-2016,2016,1,Friday,101,0,0,0,0,0,0,0.8569,0,0
503356,Viswasam,"A village ruffian, who settles disputes in his native, takes on a big shot when he tries to sort out the rough patch in his marriage after several years.",29,"Action, Drama",Siva,"Ajith Kumar, Nayanthara, Thambi Ramaiah, Robo Shankar, Jagapati Babu",Sathya Jyothi Films,10-01-2019,2019,1,Thursday,153,0,0,0,0,0,0,1.1211,6.177,48
1237664,Thalaikkavasamum 4 Nanbargalum,"Four friends are orphaned in a dump in Chennai as children. They take shelter, grow up and look for a job. The money they earn funds the children's education and the elderly's medical expenses. Can they do more?",38,"Thriller, Comedy",V.M. Rathnavel,"Ananth Nag, Swetha Dorathy, Renuka Bathula, O. A. K. Sundar, K. S. G. Venkatesh",Team Productions,07-04-2023,2023,4,Friday,128,0,0,0,0,0,0,0.8799,0,0
1248919,Kaazh,A Tamil couple and an international student experience adjustment issues after moving to Australia.,14,Drama,Mohanraj VJ,"Yugendran, Mark Robert Walters, Kamal Krishna, Siddarth Anbarasu, Anthony Fogas",GM Films International,05-01-2024,2024,1,Friday,121,0,0,0,0,0,0,1.1654,0,0
1017749,Not Reachable,"After getting a tip through an app, about a girl being kidnapped, the cops reach the crime scene, only to find out that another girl has been murdered there. How did this happen? Where is the girl who was kidnapped?",40,"Crime, Thriller",Chandru Muruganantham,"Vishwa Sridharan, Sai Dhanyaa, Vijayan, Shuba Devaraj, Kadhal Saravanan",Crackbrain Productions,09-09-2022,2022,9,Friday,136,0,0,0,0,0,0,0.8693,0,0
683753,Adavi,A tribe in a mountain tries to save their land from a greedy estate owner.,15,Drama,G. Ramesh,"Ammu Abhirami, Vinoth Kishan, R. N. R. Manohar, Super Subbarayan, Muthu Raman",Unknown,07-02-2020,2020,2,Friday,127,0,0,0,0,0,0,0.8104,2,1
408927,Maayavan,"A series of murders are happening in the city, and a cop realises that they are all eerily similar. Can he find out the link and capture the murderer before it is too late?",34,"Science Fiction, Thriller, Action",C. V. Kumar,"Sundeep Kishan, Lavanya Tripathi, Daniel Balaji, Jackie Shroff, Jayaprakash",Abi & Abi Pictures,15-12-2017,2017,12,Friday,129,0,0,0,0,0,0,0.8183,6.697,33
532430,Kargil,"Arjun is traveling to Bengaluru to attend a US project interview at the same time he was supposed to pick up his girlfriend's father from the airport in Chennai. But things go wrong when Sindhu - his MD, who is also his former girlfriend - decides to complicate life for him.",51,Drama,Sivaani Senthil,Jishnu Menon,Sivani Studio Production,22-06-2018,2018,6,Friday,102,0,0,0,0,0,0,0.9315,0,0
341420,Demonte Colony,"Four friends go into a haunted mansion on a whim but they do not realize that they have returned home with an evil spirit, from which escape might be impossible.",30,Horror,R. Ajay Gnanamuthu,"Arulnithi, Ramesh Thilak, Sananth, Abishek Joseph George, Antti Jääskeläinen",Mohana Movies,22-05-2015,2015,5,Friday,116,20040000,167000000,2,16.7,146960000,733.33,0.9114,6.935,31
817194,Iravin Nizhal,"A man on the run looks back on his crime-filled life, the people who have shaped it up, his sins and his one last hope at redemption.",27,"Drama, Thriller",R. Parthiban,"R. Parthiban, Anandha krishnan, Brigida Saga, Prathiksha Shankar, Sai Priyanka Ruth",Akira Production,15-07-2022,2022,7,Friday,94,0,0,0,0,0,0,0.9329,5.9,8
791820,Paramapatham,The fantasy game board adventure story of 4 friends and the how the game is start affect their daily lives.,20,Fantasy,Thanesh Perrabu,,Unknown,01-02-2020,2020,2,Saturday,110,0,0,0,0,0,0,1.1147,0,0
1485818,Vallamai,"Vallamai is a Tamil movie starring Premgi Amaren, Divya Darshini and Deepa Shankar in prominent roles. It is written and directed by Karuppaiyaa Murugan.",24,,Karuppaiah Murugan,"Premji Amaran, Deepa Shankar",Unknown,25-04-2025,2025,4,Friday,107,0,0,0,0,0,0,0.8184,5,1
402778,Remo,"An aspiring actor dresses up as a female nurse to bag a role in a film, and more importantly, woo the love of his life.",25,"Comedy, Romance",Bhagyaraj Kannan,"Sivakarthikeyan, Keerthy Suresh, Sathish, K. S. Ravikumar, Saranya Ponvannan",24AM Studios,07-10-2016,2016,10,Friday,150,0,0,0,0,0,0,0.7929,5.65,40
547715,Thodraa,"Divya, a rich young woman, wishes to marry Shankar, a lower-middle-class man, but faces opposition from her family. After they elope, she struggles to gain her family's acceptance.",28,Drama,Mathuraj,"Akshayaa Premnath, Jaichandra Saravanak, Prithvi Pandiarajan, Veena Nandakumar",Unknown,07-09-2018,2018,9,Friday,119,0,0,0,0,0,0,0.8113,0,0
330418,Indru Netru Naalai,"Elango and his astrologer friend Pulivetti Arumugam come in possession of a time machine and start profiting from it. However, their meddling with time prevents the death of a gangster, who begins to wreck havoc in their lives.",38,"Comedy, Science Fiction, Thriller",R. Ravi Kumar,"Vishnu Vishal, Miya George, Karunakaran, Jayaprakash, P. Ravi Shankar",Studio Green,26-06-2015,2015,6,Friday,146,51770000,116900000,5.18,11.69,65130000,125.81,0.8415,7.7,38
1075882,Haiku Love,The film is inspired by Maestro Ilaiyaraaja's use of counterpoint in the song 'En Kanmani' from Chittu Kuruvi (1978).,19,"Romance, Comedy",Rajesh Rajamani,Regin Rose,Unknown,18-01-2023,2023,1,Wednesday,6,0,0,0,0,0,0,0.6682,0,0
1010805,Japan,"A fictionalized version of the events surrounding notorious criminal Tiruvarur Murugan, who was involved in a big jewellery shop robbery.",20,"Drama, Comedy, Crime",Raju Murugan,"Karthi, Anu Emmanuel, Sunil Varma, S. D. Vijay Milton, Sanal Aman",Dream Warrior Pictures,09-11-2023,2023,11,Thursday,154,0,0,0,0,0,0,0.8856,3.375,8
1565650,IPL: Indian Penal Law,"Gunasekaran drives his own car. Anbu and Kanimozhi fall in love. In order to prevent the Chief Ministers video from getting out, Chief Minister Assistant and Inspector Muthu Karupan kills a young man. They put the blame on Gunasekar. This story is about how Anbu saves Gunasekaran from this.",49,"Crime, Thriller",Karunanithi,"Kishore, TTF Vasan, Abhirami, Kushitha Kallapu, Hareesh Peradi",Radha Film International,28-11-2025,2025,11,Friday,127,0,0,0,0,0,0,3.0244,0,0
729053,Karuppankaatu Valasu,A village that is being modernised by the efforts of the chieftain's daughter is rocked by a series of mysterious murders.,21,"Drama, Horror",Selvendran,"Neelima Rani, George Vijay Nelson, Ebenezer Devaraj, Jithesh Tony, Gowri Shankar",Unknown,30-07-2020,2020,7,Thursday,110,0,0,0,0,0,0,1.1269,0,0
382736,Pichaikkaran,"A rich man chooses to lead the life of a beggar for 48 days in the hope that his mother, who is on her deathbed, will recover.",27,"Action, Drama, Thriller",Sasi,"Vijay Antony, Satna Titus, Bagavathi Perumal, Muthu Raman, Dheepa Ramanujam",Vijay Antony Film Corporation,03-03-2016,2016,3,Thursday,130,0,0,0,0,0,0,0.9314,7.2,20
1174777,Parking,"An elderly man and a youngster, fight over a much-coveted parking spot, let their egos get the better of them and the clash brings out their ugliest sides.",28,"Drama, Thriller",Ramkumar Balakrishnan,"M. S. Bhaskar, Harish Kalyan, Indhuja Ravichandran, Rama, Prathana Nathan",Passion Studios,01-12-2023,2023,12,Friday,127,0,0,0,0,0,0,1.0671,7.413,23
327709,Komban,An angry young man tries to give up his violent ways after his marriage runs into trouble. But his nemesis will not rest until he is killed.,27,"Family, Action, Comedy, Drama",M. Muthaiah,"Karthi, Lakshmi Menon, Rajkiran, Super Subbarayan, I. M. Vijayan",Studio Green,27-03-2015,2015,3,Friday,145,0,0,0,0,0,0,0.8712,5.056,18
1423904,The Mind,"A young man's dream to uplift his village is tragically cut short by the 2019 New Zealand mosque attack. The Mind explores the emotional journey of survivors and victims, highlighting the enduring legacy of hope, resilience, and love.",38,Drama,Anand Paga,"Shyam Dev Bala, Devika Sivan, Rob C Wells",Unknown,08-12-2024,2024,12,Sunday,83,0,0,0,0,0,0,0.8751,2,1
368012,Kathakali,"Returning from the states to marry his girlfriend, a common man is blamed for the murder of a local don due to their enmity in the past. He is caught in a web of conspiracies as he struggles to prove his innocence and the don's in-laws order their henchmen to take him down.",53,"Action, Mystery, Thriller",Pandiraj,"Vishal Krishna, Catherine Tresa, Pawan, Sreejith Ravi, Karunas",Pasanga Productions,14-01-2016,2016,1,Thursday,125,0,0,0,0,0,0,0.7946,6.4,20
837676,B.Selvi & Daughters,"B. Selvi & Daughters is the story of Selvi, a 50-year old woman in Chennai, India who is trying to get her fledgling online saree store off the ground. Like any Good Indian Mother, Selvi gave up her career aspirations for family life, and left all major decisions to her husband. Now, a year after his death, Selvi has taken her hobby of selling sarees door-to-door to the next level via Whatsapp, and is struggling with the confidence to build it into a real business. When Kavitha - Selvi's fiercely independent, idealistic daughter comes home for Pongal - she discovers her mother's secret with pleasant surprise, and runs an ad for the sari business without consulting her. Now, with close to a hundred orders to fulfill overnight, Selvi is overwhelmed. Can she do this? Is she capable of handling a business on her own? She needs to take the plunge in order to find out.",155,Drama,Drishya,"Kalairani, Gayathrie Shankar, Jeeva Ravi",Stray Factory,23-10-2020,2020,10,Friday,25,0,0,0,0,0,0,0.7716,0,0
657731,Takkar,"Gunz, a youngster has the urge to mint money stumble upon a filthy rich girl Lucky, who believes Money is the cause of all distress in life. How does their life transform together despite all the problems that arise in the form of money, abuse, and power?",47,"Action, Romance",Karthik G. Krish,"Siddharth, Divyansha Kaushik, Abhimanyu Singh, Yogi Babu, Munishkanth",Passion Studios,09-06-2023,2023,6,Friday,138,0,0,0,0,0,0,0.9202,4.778,9
800623,Vendhu Thanindhathu Kaadu,A youngster from Tamil Nadu goes to Bombay in search of a better life and gets sucked into the underworld. Will he be able to find a way out of the violence and bloodshed?,34,"Drama, Thriller, Crime",Gautham Vasudev Menon,"Silambarasan, Siddhi Idnani, Neeraj Madhav, Radhika Sarathkumar, Siddique",Vels Film International,15-09-2022,2022,9,Thursday,172,0,0,0,0,0,0,1.0081,6.444,18
1149367,Agrinai,Three most wanted killers have managed to escape from a secret experiment lab and they start to kill the villagers.,20,"Horror, Science Fiction, Thriller",Thanesh Perrabu,"Perrabu Viknesh, Aghonderan Sahadevan, Umaghandan, Dinitha Segar",Unknown,29-02-2024,2024,2,Thursday,0,0,0,0,0,0,0,1.046,0,0
1559092,Will,"Will, Amid a Ghost Employment Scam, a Determined Daughter Races to Prove Her Father’s Innocence, Only to Be Trapped in a Gripping Mystery After a Financier’s Sudden Death.",28,"Crime, Thriller, Family, Drama",S. Sivaraman,"Sonia Agarwal, Vikranth, Alekhya Ramnaidu, Padam Venu Kumar, Mohan Raman",Foot Steps Production,10-10-2025,2025,10,Friday,0,0,0,0,0,0,0,0.801,0,0
1143225,Harkara,"A frustrated postman decides to fool innocent villagers in a ploy to get himself transferred. As he walks uphill to deliver his last letter, a wayfarer narrates to him the story of a Harkara, that instills guilt.",37,"History, Drama",Ram Arun Castro,"Ram Arun Castro, Kaali Venkat, Pitchaikaran Moorthy, Jayaprakash Radhakrishnan, Gautami Chowdry",Kalorfulbeta Movement,25-08-2023,2023,8,Friday,125,0,0,0,0,0,0,1.0522,6.2,4
987580,Chandramukhi 2,"A wealthy family moves into the Vettaiyapuram palace to renovate their ancestral temple and perform a pooja, unaware of that it will reawaken the feud between a classical dancer, Chandramukhi and Vettaiyan Raja from centuries ago.",36,"Comedy, Horror, Drama",P. Vasu,"Kangana Ranaut, Raghava Lawrence, Vadivelu, Lakshmi Menon, Mahima Nambiar",Lyca Productions,28-09-2023,2023,9,Thursday,158,0,0,0,0,0,0,0.8661,3.2,6
500971,Adanga Maru,"A sincere cop, who's suspended from the department for locking horns with a few influential people in the society, starts taking revenge against those who finished off his dear ones.",30,"Action, Thriller, Crime",Karthik Thangavel,"Ravi Mohan, Raashii Khanna, Sampath Raj, Mime Gopi, Ponvannan",Home Movie Makers,21-12-2018,2018,12,Friday,146,0,0,0,0,0,0,0.8912,7.3,35
1019232,Siren,"After being in jail for 14 years, Thilagavarman gets out of prison on parole. A cat-and-mouse chase unfolds as Nandhini, a tainted police officer zeroes in on him as suspect in a spate of murders",35,"Thriller, Crime, Action",Anthony Bhagyaraj,"Ravi Mohan, Keerthy Suresh, Samuthirakani, Anupama Parameswaran, Yogi Babu",Home Movie Makers,16-02-2024,2024,2,Friday,154,0,0,0,0,0,0,0.7263,6.2,7
1098332,The Adamant Girl,"A family decides to visit their clan God to cure their daughter, thought to be possessed because she is in love with a man from a different caste. The journey, accompanied by her betrothed, unveils tensions between tradition and personal freedom, exposing her silent rebellion.",45,Drama,P. S. Vinothraj,"Anna Ben, Soori, Jawahar Sakthi, Poobalam Pragatheeswaran, Sai Abinaya",Sivakarthikeyan Productions,23-08-2024,2024,8,Friday,104,0,0,0,0,0,0,0.6481,7.6,16
369094,Iraivi,Three men try to overcome the problems in their lives not realising the impact their efforts are having on the women in their lives.,24,"Crime, Drama, Family, Romance",Karthik Subbaraj,"S. J. Suryah, Vijay Sethupathi, Bobby Simha, Kamalinee Mukherjee, Anjali",Abi & Abi Pictures,03-06-2016,2016,6,Friday,153,167000000,0,16.7,0,0,0,0.8594,7.2,35
1415804,Trauma,"An Anthology Crime story where Sundar and Geetha , an affluent couple gets into a trouble while undergoing treatment for fertility. Parallelly , a love affair between Selvi and Jeeva takes a crucial turn and the entire story is interconnected with series of traumatic events planned by an undercover gang.",50,"Crime, Drama",Thambithurai Mariyappan,"Vivek Prasanna, Chandhini Tamilarasan, Ananth Nag, Prathosh, Poornima Ravi",TURM Production House,21-03-2025,2025,3,Friday,111,0,0,0,0,0,0,0.9401,0,0
1027884,Veerapuram 220,Veerapuram 220 film directed by  B. Senthil Kumar,8,Thriller,B. Senthil Kumar,"Angadi theru Mahesh, Meghana Ellen, Satheesh Subramaniyam",Subham Cine Creations,24-09-2021,2021,9,Friday,0,0,0,0,0,0,0,0.8836,0,0
367842,Aranmanai 2,A ghost enters a palatial mansion and starts attacking the men in the family. What is its back story?,19,"Action, Horror, Romance",Sundar C,"Hansika Motwani, Siddharth, Trisha Krishnan, Poonam Bajwa, Soori",Avni Cinemax,29-01-2016,2016,1,Friday,136,0,0,0,0,0,0,0.8808,4.2,23
1103756,Aghathiyaa,Things go awry when a haunted mansion is opened as a tourist attraction by Aghathiyan leading to the unraveling of the dark history behind the mansion's previous occupant.,28,"Fantasy, Horror, Adventure",Pa. Vijay,"Jiiva, Raashii Khanna, Arjun Sarja, Edward Sonnenblick, Matilda",Vels Film International,28-02-2025,2025,2,Friday,134,0,0,0,0,0,0,0.9427,4.8,8
562458,Variyavan,The movie is about a poor guy shifting from his hometown to a metro city for his career and facing several challenges in order to sustain.,26,Drama,Karthik Gopal,"Parthy KL, Hari Kumar, Jawahar, Sandy Vijay, Selvaraj",Pen and Mind Pictures,11-11-2018,2018,11,Sunday,105,0,0,0,0,0,0,0.8591,7,1
1225458,Sevappi,"A five year kid who lives in a remote village in Tamilnadu imagines that, he has given birth to a Chicken. His love towards the chicken is limitless. All limitless emotions and scenarios involving them have faced a rough road, likewise the impeccable love of this 5 year boy happens to be the root cause of a family dispute, which later turns out to be a caste issue and then finally an issue on which the entire village fights upon.",80,Drama,M. S. Raaja Rajeshwaran,"Rishikanth, Poornima Ravi, Shravan Athvethan, Sebastian Antony, Dilli",Unknown,12-01-2024,2024,1,Friday,113,0,0,0,0,0,0,0.8628,2,1
619987,Sumo,"When Shiva finds an unconscious stranger on the beach, he unknowingly begins a journey that leads to Japan's sumo rings. With truth and loyalty, he helps his friend reclaim his identity and honor, showing that bonds of the heart can rise above borders and power.",45,"Comedy, Drama",S. P. Hosimin,"Shiva, Priya Anand, Yoshinori Tashiro, VTV Ganesh, Yogi Babu",Vels Film International,25-04-2025,2025,4,Friday,118,0,0,0,0,0,0,0.8149,0,0
535657,U Turn,"When a flyover in the city becomes the hotbed of accidents, a young reporter decides to investigate the issue. Her quest for an answer would lead her into a web of intrigue, murder and mystery.",35,"Thriller, Horror, Crime",Pawan Kumar,"Samantha Ruth Prabhu, Aadhi Pinisetty, Rahul Ravindran, Bhumika Chawla, Narain",Srinivasaa Silver Screen,13-09-2018,2018,9,Thursday,129,0,0,0,0,0,0,1.0076,6.851,57
1737178,Ego Raman,"Follows the toxic relationship between a prospective civil servant and a conceited school principal, which intensifies when a Yamaha motorbike enters the narrative.",23,,Unknown,"Robo Shankar, Ciby Bhuvana Chandran, Chappani Boys Murali, Kavitha Ramesh",Unknown,29-05-2026,2026,5,Friday,117,0,0,0,0,0,0,0.9875,0,0
1277572,Vallavan Vaguthathada,"Five desperate individuals, each burdened by the urgent need for cash, find their paths colliding with a merciless loan shark. As darkness descends, their lives descend into chaos on a night when karma catches up with them, showing the real impact of their actions.",44,"Crime, Drama, Thriller",Vinayek Durai,"Tej Charanraj, Regin Rose, Rajesh Balachandiran, Ananya Mani, Swathi Meenakshi",Unknown,19-04-2024,2024,4,Friday,104,0,0,0,0,0,0,0.9297,0,0
1201126,Conjuring Kannappan,"A man begins to have nightmares where he experiences things in sleep have an effect on him in real life, too. But as his derangement spreads across his family and friends, they decide to go to the root of the cause.",41,"Comedy, Horror",Selvin Raj Xavier,"Sathish, Regena Cassandrra, Saranya Ponvannan, VTV Ganesh, Redin Kingsley",AGS Entertainment,08-12-2023,2023,12,Friday,140,0,0,0,0,0,0,0.8672,6.2,6
410481,Thupparivaalan,Detective Kaniyan Poonkundran is hungry for a challenging case to investigate and the mystery of a murdered dog leads to a rival who could be the match for him.,29,"Action, Crime, Thriller",Mysskin,"Vishal Krishna, Prasanna, Vinay Rai, Andrea Jeremiah, Anu Emmanuel",Vishal Film Factory,14-09-2017,2017,9,Thursday,159,0,0,0,0,0,0,0.9064,7.189,53
808868,Namma Oorukku Ennathan Achu,"A mysterious death happens on the auspicious village festival day and after that, the occult starts to happen in village. Young girls go missing and the suicides become a saga. A native youth takes up the task of  finding the cause of mysteries.",43,"Thriller, Romance",Nal Senthil Kumar,"Mahendran, Miya Sree, Sundarrajan, Sivakumar, Appukutty",Unknown,19-03-2021,2021,3,Friday,127,0,0,0,0,0,0,0.8006,0,0
1153326,Die No Sirs,"Mannu, an ambitious yet carefree guy who wants to stay away from this violence, gets entangled in the lives of gangsters as Durai, whom his brother Dhana wanted to protect, dies.",31,"Action, Drama",M.R. Madhavan,"Udhay Karthik, Sai Priya Deva, Rishi Rithvik, Maara Jothi, Ramana",Galaxy Pictures (IN),28-07-2023,2023,7,Friday,150,0,0,0,0,0,0,0.7885,0,0
1446075,Kadhal Ondru Kanden,A Romantic Comedy Short Movie with lots of mixed emotions.,10,"Romance, Comedy, Drama",Punith,"Ashwin Kumar, Nakshathra Nagesh, Rio Raj, Balasaravanan, Charle",Unknown,05-01-2020,2020,1,Sunday,39,0,0,0,0,0,0,0.8817,0,0
1156292,Finder,"A pair of ambitious criminology grads open a private investigation agency with a focus on wrongful convictions. Their latest case leads them to re-examine the conviction of a fisherman accused of murdering a local Councillor. As they dig into the details, they uncover questionable events and circumstances, putting their investigative skills to the test.",54,Thriller,Vinoth Rajendran,"Charle, Sentrayan, Vinoth Rajendran, Dharani Reddy, Nizhalgal Ravi",Arabi Productions (IN),20-04-2024,2024,4,Saturday,112,0,0,0,0,0,0,1.0523,0,0
371429,Maruthu,"Spurred by his grandmother, an angry young man locks horns with a thug who is intending to murder his sweetheart.",20,"Romance, Action, Comedy",M. Muthaiah,"Vishal Krishna, Sri Divya, Radha Ravi, R. K. Suresh, Soori",Vishal Film Factory,20-05-2016,2016,5,Friday,145,0,0,0,0,0,0,0.7906,5.6,15
882401,Bagheera,"A psychopath, who claims to be a saviour for men, murders women who are involved in more than one relationship. Who is he, and what made him such a monster?",30,"Drama, Thriller",Adhik Ravichandran,"Prabhu Deva, Amyra Dastur, Remya Nambeesan, Sanchita Shetty, Janani Iyer",Bharathan Pictures,03-03-2023,2023,3,Friday,147,0,0,0,0,0,0,0.9247,5.2,4
1183230,Enaku Endey Kidaiyaathu,"A cab driver pickups a business women thinking that will be last pick of the night, but his greediness flips the night more longer than expected and getting trapped, followed by a thief and a politician joins him with different motive.",41,"Mystery, Thriller",Vikram Ramesh,"Vikram Ramesh, Karthik Venkatraman, Swayam Siddha, Shivakumar Raju, Murali Srinivasan",Hungry Wolf Entertainments [IN],06-10-2023,2023,10,Friday,104,0,0,0,0,0,0,0.7828,9,1
1395957,Porkalathil Oru Poo,"An unreleased Indian Tamil-language film directed by K Ganeshan. It is based on the life of Isaipriya also known as ""Lieutenant Colonel Issei Piriya"", a journalist and television broadcaster for the rebel Liberation Tigers of Tamil Eelam.",37,Drama,K. Ganeshan,"Priya, Subash Chandra Bose, Nagineedu Vellanki",Unknown,01-01-2015,2015,1,Thursday,0,0,0,0,0,0,0,1.0639,0,0
410851,Ennodu Vilayadu,"A compulsive gambler learns about a horse race that is going to be fixed, and tries to capitalise on it. Meanwhile, his friend gets into trouble over a bag containing Rs 50 lakh cash.",34,"Action, Romance, Thriller",Arun Krishnaswami,"Bharath Srinivasan, Kathir, Chandhini Tamilarasan, Sanchita Shetty, Radha Ravi",Toronto Reels,17-02-2017,2017,2,Friday,126,0,0,0,0,0,0,0.7056,5,1
899705,Captain,"A team of soldiers, led by a brave army captain, takes up a dangerous mission to go into a restricted forest area and uncover the mystery behind the unexplainable deaths of previous teams that had visited the site.",38,"Action, Fantasy, Science Fiction, Drama",Shakti Soundar Rajan,"Arya, Aishwarya Lekshmi, Simran, Gokulnath, Kavya Shetty",The Show People,08-09-2022,2022,9,Thursday,116,0,0,0,0,0,0,0.7639,4.8,8
591102,Comali,A youngster in his mid-30s goes through a series of struggles after coming to terms with the fact that he was in coma for 16 years.,26,"Comedy, Drama",Pradeep Ranganathan,"Ravi Mohan, Kajal Aggarwal, Samyuktha Hegde, K. S. Ravikumar, Yogi Babu",Vels Film International,14-08-2019,2019,8,Wednesday,142,583150974,0,58.32,0,0,0,0.8887,6.094,32
504437,Sarvam Thaala Mayam,"Peter who tries to find his place in the world of classical Indian music embarks on a journey that helps him evolve personally, spiritually and musically.",26,"Family, Music, Drama",Rajiv Menon,"G. V. Prakash Kumar, Nedumudi Venu, Aparna Balamurali, Vineeth Radhakrishnan, Elango Kumaravel",Mindscreen Cinemas,01-02-2019,2019,2,Friday,133,0,0,0,0,0,0,0.8805,7,19
337603,Yoogan,"When their friends start dying mysteriously, David and Vinay believe it to be the handiwork of a ghost. However, the cop investigating the case seems to think otherwise and goes after them. What is the mystery here?",37,,Kamal G,"Yashmith, Sakshi Agarwal, Siddhu GRN, Pradeep Balaji, Shyam Kirthivasan",Unknown,24-04-2015,2015,4,Friday,106,0,0,0,0,0,0,0.8151,4,1
1534185,Sotta Sotta Nanaiyuthu,"Sotta Sotta Ninayuthu is a romantic drama about Raja, a wealthy young man whose baldness fuels deep insecurity and heartbreak. Though he finds love with the kind-hearted Priya, a moment of doubt drives him away, and his family soon pushes him toward Shruti—a modern, arrogant woman who clashes with their values. Caught between duty and desire, Raja must choose whether to follow his heart or surrender to expectations.",68,Comedy,Naveedh S Fareedh,"Nishanth Russo, Varshini Venkat, Shaalini A, KPY Raja, Anand Pandi",Adler Entertainment,29-08-2025,2025,8,Friday,0,0,0,0,0,0,0,1.0539,6,1
415913,Dora,"A father and a daughter buy a used car which is possessed by an unknown spirit which yearns for revenge, and gives sleepless nights to a cop and a bunch of criminals.",32,"Horror, Thriller",Dass Ramasamy,"Nayanthara, Thambi Ramaiah, Harish Uthaman, Sulile Kumar, Shan",Sarkunam Cinemas,31-03-2017,2017,3,Friday,129,0,0,0,0,0,0,0.8858,5.75,16
1115239,Por Thozhil,"Loganathan, a senior cop is asked to mentor Prakash, an academically bright but faint-hearted rookie and this unlikely duo team up to investigate a series of murder cases, and realize all of them are interlinked and that a psychopath serial killer is on the run.",45,"Crime, Thriller, Action",Vignesh Raja,"Ashok Selvan, R. Sarathkumar, Sarath Babu, Nikhila Vimal, P.L. Thenappan",E4 Entertainments,09-06-2023,2023,6,Friday,148,0,0,0,0,0,0,0.8378,7.056,45
1211999,Kadhalikka Neramillai,"Does the idea of a perfect life leading to love, marriage and babies exist? Shriya finds it a challenge, especially when she meets men like Siddarth who think marriage is a recipe for disaster, and babies should be banned. When times are changing and relationships are evolving, the idea of love remains timeless- the more you resist it the more you will fall in love.",65,"Romance, Drama, Comedy",Kiruthiga Udhayanidhi,"Ravi Mohan, Nithya Menen, TJ Bhanu, John Kokken, Lal",Red Giant Movies,14-01-2025,2025,1,Tuesday,143,0,0,0,0,0,0,1.1273,5.357,14
576982,Nitham Oru Vaanam,"An introverted young man with OCD, who is dejected after his fiancé leaves him, learns to find happiness and positivity in life from two couples whose stories he reads about.",30,"Romance, Thriller, Comedy",Ra. Karthik,"Ashok Selvan, Ritu Varma, Aparna Balamurali, Shivathmika, Sshivada",Viacom18 Studios,04-11-2022,2022,11,Friday,146,0,0,0,0,0,0,0.7533,6.5,11
461311,Tik Tik Tik,"An asteroid, which is expected to hit Chennai and its surrounding places, poses a threat to the lives of around four crore people. A five-member team is sent by the Defence Space Division to space to stop the celestial body from hitting the planet.",44,"Science Fiction, Thriller, Adventure",Shakti Soundar Rajan,"Ravi Mohan, Nivetha Pethuraj, Aaron Aziz, Ramesh Thilak, Vincent Asokan",Nemichand Jhabak Productions,22-06-2018,2018,6,Friday,130,0,0,0,0,0,0,0.7055,5.3,27
1453003,Kadaisi Dhum,A man desperately searching for cigarettes encounters a trio that's plotting to kill a hen.,15,"Comedy, Mystery",Ajayan,"Ian Christian, Abhishek Sunil, Jeeva S, Ronald Raymond Lawrence",Film and Television Institute of India,02-04-2025,2025,4,Wednesday,10,0,0,0,0,0,0,1.3332,0,0
1649176,Kolaiseval,"A village located in the Thiruvannamalai district has followed a belief for over 200 years. If a woman in the village becomes pregnant, it is customary to cook Pongal and sacrifice a goat to their family deity, which is located in the middle of a large forest nearby.  Now the heroine of the story is nine months pregnant. As per the tradition, the family travels to the temple. However, the forest area surrounding the temple is known for many anti-social activities.  What happens to the family that goes to this mysterious place? Why is the temple located deep inside the forest?",101,Thriller,VR. Thudhivaanan,"Kalaiyarasan, Deepa Balu, Balasaravanan, Aadhav Chandra, Gajaraj",RP Films,13-03-2026,2026,3,Friday,107,0,0,0,0,0,0,0.979,0,0
536013,Kaalidas,"A cop, who suffers from family issues, takes up a peculiar suicide case. The plot thickens as similar cases get reported within a span of a few days.",28,"Action, Crime",Sri Senthil,"Bharath Srinivasan, Ann Sheetal, Aadhav Kannadasan, Suresh Chandra Menon, R. Velraj",Dina Studios,13-12-2019,2019,12,Friday,126,0,0,0,0,0,0,0.7893,5.8,10
450036,Magalir Mattum,A progressive-minded documentary filmmaker reunites three older women who have been separated since college and takes them on a trip.,20,"Drama, Family",Bramma G,"Jyothika, Urvashi, Saranya Ponvannan, Bhanupriya, Nassar",Chris Pictures,15-09-2017,2017,9,Friday,140,0,0,0,0,0,0,0.7964,6.8,13
1411454,Yamakaathaghi,"A young girl's spirit lingers at a rural funeral home, unwilling to depart. Her mysterious death sparks an unsettling supernatural investigation.",21,"Horror, Drama",Peppin George Jayaseelan,"Roopa Koduvayur, Narendra Prasath, Geetha Kailasam, Raju Rajappan, Subash Ramasamy",Yeshwa Pictures LLP,07-03-2025,2025,3,Friday,113,0,0,0,0,0,0,1.0453,6,1
1067229,Oonkaram,"Set against the backdrops of Madurai city,the story revolves around a girl ,who pursues a graduation course at a private college,where she undergoes sexual harassment.Her attempts to raise her voice against these evil miscreant  go eclipsed due to the strong influence of money and the domination of the ruling class  During this juncture , She meets a social activist named puli and shares pathos. The crux of the film is all about the attempts of the character’ puli ‘ who want to seek justice for the sake of this innocent girl and bring the evildoers before the law",98,Action,AR Kendiren Muniyasami,"Srithar, A.R.Kentharan, Varsha Vishwanath",yellow cinema,30-12-2022,2022,12,Friday,111,0,0,0,0,0,0,0.8735,0,0
1477248,Vembu,"Vembu follows the journey of a bold village girl passionate about martial arts. Raised by her supportive father, she dreams of excelling in martial arts while preparing for government exams. Pressured by society, she agrees to marry her cousin Vetri. Understanding her inner conflict, Vetri promises to support her dreams. As financial struggles arise, Vembu steps up to take care of the family. The film portrays her resilience and determination to rise above challenges and pursue her passion.",78,Drama,Justin Prabhu V,"Sheela Rajkumar, Hari Krishnan",Manjal Cinemas,23-05-2025,2025,5,Friday,0,0,0,0,0,0,0,0.9796,0,0
1313462,Teenz,"Teenz, a Thrilling Adventure, directed by the genre-breaking film maker and national award winner, Radhakrishnan Parthiban, is a compelling film centered around a spirited group of thirteen teenagers.",28,"Drama, Adventure, Thriller",R. Parthiban,"Kritika Balasubramanian, Vishrutha, D Amruutha, Asmitha, Sylvensten",Akira Production,12-07-2024,2024,7,Friday,122,0,0,0,0,0,0,0.8342,5,3
610301,Dharma Prabhu,Lord Shiva accuses Yama for saving the life of a criminal-politician when the latter tries to stop a little girl from dying. Yama is given a few days' time to rectify his action.,33,"Comedy, Drama, Fantasy",Muthukumaran,"Yogi Babu, Ramesh Thilak, N. Azhagamperumal, Sam Jones, Janani Iyer",Sri Vaari Film,28-06-2019,2019,6,Friday,122,0,0,0,0,0,0,0.845,4.6,5
1446369,Leech,The Story of This Cinema is About an Accident That Can Happen to Any Traveling Couple. The Title Leech Refers to the Fact That Some Humans Are Like Leeches That Feeds on Their Prey Without Them Being Aware.,38,"Action, Thriller",S M,"Anoop Rethna, Megha, Sandya Nair, Nizam Calicut, Kannan Viswanathan",Book of Cinema Productions,14-03-2025,2025,3,Friday,0,0,0,0,0,0,0,0.8454,0,0
1171532,Rathnam,"Rathnam, a henchmen working for MLA Panneer Selvam in Vellore, protects Malliga, a medical student who bears a resemblance to Rathnam's late mother, from the relentless pursuit of land grabbers Rayudu brothers and becomes her guardian angel.",37,"Action, Romance",Hari,"Vishal Krishna, Priya Bhavani Shankar, Samuthirakani, Murali Sharma, Hareesh Peradi",Stone Bench Creations,26-04-2024,2024,4,Friday,159,0,0,0,0,0,0,0.9428,5.3,11
1179921,Narkaram,5 Mens abusing a disabled child and murdering her. One of the relative of the abused child was taking revenge on the culprits. The whole truth and what happened was comes to know through Police investigation.,36,Crime,John Lee,"Vikran, Pavithra, John Lee, Arun Kumar",JJ Sairam Films [in],18-09-2023,2023,9,Monday,0,0,0,0,0,0,0,0.7667,0,0
270780,Puriyaatha Puthir,"Kathir, a music director, starts seeing Meera, who teaches music. He starts receiving compromising videos of Meera, and desperately tries to find out the person wrecking their lives, but will it be too late?",34,"Crime, Thriller",Ranjit Jeyakodi,"Vijay Sethupathi, Gayathrie Shankar, Mahima Nambiar, Ramesh Thilak, Arjunan Nandakumar",Rebel Studio,31-08-2017,2017,8,Thursday,140,0,0,0,0,0,0,0.7629,7.107,14
1425630,Shakthi Thirumagan,"A tribal woman is brutally assaulted and killed. Her newborn is mercilessly abandoned in a dump yard, left to die. But fate intervenes — an old man discovers the infant and decides to raise him as his own. The child, named Kittu,After the old man’s death, Kittu is left to fend for himself,determined to confront his mother’s killer.",58,"Action, Drama, Thriller",Arun Prabu Purushothaman,"Vijay Antony, Vagai Chandrasekar, Sunil Kirpalani, Trupti Ravindra, Cell Murugan",Vijay Antony Film Corporation,19-09-2025,2025,9,Friday,157,0,0,0,0,0,0,0.715,5.429,7
1403039,Maaman,"An uncle's deep connection with his nephew is broken, when their family experiences personal differences.",15,"Family, Drama, Action",Prashanth Pandiraj,"Soori, Aishwarya Lekshmi, Swasika, Rajkiran, Balasaravanan",Lark Studios,16-05-2025,2025,5,Friday,151,0,0,0,0,0,0,0.8846,6.4,5
1386003,Ezhudhaa Kadhaiyo,Ezhudhaa Kadhaiyo,2,,Shafiq,"Mukesh, Ranya Sandra, Bala Viknesh",Unknown,19-09-2024,2024,9,Thursday,14,50100,0,0.01,0,0,0,0.8299,0,0
532869,NGK,"An educated do-gooder is forced to enter politics in order to serve the society. But, will the old guard make way and allow him to do that?",27,Drama,Selvaraghavan,"Suriya, Sai Pallavi, Rakul Preet Singh, Ilavarasu, Bala Singh",Dream Warrior Pictures,31-05-2019,2019,5,Friday,148,918500000,0,91.85,0,0,0,0.884,4.824,34
1051426,Vaazhai,"A twelve-year-old bright schoolboy, Sivanandhan, his mother, sister, and with his friend Sekhar works during his school holidays carrying banana stalks, a task he dreads. As he navigates life's challenges, poverty, friendship, and the challenges of growing up, Sivanandhan’s determination is tested by the harsh realities of life.",48,Drama,Mari Selvaraj,"Ponvel, Rahul R., Dhivya Dhuraisamy, Janaki Jayaraman, Kalaiyarasan",Navvi Studios,23-08-2024,2024,8,Friday,134,0,0,0,0,0,0,0.8567,7,16
832623,Thuyil Tholaithen,What happens when sleep becomes a luxury,7,Drama,Hafis AK,Rishikesh Radhakrishnan,THOUGHTS LIVE FILMS,05-02-2021,2021,2,Friday,11,50100,0,0.01,0,0,0,0.9798,0,0
870769,Viruman,"An intrepid and good-hearted son fights to make his arrogant father pay the price for his sins, which includes his mother's death, and save his brothers from the man's grip.",30,"Action, Family",M. Muthaiah,"Karthi, Aditi Shankar, Rajkiran, Prakash Raj, Soori",2D Entertainment,12-08-2022,2022,8,Friday,151,0,0,0,0,0,0,0.8885,5.5,12
1422471,Dexter,"Aadi and Yamini's love story takes a tragic turn when Yamini is kidnapped and brutally murdered, plunging Aadi into despair. Struggling with PTSD, he undergoes a memory-erasing treatment and starts anew, reuniting with his childhood friend Bhuvi. However, their lives are upended when Bhuvi's family is taken hostage by a dangerous man named Sadhik. In a tense showdown, Sadhik traps Aadi, Bhuvi, and others in a deadly game, revealing the dark motives behind a string of murders, including Yamini's. Will Aadi uncover the truth and find redemption amidst the chaos?",90,Thriller,Suriyan G,"Rajeev Pillai, Abishek Joseph George, Yukta Parvi, Sithara Vijayan, Hareesh Peradi",Ram Entertainerss,14-03-2025,2025,3,Friday,100,0,0,0,0,0,0,1.1788,0,0
494836,Ghajinikanth,A forgetful young man falls in love with a girl whose father hates his condition.,15,"Family, Comedy, Romance",Santhosh P. Jayakumar,"Arya, Sayesha Saigal, Aadukalam Naren, Uma Padmanabhan, Sampath Raj",Studio Green,03-08-2018,2018,8,Friday,147,0,0,0,0,0,0,0.8499,5.786,14
1403351,Then Chennai,Jason gets caught in a standoff between security forces and a gang. He fights to protect his loved ones while chaos consumes his life.,24,,Ranga,"Arumugam Bala, Dhileepan, Elango Kumanan, Nitin Mehta, Vatsan M Natarajan",RFC Productions,13-12-2024,2024,12,Friday,122,0,0,0,0,0,0,0.8385,0,0
1595203,Arivaan,Surya an honest yet hot tempered COP Known for his encounter killings is transferred to Neyveli after another controversial case soon after his arrival. A murder involving a woman named Vinisha shakes the town as Suryadives into the case He must navigate between truth and deceit to protect both Love and Justice.,52,"Thriller, Crime",S Arunprasath,"Ananth Nag, Janany Kunaseelan, Boys Rajan, Birla Bose, Gowri Shankar",MD Films,20-02-2026,2026,2,Friday,113,0,0,0,0,0,0,0.8172,0,0
1001272,Ward-126,The investigation over an IT professional's death faces twists and turns as truths about the victim start coming out and he is found to have had multiple marital relationships.,29,"Thriller, Crime",Selvakumar Chellapandiyan,"Michael Thangadurai, Jishnu Menon, Selvakumar Chellapandiyan, Shritha Sivadas, Sonu Gowda",SSB Talkies,22-07-2022,2022,7,Friday,142,0,0,0,0,0,0,0.8004,5.5,2
680943,Dharala Prabhu,"An energetic youngster Prabhu who is approached by a fertility clinic to donate his sperm and make some quick money, isn't aware of how this decision might affect his future.",30,Comedy,Krishna Marimuthu,"Harish Kalyan, Vivek, Tanya Hope, Anupama Kumar, Sachu",Screen Scene Media Entertainment,13-03-2020,2020,3,Friday,152,0,0,0,0,0,0,0.8449,6.8,14
586291,Nerkonda Paarvai,"When three young women are harassed and implicated in a crime they didn't commit, a bipolar lawyer sets out to help them clear their names and prove it to everyone that a woman's consent matters.",35,"Drama, Action, Thriller",H. Vinoth,"Ajith Kumar, Shraddha Srinath, Abhirami Venkatachalam, Andrea Tariang, Adhik Ravichandran",Zee Studios,08-08-2019,2019,8,Thursday,158,0,0,0,0,0,0,0.8655,6.9,29
762642,Insight,"A young man who feels empty and numb inside, steps out of his house one night, an unforeseen chain of events elucidates in him the true perspective of life.",29,"Crime, Thriller, Action",Rajaraman,"Kirubha, Sathya Devaranjan, Tanya Joseph, Semmalar Annam, Ganesh Prabhu",Lignite Home Pictures,14-08-2020,2020,8,Friday,73,0,0,0,0,0,0,0.9754,0,0
368017,Thangamagan,The happiness of Tamizh and his middle-class family is shattered when his dad commits suicide. The youngster tries to understand why his father took this extreme step and clear his name.,31,"Action, Comedy, Romance",R. Velraj,"Dhanush, Samantha Ruth Prabhu, Amy Jackson, Sathish, Radhika Sarathkumar",Gopuram films,18-12-2015,2015,12,Friday,121,0,0,0,0,0,0,0.7927,5.816,38
1393676,Kingston,"The sea off the coast of Thoovathor becomes cursed following a paranormal event in 1982. Kingston, a daring sea smuggler, ventures into the haunted waters with his friends to break the curse and bring hope back to their doomed village.",40,"Horror, Adventure",Kamal Prakash,"G. V. Prakash Kumar, Divyabharathi, Chetan, Elango Kumaravel, Sabumon Abdusamad",Parallel Universe Pictures,07-03-2025,2025,3,Friday,139,0,0,0,0,0,0,0.8005,5,3
927602,Veetla Vishesham,"While Elango struggles to accept the news of his middle-aged mother's pregnancy, the situation jeopardises his relationship with his girlfriend, Sowmya, and his parents face social ridicule.",27,"Drama, Comedy",NJ Saravanan,"Urvashi, Sathyaraj, RJ Balaji, Aparna Balamurali, KPAC Lalitha",Zee Studios,17-06-2022,2022,6,Friday,130,0,0,0,0,0,0,0.652,7,6
1044552,Lal Salaam,"When a cricket game between two brothers goes wrong, a group of Indian villages are torn apart in the process. With tensions exacerbated by a scheming politician, the two brothers and their father must reconcile their differences to revitalize the locals’ Hindu and Muslim unity.",45,"Drama, Action",Aishwarya Rajinikanth,"Vishnu Vishal, Vikranth, Rajinikanth, Jeevitha, Nirosha",Lyca Productions,09-02-2024,2024,2,Friday,162,82247500,0,8.22,0,0,0,0.7014,2.5,2
371420,Kaashmora,"Kaashmora, a present era black magic specialist; Rajnayak, an ancient era warlord and Ratnamahadevi is his queen. How these three are connected? What are the issues that arise?",28,"Fantasy, Horror, Comedy",Gokul,"Karthi, Nayanthara, Sri Divya, Vivek, Jangiri Madhumitha",Dream Warrior Pictures,28-10-2016,2016,10,Friday,164,743150000,0,74.31,0,0,0,0.8176,4.867,29
1219632,Naangal,"It's the 1990s, in a sleepy hillside town in Southern India there is a cavernous mansion surrounded by plantations, inside three preadolescent brothers live with their German shepherd. They buy the groceries, lug water up the slopes in plastic cans, get each other ready for school and lend a hand to workers on the estate. The boys may practically run the house, but the lord of this forsaken domain is their father, a ruthless martinet whose mere sight frightens them to the core.",83,"Drama, Family",Avinash Prakash,"Mithun V, Rithik M, Nithin D, Abdul Rafe, Prarthana Srikaanth",Kala Bhavashri Creations,18-04-2025,2025,4,Friday,259,0,0,0,0,0,0,0.7701,0,0
619188,Pattas,A petty thief learns about his father's illustrious legacy and decides to attack the man who murdered him in order to bring the ancient martial art form that his father had practiced to limelight.,34,"Action, Comedy",R. S. Durai Senthilkumar,"Dhanush, Sneha, Mehreen Pirzada, Naveen Chandra, Nassar",Sathya Jyothi Films,14-01-2020,2020,1,Tuesday,142,0,0,0,0,0,0,0.863,5.9,19
882392,Pathu Thala,"An undercover cop goes into the big bad world, a place taken over by a don, where his safety may be compromised.",22,"Action, Thriller, Drama",Obeli N Krishna,"Gautham Ram Karthik, Silambarasan, Gautham Vasudev Menon, Kalaiyarasan, Priya Bhavani Shankar",Studio Green,30-03-2023,2023,3,Thursday,150,0,0,0,0,0,0,0.8661,6.1,15
410432,Aandavan Kattalai,"A young man, on the advice of an agent, lies that he is married, to go to London. But his visa application is rejected and now, he has to follow-up with a string of lies to hide one lie.",39,"Action, Drama, Romance",M. Manikandan,"Vijay Sethupathi, Ritika Singh, Pooja Devariya, Yogi Babu, Nassar",Gopuram films,23-09-2016,2016,9,Friday,151,0,0,0,0,0,0,0.8742,7.947,38
667255,FIR,"Irfan, an innocent Muslim chemical engineer with an ordinary life, is caught in inexplicable circumstances, when accused of being a most-wanted terrorist, that alter his life & everyone around him.",30,"Thriller, Action",Manu Anand,"Vishnu Vishal, Reba Monica John, Gaurav Narayanan, Gautham Vasudev Menon, Manjima Mohan",Vishnu Vishal Studioz,11-02-2022,2022,2,Friday,156,0,0,0,0,0,0,0.8023,5.933,15
1267820,Chota,"Chota is a Tamil movie released on 27 May, 2022. The movie is directed by Siranjeevi and featured Sanjeevi, Vivek Prasanna, Boys Rajan and Poornima Ravi as lead characters",29,Drama,Unknown,"Vivek Prasanna, Sampath Ram, Subramaniam Siva, Risha",Unknown,27-05-2022,2022,5,Friday,0,0,0,0,0,0,0,0.8602,0,0
505906,Seemaraja,The heir of a royal family tries to save his land and villagers from a greedy man.,17,"Action, Comedy, Drama, Romance",Ponram,"Sivakarthikeyan, Samantha Ruth Prabhu, Simran, Napoleon, Soori",24AM Studios,13-09-2018,2018,9,Thursday,158,0,0,0,0,0,0,0.7707,4.6,12
411852,Sometimes,"Seven people from different walks of life give their blood sample for ELISA Test - AIDS Screening. To avoid the tension of waiting, they decide to bribe the technician and know the results earlier. They come to know only one among them has AIDS. Each one hoping it is not him,waits with anxiety. The film takes an unexpected turn from here creating an emotional and shocking end.",67,Drama,Priyadarshan,"Prakash Raj, Sriya Reddy, Ashok Selvan, Nassar, Varun Kamal",Prabhu Deva Studios,07-01-2017,2017,1,Saturday,101,0,0,0,0,0,0,0.7085,7.208,24
603176,The Mosquito Philosophy,"When Suresh springs a surprise party on his friends to announce his wedding on a balmy night in Chennai, several uncomfortable questions find answers at the end of which it is he who is in for a surprise!",38,Drama,Jayaprakash Radhakrishnan,"Suresh Somasundaram Kumar, Jayaprakash Radhakrishnan, Ravi Kathiresan, Sindhu Jayaprakash, Pradeep Damodharan",Candle Light Productions,18-01-2019,2019,1,Friday,70,0,0,0,0,0,0,1.0346,0,0
512534,Nota,"Sitting Chief Minister Vinodhan, who is facing imprisonment in an illegal assets case, makes his son, Varun the temporary CM until his return. The disinterested young man gradually wakes up to the sorry state of affairs and tries to bring in a change.",43,Drama,Anand Shankar,"Vijay Deverakonda, Mehreen Pirzada, Sathyaraj, Nassar, Yashika Anand",Studio Green,05-10-2018,2018,10,Friday,146,0,0,0,0,0,0,0.7892,5.667,27
613037,Maayon,"An archaeology team lead by Arjun Manimaran a curious and intelligent man, is on a quest to break down the myths of an ancient temple, which might put their lives at risk, whilst their work continues other conflict arises which threatens to destroy the temple's relics and antiquity.",48,"Mystery, Thriller",Kishore,"Sibiraj, Tanya Ravichandran, Radha Ravi, Bagavathi Perumal, Hareesh Peradi",Double Meaning Productions,24-06-2022,2022,6,Friday,130,0,0,0,0,0,0,1.2194,4.8,5
748917,Pichaikkaran 2,"A poor man with a painful past becomes a victim of illegal brain replacement surgery, leaving him to struggle in the shoes of a rich billionaire.",26,"Action, Drama, Science Fiction",Vijay Antony,"Vijay Antony, Kavya Thapar, Radha Ravi, Y. G. Mahendran, Mansoor Ali Khan",Vijay Antony Film Corporation,19-05-2023,2023,5,Friday,148,0,0,0,0,0,0,0.88,4.4,12
590399,Thalaivii,"The biopic charts the life of actor-turned-chief minister J. Jayalalitha and the relationship paving her rapid yet complicated path to power, who served five terms as the Chief Minister for the Indian state of Tamil Nadu.",36,Drama,A. L. Vijay,"Kangana Ranaut, Arvind Swamy, Nassar, Bharathi Kannan, Bhagyashree",Karma Media and Entertainment,10-09-2021,2021,9,Friday,153,0,0,0,0,0,0,0.7951,4.9,17
589184,Embiran,Fate had different plan for a girl when she decides to open up her feelings to the person she is madly in love with.,24,"Thriller, Romance",Krishna Pandi,"Radhika Preeti, Rejith Menon, Kalyani Natarajan, Kishore Dev, Mouli",Panchavarnam Films,22-03-2019,2019,3,Friday,122,0,0,0,0,0,0,0.9073,0,0
990787,Iraivan,"Arjun, a tough cop along with his friend Andrew embark on a mission to track down a truly gruesome psychopathic killer called Bhramma a.k.a The Smiley Man. They eventually manage to apprehend Bhramma at the cost of losing Andrew makes Arjun resign from the police force. However, tragedy hits home when Bhramma escapes from prison and resumes his killing spree.",60,"Action, Thriller",I. Mueenuddin Ahmed,"Ravi Mohan, Nayanthara, Rahul Bose, Narain, Ashish Vidhyarthi",Passion Studios,28-09-2023,2023,9,Thursday,152,0,0,0,0,0,0,0.9653,5.2,14
587233,A1,"The life of a caste fanatic girl, who aspires to get married to a goon, becomes a roller-coaster ride after she realises that she's with the wrong person.",28,Comedy,Johnson K.,"Santhanam, Tara Alisha Berry, Yatin Karyekar, Sai Kumar, M. S. Bhaskar",Circle Box Entertainment,26-07-2019,2019,7,Friday,154,0,0,0,0,0,0,0.8791,3.1,12
659086,Sillu Karuppatti,An anthology of four romantic stories across four age groups connected by that magical thread called love.,17,"Drama, Romance",Halitha Shameem,"Samuthirakani, Sunaina, Manikandan, Nivedhithaa Sathish, Kravmaga Sree Ram",Divine Productions,26-12-2019,2019,12,Thursday,138,0,0,0,0,0,0,0.7145,7,19
1146583,Vil Vithai,"Car driver Mithran and Swetha lose their child Bhavana to a gang of rapists. Mitran, who thinks that such an impact should not happen to any parents who bring up girls, is the plot summary of the movie ""Vill Vithai"" where the incidents of weeding out the anti-socials involved in sexual crimes.villain murders him in anger. The story of this film is written as a response to the voice of the anti authority who raised their voice against this fate of a good person who sacrificed his life considering their future welfare",92,Thriller,S Hari Uthraa,"Arun Micheal Daniel, Aarathya, Vaishnavi Naayak",Uthraa productions,07-07-2023,2023,7,Friday,0,0,0,0,0,0,0,0.9503,9,1
1108580,Kaarottiyin Kaadhali,A cab driver gets caught between the internal affairs of a shady Singaporean businessman who has other plans in place.,20,Drama,R. Siva,"Elango Kumaravel, Janaki Devi, Pitchaikaran Moorthy, R. Siva, T Sivakumar",3S Pictures,18-11-2022,2022,11,Friday,101,0,0,0,0,0,0,0.914,0,0
785664,Naane Varuvean,"A father finds out that his teenager daughter is possessed, and the only way he can save her is by doing the ghost's bidding, which will mean an encounter with his long-separated twin - who happens to be a psycho killer.",41,"Action, Thriller, Horror",Selvaraghavan,"Dhanush, Indhuja Ravichandran, Elli Avram, Yogi Babu, Prabhu",V Creations,29-09-2022,2022,9,Thursday,122,0,0,0,0,0,0,0.7855,5.9,24
1079221,Let's Get Married,"A man is in a difficult position between his girlfriend who wants to marry him, and his mother who doesn't like his girlfriend.",23,"Romance, Comedy, Family",Ramesh Thamilmani,"Harish Kalyan, Ivana, Nadhiya, Yogi Babu, Mirchi Vijay",Dhoni Entertainment Pvt Ltd,28-07-2023,2023,7,Friday,151,0,91850000,0,9.19,0,0,0.7574,4.6,5
672940,Kaadan,"When a wealthy real estate company, backed by a powerful minister decides to build a township in a reserve forest area, it cuts off access to the water body to the elephants living in the area, endangering their lives. An eco-warrior decides to fight for their cause at a time when nobody else would.",54,Drama,Prabhu Solomon,"Rana Daggubati, Vishnu Vishal, Shriya Pilgaonkar, Zoya Hussain, Paras Arora",Eros International,26-03-2021,2021,3,Friday,161,0,0,0,0,0,0,0.7292,4.9,5
369684,Vellaiya Irukiravan Poi Solla Maatan,"A young man decides to blackmail his ex for money and use the cash for his father's medical treatment. And thus, he sets in motion a long chain of blackmails that go all the way to a kingmaker in national politics.",41,Comedy,A. L. Abanindran,"Shalini Vadnikatti, Balasaravanan, Sanam Shetty, Aruldoss, Aadukalam Naren",Unknown,24-12-2015,2015,12,Thursday,127,0,0,0,0,0,0,0.6746,3.5,2
985354,UnPaarvayil,"When tragedy strikes twice, Bhavya refuses to remain a victim. Visually impaired, she is drawn into a perilous hunt for the truth behind the mysterious deaths of her husband & twin sister - uncovering a dark world where nothing is as it seems.",43,"Thriller, Mystery",Kabir Lal,"Parvatii Nair, Ganesh Venkatraman, Tulasi, Mahendran, Nizhalgal Ravi",Lovely World Entertainment,19-12-2025,2025,12,Friday,117,0,0,0,0,0,0,0.7907,7,1
542089,Azhagu Magan,,0,"Drama, Romance",Azhagan Selva,"Arjjun Uday, Malavika Wales",Unknown,10-08-2018,2018,8,Friday,136,0,0,0,0,0,0,0.6917,0,0
1434988,Murmur,"A group of Chennai-based Paranormal YouTubers ventures into a cursed forest in search of ""Seven Saptha Kannigal"" and the cursed spirit to record the real time paranormal experiences inside the cursed forest and got lost. Then The police force entered into the forest in search of YouTubers but they only found their broken camera's with the Paranormal recordings, and that recorded footage is the storyline of the MURMUR.",68,"Horror, Thriller",Hemnath Narayanan,"Richie Kapoor, Devaraj Arumugam, Suganya Shanmugam, Yuvikha Rajendran, Aria Selvaraj",Spk Pictures Private Limited,07-03-2025,2025,3,Friday,139,0,0,0,0,0,0,0.8574,4,3
882416,Yaanai,"A brash young man tries to prevent his wealthy, large family from being split up by their arch-nemesis, who wants to avenge his brother's death, which he blames on the family.",31,"Action, Thriller",Hari,"Arun Vijay, Priya Bhavani Shankar, Samuthirakani, Yogi Babu, Ammu Abhirami",Drumsticks Productions,01-07-2022,2022,7,Friday,156,0,0,0,0,0,0,0.8919,6.3,7
1738254,Kida Poosari Magudi,"Magudi, a village simpleton, is in love with his niece, Nakshatra, and wishes to marry her one day. However, she falls in love with Selvam which threatens the former's position in her life.",33,Drama,Jayakumar J,"Powerstar Srinivasan, Singampuli, Kalairani, Mu Ramaswamy",Unknown,08-04-2016,2016,4,Friday,137,0,0,0,0,0,0,1.2299,0,0
915501,Laththi Charge,"Muruganandam, a constable and laththi specialist, happens to face the wrath of a notorious gangster and his son. Little did he know that this would put his 10-year-old son's life in trouble.",32,"Action, Drama",A. Vinoth Kumar,"Vishal Krishna, Sunaina, Prabhu, Misha Ghoshal, Munishkanth",Rana Productions,22-12-2022,2022,12,Thursday,142,0,0,0,0,0,0,0.8533,6.429,7
1448711,Eternal Quill,A solitary man unravels as the voices in his head and a haunting black feather drag him toward an unavoidable fate,21,"Mystery, Fantasy",Veera,Madesh,TBP Productions,09-06-2025,2025,6,Monday,15,8350,0,0,0,0,0,1.2724,0,0
980117,Puthiya Paarvai,"PUTHIYA PAARVAI is a story of a young doctor who has grown seeing the hardships faced by his widowed mother. When he has gone to see a bride for marriage, he proposes his desire which shocks the parents of both. Director - Samaya Murali T ""An ardent fan of thanthai Periyar , I wanted to convey the message of widow remarriage to the new generation with the aim to make them understand the feelings of widowed women and accept them with love to create a Better life for them""",89,,Unknown,Jaya Swaminathan,Unknown,20-01-2022,2022,1,Thursday,18,0,0,0,0,0,0,1.0552,0,0
1324888,Veerayi Makkal,"A once close family of three brothers and a sister face growing divides and tensions but ultimately reunites through forgiveness after a tragedy strikes, reaffirming the strength of familial bonds.",30,"Family, Drama",Nagaraj Karuppaiah,"Suresh Nandha, Vela Ramamoorthy, G. Marimuthu, Deepa Shankar, Rama",A White screen films,09-08-2024,2024,8,Friday,136,0,0,0,0,0,0,0.7288,0,0
980320,Pothanur Thabal Nilayam,"Praveen, an ambitious entrepreneur, is pushed to race against the clock and find the stolen money within the next 36 hours to save his father’s reputation and his family. Will the family survive this life-threatening situation?",36,"Thriller, Crime",Praveen,"Praveen, Anjali Rao, Venkat Sundar, Jagan Krishnan, Deena Angamuthu",Passion Studios,27-05-2022,2022,5,Friday,126,0,0,0,0,0,0,0.8481,6.5,2
364023,Pasanga 2,"The frustrated parents of two hyperactive kids realise the key to unlock their kids' potential lies in them accepting the kids' exuberant nature, thanks to an understanding doctor and his teacher wife.",32,"Comedy, Drama, Family",Pandiraj,"Nishesh, Vaishnavi , Aarush, Tejaswini, Munishkanth",Studio Green,24-12-2015,2015,12,Thursday,127,0,0,0,0,0,0,0.6687,7.104,24
1311073,Bloody Beggar,"A beggar's life takes an unexpected turn when a misadventure upends his daily routine. Can he navigate the bizarre, witty situations that follow?",23,"Comedy, Drama",Sivabalan Muthukumar,"Kavin Raj, Redin Kingsley, Maruthi Prakashraj, Sunil Sukhada, T.M. Karthik",Filament Pictures,31-10-2024,2024,10,Thursday,139,0,0,0,0,0,0,0.9241,6.2,10
1413739,Scene Number 62,,0,"Drama, Thriller",Adam Zamer,"Vasanth Benjamin, Amal Dev, Joys Elezaabeth, Gokila Gopal, Jyothish Jyo",Navamukunda Productions,25-10-2024,2024,10,Friday,126,0,0,0,0,0,0,0.8303,0,0
856007,Natchathiram Nagargiradhu,"Love and politics collide when modern day individuals working as theatre artists in fall in love while making a play about love. They realize that it's the social structure that determines their values and thoughts, and for their love to succeed, they have to go against it.",47,"Romance, Drama, Comedy",Pa. Ranjith,"Kalaiyarasan, Kalidas Jayaram, Dushara Vijayan, Hari Krishnan, Charles Vinoth",Neelam Productions,31-08-2022,2022,8,Wednesday,170,0,0,0,0,0,0,0.6902,6.9,9
391274,Iru Mugan,"A disgraced  RAW agent Akilan (Vikram) is recalled by the agency to track down a crazy scientist and a cross dresser Love (also Vikram), who has discovered a deadly new drug  ‘Speed inhaler’.",33,"Science Fiction, Action, Thriller, Mystery",Anand Shankar,"Vikram, Nayanthara, Nithya Menen, Nassar, Thambi Ramaiah",Thameens Films,08-09-2016,2016,9,Thursday,150,0,0,0,0,0,0,0.9466,5.3,38
505951,Kannum Kannum Kollaiyadithaal,Two wily online scammers mend their fraudulent ways after meeting the girls of their dreams — until a deceitful discovery throws their world for a loop.,26,"Romance, Comedy, Drama",Desingh Periyasamy,"Dulquer Salmaan, Ritu Varma, Rakshan, Niranjani Ahathian, Gautham Vasudev Menon",Anto Joseph Film Company,28-02-2020,2020,2,Friday,162,0,0,0,0,0,0,0.7749,6.768,82
1495069,A Feller and the Tree,A feller cuts down a forest until he arrives at the last tree standing. The tree confronts the feller.,19,,Kalainithan Kalaichelvan,,Black Caper Films,26-02-2021,2021,2,Friday,3,0,0,0,0,0,0,0.6987,0,0
273870,Uttama Villain,"Superstar Manoranjan learns that he has only a few days to live and approaches his mentor, director Margadarisi to direct his next project — a folklore-ish comedy about a man who keeps cheating death and his role in saving a kingdom. Meanwhile, he has to sort out his personal lives, which involves an estranged son and a daughter from the love of his life.",64,"Drama, Comedy",Ramesh Aravind,"Kamal Haasan, K. Balachander, K. Viswanath, Andrea Jeremiah, Jayaram",Eros International,01-05-2015,2015,5,Friday,173,0,0,0,0,0,0,0.7879,6.7,33
953052,Dejavu,A state DGP's daughter goes missing as predicted by a crime novelist in his story. An undercover cop comes in to unravel the mystery.,24,"Mystery, Thriller",Arvindh Srinivasan,"Arulnithi, Madhoo, Smruthi Venkat, Raghav Vijay, Chetan",White Carpet Films,21-07-2022,2022,7,Thursday,119,0,0,0,0,0,0,0.7716,6.5,8
1270750,Never Escape,"In This Hitech World, a Group of Colleagues Who Were Working in an It Field Set Off for a Saturday Night, but Later at Some Circumstances They All Ended Up in an Abandoned Theater  With a Manager Who Owns It, Before the Movie Starts One After the Other Their Colleagues Went Missing Then They Discover Something Wicked and They Got Trapped in the  Haunted Theatre. The Series of Horror, Death and Mystery Which Witnessed by Them in One Night Portrays the Movie Essence to the Audience.",86,Thriller,Dsri Aravind Deva Raj,"Robert, Adhi Prithvi, Harshini Harres Prabu, Kavi J Sundharam, Uvais Khan",Royal B Productions,20-04-2024,2024,4,Saturday,115,0,0,0,0,0,0,0.7436,0,0
606157,Raatchasi,The headmaster of a government school brings in several changes at her institution despite facing odds from various quarters.,19,"Thriller, Drama",Sy Gowtham Raj,"Jyothika, Hareesh Peradi, Poornima Bhagyaraj, Sathyan Sivakumar, Aruldoss",Dream Warrior Pictures,05-07-2019,2019,7,Friday,153,0,0,0,0,0,0,0.8751,6.4,15
1326926,Light House,"The Movie is a Crime Thriller for the Adage ""Revenge is a Dish That Tastes Best When Served Cold"". The Protagonist is a Man Seeking Vengeance For the Murder of His Lover in a Cold and Calculated Manner. It Depicts the Greed for Wealth and Carnal Urges Which Knows No Boundaries.",51,"Crime, Thriller",Sree Krishna,"Ananth Nag, Vidhya Pradeep, Thalaivasal Vijay, Vignesh, Bandhavi Sridhar",Phoenix International Films,09-08-2024,2024,8,Friday,0,0,0,0,0,0,0,0.7175,0,0
1209784,Striker,A para-psychology student Joshi and a Youtuber Priya tries to escape from the ghost of Rajendran by using a Ouija board.,21,"Horror, Thriller",S. A. Prabu,"Justin Vijay, Vidhya Pradeep, Kasturi Shankar, Robert, Abhinaya Sri",JSJ Cinemas,08-09-2023,2023,9,Friday,109,0,0,0,0,0,0,0.8964,9,1
858333,Udanpirappe,A woman hopes for the reunion of two families caught in the ideological battle between her righteous but hot-headed brother and her law-abiding husband.,24,"Family, Drama",Era. Saravanan,"Jyothika, M. Sasikumar, Samuthirakani, Kalaiyarasan, Soori",2D Entertainment,13-10-2021,2021,10,Wednesday,137,0,0,0,0,0,0,0.8687,5,1
1560204,Kambi Katna Kathai,"What happens when a smooth-talking thief decides to upgrade his hustle?  He cons his way to divinity! This hilarious satire follows a lovable rogue who scams his way through society, faces wild challenges, and somehow ends up a revered godman with his own private island. Welcome to a world where faith meets fraud—loudly and comically!",55,Comedy,Rajanadhan Periyasamy,"Natarajan Subramaniam, Mukesh Ravi, Singampuli, Aarthi Shalini, Sreerranjini",Mangatha Movies Pvt Ltd,17-10-2025,2025,10,Friday,0,0,0,0,0,0,0,0.8236,0,0
408209,Onbathilirundhu Pathu Varai,"Vijay Shanmugavel Ayyanar Directorial, Kathir Starring Onbathilirundhu Pathu Varai is Gearing Up For July 1st.",15,,Vijay Shanmugavel Ayyanar,"Swapna Menon, Livingston, Saravana Subbiah",Unknown,01-07-2016,2016,7,Friday,0,0,0,0,0,0,0,0.6952,0,0
1233332,Madraskaaran,"A minor argument between two strangers escalates into a life-altering conflict, exploring how a seemingly insignificant event can drastically alter a person's perception and circumstances.",25,"Action, Thriller",Vaali Mohan Das,"Shane Nigam, Kalaiyarasan, Niharika Konidela, Aishwarya Dutta, Karunas",SR Productions,10-01-2025,2025,1,Friday,121,0,0,0,0,0,0,0.8026,0,0
1434102,Heartin,Fate tosses a couple into an unexpected situation with an ex-girlfriend in the mix.,14,"Comedy, Romance, Drama",Kishore kumar,"Madonna Sebastian, Sananth, Emaya T, Whatsapp Mani, Debnita Kar",Trident Arts,26-06-2026,2026,6,Friday,119,0,0,0,0,0,0,0.9966,6,1
1061597,Run Baby Run,A bank employee encounters a stranger girl inside his car on his way home from work. Little did he know the girl's presence would put his life in trouble.,29,"Thriller, Action",Jiyen Krishnakumar,"RJ Balaji, Aishwarya Rajesh, Vivek Prasanna, Smruthi Venkat, Radhika Sarathkumar",Prince Pictures,03-02-2023,2023,2,Friday,131,0,0,0,0,0,0,0.7443,6,10
66213,Iruttu Araiyil Murattu Kuthu,A sexually-starved spirit traps two couples in a bungalow in Bangkok where they have planned to stay for a week. The spirit wants one of the two men to have sex with her. Can they manage to escape?,38,"Comedy, Horror",Santhosh P. Jayakumar,"Gautham Ram Karthik, Vaibhavi Shandilya, Yashika Anand, Chandrika Ravi, Shah Ra",Studio Green,04-05-2018,2018,5,Friday,118,0,0,0,0,0,0,0.8643,4.393,14
1106500,Racer,"Ashwin, A middle-class youngster who is passionate about bikes tries to pursue professional racing against all odds and challenges.",19,"Action, Drama",Satz Rex,"Akil Santhosh, Lavanya Anbazhagan, Arumugam Bala, Subramanian Madhavan",Hustlers Entertainment,07-04-2023,2023,4,Friday,122,0,0,0,0,0,0,0.941,0,0
462530,Yendha Nerathilum,A man brings his new fiance home to meet his family.,11,"Romance, Horror, Thriller",R Muthu Kumar,"Ramakrishnan, Yashmith, Leema Babu, Sandra Amy, Singampuli",Anjali Entertainment,07-07-2017,2017,7,Friday,112,0,0,0,0,0,0,0.7538,6.7,11
408743,Kidaari,A bigwig in a village in found lying in a pool of blood. Can his Man Friday find out who among his numerous enemies committed the crime?,27,"Romance, Action",Prasath Murugesan,"M. Sasikumar, Nikhila Vimal, Vela Ramamoorthy, Napoleon, Vasumithra",Company Productions,01-09-2016,2016,9,Thursday,139,0,0,0,0,0,0,0.7351,4.8,5
764179,Eeswaran,A close-knit family begins to come apart at the seams due to an astrologer's predictions of an imminent tragedy.,19,"Action, Family, Romance",Suseenthiran,"Silambarasan, Bharathiraja, Nidhhi Agerwal, Nandita Swetha, Balasaravanan",Madhav Media Entertainments,15-01-2021,2021,1,Friday,125,0,0,0,0,0,0,0.684,4.1,8
1527473,Paper Rowdy,"Two friends chasing gangster dreams get entangled in a deadly mix-up over a suitcase, only to face an unexpected twist.",20,"Crime, Drama",Sujay Vijayakumar,"S Vetri, A. Adhiyaman, Thivakar",Fubar Films,05-08-2025,2025,8,Tuesday,6,8350,0,0,0,0,0,1.0995,0,0
1169814,Pulikodi Devan,"A casteist father kills his daughter, as she fell in love with a low caste boy. The lover, who finds out that his lady love is dead, becomes mentally ill. Similarly, a high caste biggie’s sister falls for a low caste boy. The casteist brother doesn’t want their relationship to continue.",51,,SP Raaj Prabhu,"Michael Sasikumar, Guna, Krithika, Amala Maria",Unknown,07-02-2020,2020,2,Friday,0,0,0,0,0,0,0,0.7075,0,0
1133140,Sara,"Sara, a psychology student and the daughter of a former exorcist, takes up a job as a nanny. But what happens when her new job leads her to horrifying situations?",30,"Horror, Thriller",Shalini Balasundaram,"Shalini Balasundaram, Vemanna Appannah, Krithigah Nair, Devyanaa Hasan, Phoenix Dassan",Astro,14-04-2021,2021,4,Wednesday,117,0,0,0,0,0,0,1.1248,8,1
330415,Idhu Enna Maayam,Arun past catches up with his present when he and his friends start a company to bring together those in love by setting them up in pre-planned scenes. What happens when he is forced to set up his true love to fall for another guy?,45,"Comedy, Romance, Drama",A. L. Vijay,"Vikram Prabhu, Keerthy Suresh, Kavya Shetty, Ambika, Navdeep",Magic Frames,31-07-2015,2015,7,Friday,139,0,0,0,0,0,0,0.9175,5.4,7
764245,Naanga Romba Busy,"An honest policeman, a con man, and a hopeless romantic form an unusual team during the days of demonetization to pull off a scam that quickly goes haywire.",28,"Comedy, Drama",Badri,"Yogi Babu, Rittika Sen, Prasanna, Rajendran, Shaam",Unknown,14-11-2020,2020,11,Saturday,150,0,0,0,0,0,0,0.7231,4.3,3
599418,Devarattam,A lawyer ends up killing the son of a gangster and the latter swears revenge.,15,"Action, Drama",M. Muthaiah,"Gautham Ram Karthik, Manjima Mohan, Soori, Bose Venkat, Vinodhini Vaidyanathan",Studio Green,01-05-2019,2019,5,Wednesday,130,0,0,0,0,0,0,0.726,2.8,5
642741,En Kadhali Scene Podura,En Kadhali Scene Podura is a Tamil movie starring Mahesh Kumar and Shalu Chourasiya in prominent roles. It is a drama romantic directed by Ram Sevaa.,26,Drama,Ram Sevva,"Mahesh Kumar, Shalu Chourasiya, Manobala",Unknown,13-09-2019,2019,9,Friday,144,0,0,0,0,0,0,0.6627,0,0
1429902,Beach,"Karthick, an orphan raised by a church father, lives in a ladies' hostel under his guardian’s care and works as a bank executive. Amrita, raised by her handicapped brother, struggles with her family’s past debt while working as a salesgirl in Chennai.  A misunderstanding brings Karthick and Amrita together, leading to a blossoming romance. As Amrita gradually overcomes her fears and confesses her love, their lives take a dark turn. A gang of ruthless teenagers lurking on the beach targets them, attacking Karthick and abducting Amrita.  Can Karthick save Amrita? What unfolds next is a gripping tale of survival, courage, and fate.",102,"Action, Thriller",R. Panneerselvam,"Arun Panneerselvam, Deepshika Umapathy, Remoo Shiva, Shuba Devaraj, KPY Thidiyan",V. M. Productions,01-05-2025,2025,5,Thursday,130,38146975,0,3.81,0,0,0,1.1156,0,0
330417,Achcham Yenbadhu Madamaiyada,A youngster goes on a road trip with the girl of his dreams and but an accident leads things to spiraling out of control.,24,"Action, Romance",Gautham Vasudev Menon,"Silambarasan, Manjima Mohan, Sathish Krishnan, Baba Sehgal, Daniel Balaji",Ondraga Entertainment,10-11-2016,2016,11,Thursday,135,0,0,0,0,0,0,0.667,5.053,19
1004554,Kalaga Thalaivan,A corporate behemoth hires a ruthless hit man to find out the identity of a whistleblower in the organization. Who wins in the end - the hunter or the hunted?,30,"Thriller, Action",Magizh Thirumeni,"Udhayanidhi Stalin, Aarav Kizar, Kalaiyarasan, Nidhhi Agerwal, Angana Roy",Red Giant Movies,18-11-2022,2022,11,Friday,142,0,0,0,0,0,0,1.0095,5.7,14
369834,Sethupathi,"Sethupathi, an inspector, investigates the murder of a cop and finds that Vaathiyar, a big shot, is responsible for the killing. He arrests Vaathiyar, but an unfortunate incident that has a connection to the case he is investigating, puts his career in jeopardy.",43,"Action, Thriller",S. U. Arunkumar,"Vijay Sethupathi, Remya Nambeesan, Vela Ramamoorthy, Linga, Raaghavan Murugan",Orange Creations,18-02-2016,2016,2,Thursday,121,0,0,0,0,0,0,0.738,6.371,35
586893,Kolaigaran,A man is found to be murdered and the investigating officer believes that he was killed by a young woman and her mother. But their neighbour claims that he is the murderer! Who is lying?,35,"Action, Thriller, Crime, Drama",Andrew Louis,"Vijay Antony, Arjun Sarja, Ashima Narwal, Seetha, Nassar",Diya Movies,05-06-2019,2019,6,Wednesday,110,0,0,0,0,0,0,0.8002,6.3,16
1122356,DeAr,A newly married couple faces challenges when the wife's snoring interrupts the husband's sleep. Their struggles depict the compromises needed for a lasting marriage.,24,"Comedy, Romance",Anand Ravichandran,"G. V. Prakash Kumar, Aishwarya Rajesh, Kaali Venkat, Rohini, Ilavarasu",Nutmeg Productions,11-04-2024,2024,4,Thursday,134,0,0,0,0,0,0,0.6628,6.3,6
1503015,Charukesi,"A Carnatic musician with Alzheimer's grapples with his prodigal son's lifestyle choices, exploring the intersection of music, memory, and family relationships.",21,"Drama, Music",Suresh Krissna,"Y. G. Mahendran, Suhasini Maniratnam, Sathyaraj, Samuthirakani, Thalaivasal Vijay",Arun Visualz Productions,12-06-2026,2026,6,Friday,129,0,0,0,0,0,0,0.6979,0,0
449742,Kavan,"A budding journalist passionate about ethical, noble, hard-hitting journalism understands the more flourishing ghetto of sensationalism &amp; news fabrication that the Entertainment TV Channel he belongs to, thrives on. When caught in a dilemma of whether to hold for a while or rise in protest, a situation forces him to make a decision that puts him out of work but… there begins his work.",64,"Thriller, Drama",K. V. Anand,"Vijay Sethupathi, Madonna Sebastian, T. Rajendar, Vikranth, Pandiarajan",AGS Entertainment,31-03-2017,2017,3,Friday,160,0,0,0,0,0,0,0.7398,7.134,41
1319597,Amigo,"A Seemingly Video Call Between a Group of Close Media Professional Friends Takes a Horrifying Turn When a Stranger Infiltrates Their Session. This Mysterious Figure Holds a Dark Secret About Them, Plunging the Group Into a High-stakes Game With Deadly Consequences.  the Line Between Their Online World and Reality Blurs, Can They Escape the Trap and Survive?",57,"Fantasy, Horror, Thriller",Praveen Kumar B,"Arjun Somayajula, Chandhini Tamilarasan, Suvitha Rajendran, Praveen Elangho, Vatsan Chakravarthi",Pratyagara Motion Pictures,23-08-2024,2024,8,Friday,96,0,0,0,0,0,0,0.8873,0,0
553889,Airaa,A young woman encounters a supernatural presence in her grandmother's home.,11,"Drama, Horror",K. M. Sarjun,"Nayanthara, Kalaiyarasan, Yogi Babu, Jayaprakash, Baby Saanvitha",Trident Arts,28-03-2019,2019,3,Thursday,142,0,0,0,0,0,0,0.8626,4.929,14
493103,Kalakalappu 2,"An ex-minister tries to get back a laptop containing the details about his corrupt wealth , but his auditor blackmails him for money. Meanwhile, three young men, with their own problems, get involved in this.",35,"Action, Comedy",Sundar C,"Jiiva, Jai Sampath, Shiva, Nikki Galrani, Catherine Tresa",Avni Movies,09-02-2018,2018,2,Friday,154,0,0,0,0,0,0,0.7612,4.4,15
1237579,Chiclets,"Three young girls and boys, who were both beautiful and good friends, were entering adolescence and becoming curious about their sexual desires. They decided to go on a date to explore these desires and put what they had learned into practice. They planned to have their first sexual experience at a party on a Saturday night, but were unsure if this was the right decision. When their parents found out about their plans, they intervened to stop their children fromm making a mistake and help guide them on their journey. The lack of information about the location, travel, and the impact on the daughters raises questions about the parents' efforts and the children's desires. The screenplay is captivating but fails to effectively convey the emotions involved in the children's struggle between their parents' love.",134,Drama,Muthu.M,"Sathvik Varma, Jack Robinson, Nayan Karishma, Surekha Vani, Sriman",SSB Films,02-02-2024,2024,2,Friday,0,0,0,0,0,0,0,0.8754,0,0
1213044,Theedhum Soodhum Endhan Mugavari,Shiva Loving Jessy Sincerely. But Jessy’s Father Lawrence Wants to Separate Shiva and Jessy With His Power and Influence. Shiva Plan to Get Money From Lawrence. He Joins Hands With Umar (a Rude Criminal). Umar Had a Plan to Take the Money From Shiva. In Between Them Jessy Becomes a Doll. Shiva’s Plan Has Been Collapsed Because of Police and Umar. What Happened to Jessy. How Shiva Survived From Umar and Lawrence Will Be the Story Line.,77,"Crime, Thriller",Ghitha Mohhan,"Sreekumar Jay, Angana Arya, Avinash, Srinivasan lokanayakalu, Baby Thakshika",Jayanthi Productions [in],15-12-2023,2023,12,Friday,0,0,0,0,0,0,0,0.8338,0,0
1233647,Vivesini,"A girl enters a haunted forest to disprove superstitions. Strange events make her doubt her beliefs. She investigates the mysteries with friends and a spirit, unintentionally causing social change.",29,,Unknown,"Nassar, Vanessa Stevenson, Mekha Rajan, Vishal Rajan, Suresh Chakravarthy",Unknown,01-11-2023,2023,11,Wednesday,134,0,0,0,0,0,0,0.911,0,0
1063157,Kida,"A grandfather decides to sell a goat to generate some money to buy a new dress that his grandson wants for Deepavali. But the goat goes missing, dashing not just his hopes but those of a few others in the village.",41,"Drama, Family",Ra Venkat,"Kaali Venkat, 'Poo' Ram, Paandiyamma, Vijaya, Deepan",Sri Sravanthi Movies,11-11-2023,2023,11,Saturday,122,0,0,0,0,0,0,0.8759,0,0
413036,Sei,A wannabe actor lands himself in trouble when he disguises as an ambulance driver to help his bed-ridden father,19,"Drama, Romance, Thriller",Raj Babu,"Nakul, Aanchal Munjal, Prakash Raj, Nassar, Chandrika Ravi",Trippy Turtle Productions,23-11-2018,2018,11,Friday,128,0,0,0,0,0,0,0.7275,4.3,3
1043311,Mission: Chapter 1,Follows a father fighting against odds in a bid to save his daughter who seems to be in trouble.,19,"Thriller, Action",A. L. Vijay,"Arun Vijay, Amy Jackson, Nimisha Sajayan, Abi Hassan, Bharath Bopanna",Unknown,12-01-2024,2024,1,Friday,144,0,0,0,0,0,0,0.7146,7,5
280049,Saahasam,"Ravi becomes the target of Bittu, a criminal, after he helps cops catch the latter committing robbery at a bank. And so begins a game of smarts between the two, and Ravi has to win it so that he and his family can stay alive.",45,"Comedy, Romance, Action",Arun Raj Varma,"Prashanth, Sonu Sood, Nassar, Tulasi, John Vijay",Staar Movies,05-02-2016,2016,2,Friday,134,0,0,0,0,0,0,0.6554,5.7,3
1270243,Dhillu Irundha Poradu,Dhillu Irundha Poradu revolves around an educated but not serious young man and his journey of transformation towards becoming a responsible individual. It explores the positive contributions he makes to society.,31,Drama,S. K. Muralidharan,"Karthik Doss, Anu Krishna, Vanitha Vijayakumar, Manobala, Yogi Babu",Unknown,06-10-2023,2023,10,Friday,157,0,0,0,0,0,0,0.811,0,0
433676,Meow,"Four friends who live in an apartment get gruesomely murdered one after the other by an unknown power, which leads to an insecurity among the residents there.",27,"Drama, Horror",Chinaas Palanisamy,"Saigopi, Yuvina Parthavi, Gayathri Iyer",Global Woods Movies,30-12-2016,2016,12,Friday,90,0,0,0,0,0,0,0.745,5.5,2
752936,800,Muttiah Muralitharan's inspirational journey shedding light on the challenges and triumphs that defined his illustrious cricket career is brought together here.,21,Drama,M. S. Sripathy,"Madhur Mittal, Nassar, Mahima Nambiar, King Ratnam, Hari Krishnan",Movie Train Motion Pictures,06-10-2023,2023,10,Friday,158,350700000,0,35.07,0,0,0,0.7284,6.556,9
454998,Thondan,"A righteous ambulance driver rubs a politician on the wrong side, and the latter decides to teach him a lesson.",20,"Drama, Crime",Samuthirakani,"Samuthirakani, Vikranth, Sunaina, Ganja Karuppu, Namo Narayana",Vasundara Devi Cine Films,26-05-2017,2017,5,Friday,138,0,0,0,0,0,0,0.7666,6,5
320910,Naanum Rowdydhaan,"Pandian, the son of a cop and a wannabe rowdy, falls in love with Kadambarai, a hearing-impaired girl, who wants him to take on Killivalavan, a gangster-politician who has murdered her parents.",32,"Action, Comedy, Drama, Romance",Vignesh Shivan,"Vijay Sethupathi, Nayanthara, RJ Balaji, R. Parthiban, Radhika Sarathkumar",Lyca Productions,21-10-2015,2015,10,Wednesday,140,0,0,0,0,0,0,1.0645,6.382,51
1127439,Maruthi Nagar Police Station,A group of four youngsters band together to eliminate a police officer and a notorious gangster who are responsible for the death of their friend. But they are left baffled when someone else does the job for them.,38,"Crime, Action, Thriller",Dayal Padmanabhan,"Varalaxmi Sarathkumar, Aarav Kizar, Santhosh Prathap, Mahat Raghavendra, Subramaniam Siva",D Pictures,19-05-2023,2023,5,Friday,117,0,0,0,0,0,0,0.6605,4.5,2
875556,Aneethi,"A food delivery guy with a medical condition falls in love with Subbu, a housekeeper, whom he believes to be his world. However, trouble begins, when both get entangled in a case involving the death of an elderly woman.",39,"Thriller, Drama",Vasanthabalan,"Arjun Das, Dushara Vijayan, Arjun Chidambaram, Vanitha Vijayakumar, Bharani",Urban Boyz Studios,21-07-2023,2023,7,Friday,143,0,0,0,0,0,0,0.7473,5.5,4
866313,Koogle Kuttappa,"A curmudgeonly, very conservative old man gets a robot as a caretaker and becomes very attached to it. Can his robotic engineer son make him realise the danger posed by the machine before it is too late?",37,"Comedy, Drama, Science Fiction",Sabari,"K. S. Ravikumar, Tharshan Thiyagarajah, Losliya Mariyanesan, Yogi Babu, Manobala",R. K. Celluloids,06-05-2022,2022,5,Friday,131,0,0,0,0,0,0,0.6579,5.7,3
408921,Bogan,A criminal swaps his body with that of the cop who is hunting him.​,14,"Action, Crime",Lakshman,"Ravi Mohan, Arvind Swamy, Hansika Motwani, Akshara Gowda, Nagendra Prasad",Prabhu Deva Studios,02-02-2017,2017,2,Thursday,148,0,0,0,0,0,0,0.7073,6.3,28
590548,Natpe Thunai,"Prabakaran, an international hockey player who choose to leave the sport picks it up again only to save the ground of a local team.",24,Drama,Parthiban Desingu,"HipHop Tamizha Adhi, Anagha, Karu Pazhaniappan, Vigneshkanth, Harish Uthaman",Avni Movies,04-04-2019,2019,4,Thursday,156,0,0,0,0,0,0,0.652,5.5,14
1190368,Paakanum Pola Irukku,,0,"Comedy, Romance",S. P. Rajkumar,"Ansiba Hassan, Ganja Karuppu, Soori, Pandi, Jayaprakash",Unknown,21-07-2017,2017,7,Friday,0,0,0,0,0,0,0,0.6411,0,0
1020354,Viduthalai: Part II,"Troubles worsen for Kumaresan after the capture of Perumal, and soon he is confronted with having to make a choice between performing his duties as a police constable, or taking a stand for what is right.",36,"Action, Thriller, Drama",Vetrimaaran,"Vijay Sethupathi, Soori, Manju Warrier, Kishore, Bhavani Sre",R S Infotainment,20-12-2024,2024,12,Friday,172,542750000,0,54.27,0,0,0,0.8183,6.857,21
1358920,Dopamine @ 2.22,In this not so pragmatic society an unreasonable and unrealistic environment leads to a murder at time 2:22 in an apartment where seven different people with different lifestyle and addictions synchronously meet at a murder at 2:22.,37,"Thriller, Crime, Drama",Dhirav,"Dhirav, Nikhila Sankar, Vijaya Lakshmi, Vibitha Thekkepat, Vijay Duke",Hashtag FDFS Productions,20-09-2024,2024,9,Friday,91,0,0,0,0,0,0,0.8989,0,0
942386,The Smile Man,A police officer who is diagnosed with Alzheimer's disease must solve one last case before he loses all his memories. He must run against time to catch the notorious serial killer who he believes has a mysterious role in his own personal life.,43,"Crime, Mystery, Thriller, Drama",Syam Murali M,"R. Sarathkumar, Sija Rose, Iniya, SriKumar, George Mariyan",Unknown,27-12-2024,2024,12,Friday,121,0,0,0,0,0,0,0.701,0,0
415669,Adhe Kangal,"The journey of a blind chef through a newfound love, a retrieved vision and an invigorating journey of twists, turns and answers along the way.",25,"Romance, Thriller",Rohin Venkatesan,"Kalaiyarasan, Janani Iyer, Sshivada, Balasaravanan, Aravindraj R",Thirukumaran Entertainment,26-01-2017,2017,1,Thursday,120,0,0,0,0,0,0,0.6936,7,13
1329084,Narkarappor,"Based on the game of Chess that delves into the conflicts and confrontations of people between the rich and poor class and high and low strata of society. How does an ordinary boy, from the community of sanitation workers, become a grandmaster?",42,Drama,Shree Vetri,"Lingesh, Abarnathi, Suresh Chandra Menon, Master Ashwin",V6 Media Studio,23-08-2024,2024,8,Friday,131,167000000,0,16.7,0,0,0,0.7317,0,0
412102,Nenjam Marappathillai,A god-fearing young woman who takes up the job of a caretaker in a rich household tries to take revenge on her lustful employer.,24,"Thriller, Horror",Selvaraghavan,"S. J. Suryah, Regena Cassandrra, Nandita Swetha, Arvind Krishna",Escape Artists Motion Pictures,05-03-2021,2021,3,Friday,142,0,0,0,0,0,0,0.7161,6.1,18
1393301,Thirumbipaar,"In this unique crime thriller inspired by the ""Shadow Walk"" war tactic, sound designer Karthik`s extraordinary hearing ability leads him to uncover dark secrets about Ashok Selvan, a psychotic businessman connected to murders and a missing teenager. As Inspector Kathirvel investigates, shocking revelations about Karthik, Janani, and their intertwined fates emerge in this gripping tale of mystery and suspense.",59,"Crime, Thriller",E. Ibrahim,"Rishi Rithvik, Vidhya Pradeep, Nanjil Sampath, Daniel Annie Pope, Giri babu",Pavi Vidyalakshmi Productions,29-11-2024,2024,11,Friday,0,0,0,0,0,0,0,0.7007,0,0
1169834,Alti,"Alti is a Tamil movie directed by MJ Hussain and featured Anbu Mayilsamy, Manisha Jith, Sendrayan and Pasanga Sivakumar as lead characters.",22,,M. J. Hussain,"Manisha Jith, Robert, Sentrayan",Unknown,13-03-2020,2020,3,Friday,0,0,0,0,0,0,0,0.7342,0,0
1536654,Pei Kathai,"A gang of friends from the Chennai area want to find a ground to practice and play cricket as their regularly playing ground has some issues, hence plans to go to a prohibited factory ground to play. An unfortunate situation arises and where they get trapped inside a prohibited VR Research factory where there are rumors and talk that this place is haunted with Evil and spirits. What happens next is the film.Pei Kathai is a different dimension of ghost storytelling experience to the audience. A first attempt of Unreal Engine Animation plot segmented in the film in form of Virtual Reality Experience.Film Engage audience from the Hero perspective point with lots of suspense and thriller elements overflowed with humor and dark comedy. This film is appropriate to watch by any segment of audience and it’s a complete family entertainer.",140,"Thriller, Comedy",Jean Moses,"P. Vinoth, Elizabeth Suraj, Gana Apelow, Suganya Shanmugam, Ash Melo Skylar",Jerry’s Journey International Production House,29-08-2025,2025,8,Friday,0,0,0,0,0,0,0,0.678,0,0
759216,Andhaghaaram,"As a blind librarian, dispirited cricketer and desolate psychiatrist each seek retribution and release, their lives overlap under eerie influences.",20,Thriller,V. Vignarajan,"Arjun Das, Vinoth Kishan, Pooja Ramachandran, Misha Ghoshal, Jeeva Ravi",O2 Pictures,24-11-2020,2020,11,Tuesday,171,0,0,0,0,0,0,0.7984,7.286,28
968070,Kick,"A young advertisement director, who conducts business with models and entertainers, suddenly has the chance to take over the global corporation by masquerading as the fake son of a CEO. While being chased by investors who lost money because of his enterprise, he falls in love.",46,"Romance, Action, Comedy",Prashanth Raj,"Santhanam, Tanya Hope, Ragini Dwivedi, K. Bhagyaraj, Senthil",Fortune Films,01-09-2023,2023,9,Friday,121,0,0,0,0,0,0,0.9105,4.5,2
1569004,AlExperience,"ALEXPERIENCE is the much-anticipated second live musical stand-up special from Alex, following the widely acclaimed Alex in Wonderland (Amazon Prime, 2019).  In this new outing, Alex deepens his craft with grace and purpose — blending humour, music, and heartfelt storytelling. This one focuses on intricacies of one specific 80's Tamil song. He reflects on socially and spiritually relevant themes while celebrating his enduring love for Tamil, music, and life itself.  Performed to over 100,000 audience members worldwide between 2022 and 2024, the live runs of Alexperience often extended close to four hours, thanks to the organic and interactive energy between Alex and his audiences.  The final recorded show ran over three hours and was edited to just under three hours.  Alexperience premieres exclusively on Alex’s own streaming platform, Anba TV, on September 5. Each show is available through a one-time purchase with lifetime access.",144,"Comedy, Music",Srinivasan Venkatesh,Alexander Babu,Unknown,27-08-2025,2025,8,Wednesday,0,0,0,0,0,0,0,0.6676,0,0
1369654,Angammal,"In a remote, rustic mid-90s village in Tamil Nadu, An elderly widow fights to save her sense of individuality when her younger son demands that she wear a blouse to impress his prospective in-laws.",34,Drama,Vipin Radhakrishnan,"Geetha Kailasam, Saran Shakthi, Bharani, Ashand Raju, Thendral Raghunathan",Njoy Films,05-12-2025,2025,12,Friday,117,0,0,0,0,0,0,0.7426,0,0
1288187,Kayalin Osai,"It doesn't matter whom you vote for, what matters is that you Vote.",13,,Shriviyas,,Adopted Superhero,09-05-2024,2024,5,Thursday,1,0,0,0,0,0,0,0.6755,10,1
1509350,Yaadhum Ariyaan,"Two close friends, along with their girlfriends, venture deep into a dense forest for a getaway. They spend the night in an isolated forest bungalow. As the night unfolds, one of the girlfriends dies under mysterious circumstances while alone with her boyfriend. Panic and confusion grip the group no one knows how or why she died. with the body still with them and no one to turn to, fear begins to take over. One by one, they make decisions to cover up the incident choices that spiral into something far more terrifying than they ever imagined.",96,Thriller,M. Gopi,"V Dinesh, Appukutty, Thambi Ramaiah, Brana, Anand Pandi",Breaking Point Pictures [in],18-07-2025,2025,7,Friday,0,0,0,0,0,0,0,0.8725,3,1
536454,Vasantha Villas 10:45PM,"Wanting to acquire wealth, four youngsters get themselves involved in various criminal activities. However, only money earned through the right path can be retained and these young people are about to learn this the hard way.",36,"Action, Comedy",Unknown,"Jeeva, Vadivukarasi, Ben G, Sangetha, Saminathan",DCinema Sdn Bhd,05-10-2017,2017,10,Thursday,117,0,0,0,0,0,0,0.9541,0,0
807606,Pizza 3: The Mummy,"A restaurant owner experiences mysterious activities in his kitchen, only to discover a connection with the ghost haunting his place.",20,"Horror, Thriller",Mohan Govind,"Ashwin Kakumanu, Pavithrah Marimuthu, Abi Nakshathra, Anupama Kumar, Gaurav Narayanan",Thirukumaran Entertainment,28-07-2023,2023,7,Friday,141,0,0,0,0,0,0,0.826,4.4,7
1355466,Dhonima,"Dhanam, a middle aged house maid, finds a puppy on her way back from work. She decides to keep the puppy as a companion for her son Dravid, an eight year old child who suffers from partial deafness. Dhanam is working hard to do surgery for Dravid’s illness. Dhanam’s husband Kotti is a construction worker and a drunkard never bothers about the family well-being. So how the dog’s presence in their life makes life changing moments is the crux of the film",82,Drama,Jagadeesan Subu,"Kaali Venkat, Roshini Prakash, Vishav Raj, Vivek Prasanna, Kannan Ponnaiah",SSBV Learn and Teach Production Private Limite,20-09-2024,2024,9,Friday,0,0,0,0,0,0,0,0.7943,0,0
1147783,Infinity,"A series of murders happens in the city, involving a writer, a policeman, and a missing young woman, complicate things for the police department. A CBI officer takes up the case, hardly realising that he's about to unravel something more than he expected.",43,"Crime, Thriller",Sai Karthik Sundaram,"Natarajan Subramaniam, Vidhya Pradeep, Munishkanth, Charles Vinoth, Tha. Muruganantham",Menpani Production,07-07-2023,2023,7,Friday,112,0,0,0,0,0,0,0.5908,8,1
926172,Varalaru Mukkiyam,"Karthik is an aspiring YouTuber, who wants to be famous and his friend Adaikalam aspires to be a politician. Karthik falls in love with Yamuna, his new Malayali neighbour but Jamuna, sister of his love interest falls in love with Karthik.",41,"Romance, Comedy",Santhosh Rajan,"Jiiva, Kashmira Pardesi, Pragya Nagra, VTV Ganesh, K. S. Ravikumar",Super Good Films,09-12-2022,2022,12,Friday,155,0,0,0,0,0,0,0.6213,5.333,3
785988,Mughizh,"A girl who is scared of dogs gets a puppy, which helps her overcome her fear, and teaches her about life and loss.",23,Drama,Karthik Swaminathan,"Vijay Sethupathi, Regena Cassandrra, Shreeja Vijay Sethupathi, Maya Cassandra, Maruthupandian",Vijay Sethupathi Productions,08-10-2021,2021,10,Friday,62,0,0,0,0,0,0,0.7537,3.5,2
587204,IPC 376,"A Lady cop is dealing with the mysterious disappearances of girls and burning issue , rapes.",16,"Horror, Drama",Ramkumar Subbaraman,"Nandita Swetha, G. Marimuthu, Madhusudhan Rao, Super Subbarayan, Mahanadhi Shankar",Power King Studio,28-10-2021,2021,10,Thursday,125,0,0,0,0,0,0,0.6282,5,4
410480,Kaththi Sandai,"A furious youngster takes on a politician, a police officer and a criminal owing to the injustice meted out to his kith and kin",24,"Action, Romance",Suraj,"Vishal Krishna, Tamannaah Bhatia, Jagapati Babu, Vadivelu, Soori",Madras Enterprises,23-12-2016,2016,12,Friday,149,0,0,0,0,0,0,0.7493,3.2,10
280877,Bhooloham,A greedy TV channel owner tries to rake in the moolah by pitting a reluctant local boxer against a notorious international champion.,22,"Action, Romance",N. Kalyanakrishnan,"Ravi Mohan, Trisha Krishnan, Prakash Raj, Narayan Lucky, Nathan Jones",Aascar Films,24-12-2015,2015,12,Thursday,143,0,0,0,0,0,0,0.8532,5.9,17
1461360,Yosi,"A stressed medical student Madhuvan, overwhelmed by entrance exam pressure, attempts suicide but survives. Lost in a dense forest, he must battle nature and his inner demons to find his way back.",32,,Stephen M Joseph,"Abhay Sankar, Archana Gautam, Kalaranjini",Unknown,31-10-2023,2023,10,Tuesday,0,0,0,0,0,0,0,0.6419,0,0
718814,Chakra,An army man takes over his cop girlfriend's investigation of a multiple robberies committed by the same team to recover his late father's Paramvir Chakra medal.,26,Action,M. S. Anandan,"Vishal Krishna, Shraddha Srinath, Regena Cassandrra, Nassar, Srushti Dange",Vishal Film Factory,19-02-2021,2021,2,Friday,131,0,0,0,0,0,0,0.6713,6.2,10
586095,Baaram,"Karuppaswamy, a widowed night watchman, lives in a small town in Tamil Nadu with his sister and three nephews. While returning from his shift one morning, he breaks his hip in an accident. Though his nephews want him to be treated in town, his son Senthil takes him to their ancestral village to be healed by a traditional healer. After a few days, Karuppaswamy dies. At the funeral, one of his nephews hears something that makes their blood run cold...",80,Drama,Priya Krishnaswamy,"Raju, Sugumar Shanmugam, Supa Muthukumar, Jayalakshmi",Reckless Roses,22-11-2018,2018,11,Thursday,91,0,0,0,0,0,0,0.9774,6.8,4
1498518,Anugrahan,"An 11-year-old boy, who loves his father more than anything learns that his father had a tough childhood, miraculously gets a chance to travel to past and tries to make his father's childhood happy.",34,"Drama, Fantasy, Science Fiction",Sundar Krish,"S. VijayKrishna, Murali Radhakrishnan, Sonu Gowda, Deepa Umapathy, Raaghavan Murugan",Unknown,04-07-2025,2025,7,Friday,123,0,0,0,0,0,0,0.9639,0,0
1340950,Blue,"A young boy convinces a fisherman to take him to the sea. Once into the sea, the boy discloses his true plan, driving the fisherman into anger, wondering whether the boy had succeeded in carrying out his plan or not.",40,"Drama, Adventure",Praveen kumar Nagendran,"Palani Murugan, Hemanathan",Unknown,05-12-2024,2024,12,Thursday,11,19205,0,0,0,0,0,0.8123,0,0
921682,Velan,"A carefree young man agrees to marry a girl not realising that a mix-up has taken place and she isn't the one who he is wooing. He teams up with the guy who loves the girl and tries to set things right, but can he do so without embarrassing his father?",51,"Action, Drama, Romance, Comedy",Kavin,"Mugen Rao, Meenakshi Govindarajan, Prabhu, Soori, Prankster Rahul",Skyman Films International,31-12-2021,2021,12,Friday,133,0,0,0,0,0,0,0.7541,7.5,3
1595756,Poonga,Poonga is a Tamil movie written and directed by KP Tanasekar.,11,Drama,KP. Tanasekar,"Kaushick, Aara, Sasi Dhaya, Brana, Smule Raja",Azhagu Movie Makers,21-11-2025,2025,11,Friday,0,0,0,0,0,0,0,0.7687,0,0
1164853,Angaaragan,This film is about mysterious events that unfold in a forest resort during a twelve-hour investigation in a non-linear play. The story revolves around a police officer who makes an unexpected visit to the resort. The investigation also opens up multiple hidden secrets of paranormal activities related to a late-Queen who was the first owner of this estate in which the resort is located. The investigation leads to invoking of further issues in the resort and what happens next is how the play is designed in the film,88,"Horror, Thriller",Mohan Dachu,"Sreepathy K A, Sathyaraj, Niya Sankranthil, Mahesh, Appukutty",Julien & Jeroma Film Company [in],08-09-2023,2023,9,Friday,130,0,0,0,0,0,0,0.942,7,1
522423,Maama Machan,The story is about two sneaky guys who call themselves Maama Machan.,12,Comedy,RMS Sara,"Ben G, RMS Sara, R. Nithyashree, P. Jegan, Logan",Boss Pictures,03-08-2017,2017,8,Thursday,102,0,0,0,0,0,0,0.6684,0,0
363178,Thoongaavanam,"An undercover cop finds himself in a Catch-22 situation where he has to return the drugs he had stolen from a kingpin in exchange for his son. The bag containing the drug goes missing, and with both gangsters and cops on his tail, can he get out of this mess?",50,"Action, Crime, Thriller",Rajesh M. Selva,"Kamal Haasan, Trisha Krishnan, Aman Abdullah, Prakash Raj, Kishore",Sree Gokulam Movies,10-11-2015,2015,11,Tuesday,127,0,0,0,0,0,0,0.7678,5.8,23
1238258,Romeo,"Leela, an aspiring heroine, is forced to tie the knot with Arivu, 35-year-old Malaysian return simpleton hailing from the same village. After knowing that Leela did not sign up for him or the wedding, Arivu decides to win his wife’s heart,and also confronts with his buried past.",47,"Romance, Comedy, Drama",Vinayak Vaithianathan,"Vijay Antony, Mirnalini Ravi, Yogi Babu, VTV Ganesh, Ilavarasu",Vijay Antony Film Corporation,11-04-2024,2024,4,Thursday,146,0,0,0,0,0,0,0.7096,5,5
898976,Kolai,"When a famous model gets killed, a smart detective comes to investigate when he realizes this incident calls him to a mystery.",22,"Crime, Thriller, Mystery",Balaji K. Kumar,"Vijay Antony, Ritika Singh, Meenakshi Chaudhary, Radhika Sarathkumar, Murali Sharma",Infiniti Film Ventures,21-07-2023,2023,7,Friday,129,0,0,0,0,0,0,0.7792,5.3,11
1320752,Gangers,An undercover cop teams up with a crooked PT Master to loot 100 crore from a corrupt politician.,18,"Comedy, Crime",Sundar C,"Sundar C, Vadivelu, Catherine Tresa, Munishkanth, Bagavathi Perumal",Avni Cinemax,24-04-2025,2025,4,Thursday,158,0,0,0,0,0,0,0.7051,6.4,7
539811,60 Vayadhu Maaniram,"An ambitious son sets out to find his missing father, who suffers from memory loss, with the help of two people",21,"Family, Drama",Radha Mohan,"Vikram Prabhu, Prakash Raj, Samuthirakani, Indhuja Ravichandran, Elango Kumaravel",V Creations,31-08-2018,2018,8,Friday,134,0,0,0,0,0,0,0.7863,0,0
461307,Podhuvaga En Manasu Thangam,A young villager woos the daughter of a rich man hoping that her father would do good for his village. What he doesn’t know is that the father is actually waiting to take revenge on the villagers for a slight made years ago.,43,"Action, Comedy, Romance",Thalapathy Prabhu,"Udhayanidhi Stalin, Nivetha Pethuraj, R. Parthiban, Soori, Mayilsamy",Thenandal Studio Limited,11-08-2017,2017,8,Friday,138,0,0,0,0,0,0,0.7944,4.9,4
1114107,Drama,A senior police constable is found murdered at the police station during a brief power cut. Investigating officer Arjun takes the task of unmasking the killer from a handful of suspects including half a dozen cops and  a number of outsiders who are there for various reasons.,47,"Thriller, Drama",Aju Kizhumala,"Kishore, Charle, Jai Bala, Vinodh Munna, Kavya Bellu",Vibe 3 Productions,23-09-2022,2022,9,Friday,110,0,0,0,0,0,0,0.934,8,1
463291,Mercury,"Five friends, all affected in some way by a mercury poisoning incident are partying when a freak accident put them on a collision course with an entity that is in no mood to forgive their misgivings.",36,"Thriller, Horror",Karthik Subbaraj,"Prabhu Deva, Sananth, Indhuja Ravichandran, Remya Nambeesan, Deepak Paramesh",Pen Studios,13-04-2018,2018,4,Friday,109,0,0,0,0,0,0,0.7465,6.639,18
1339691,Katra Thaliya,"""Angamuthu, a rural village boy with dreams of going abroad, falls head over heels for Ananthi, a trainee at the village elementary school. His mischievous friend Vanaraj keeps teasing him and insists he should confess his love to her. So, Angamuthu plans to pop the question on her way back to the bus. Meanwhile, Seemathanni, the village's self-proclaimed Romeo, forcibly marries poor Kiruthika while Angamuthu waits to propose to Ananthi. Inspired by Seemathanni's bold (and questionable) move and Vanaraj's encouragement, Angamuthu decides to practice his own crazy forced marriage plan with Ananthi. Will his wacky plan work? And what on earth happens to Seemathanni and Kiruthika after their chaotic union? Dive into the comedic chaos of the short film 'Katra Thaliya' to find out!""",124,Comedy,Xavier Rajadurai,"ARUN KUMAR, Maathevan, Aishwarya Ragupathi, kiran kumar, shamini",D R productions,24-08-2024,2024,8,Saturday,30,397209.5,1670,0.04,0,-395539.5,-99.58,0.7218,10,1
526191,LKG,A small-time politician aspires to become the leader of the state.,11,"Comedy, Drama",K. R. Prabhu,"RJ Balaji, Priya Anand, Ananth Vaidyanathan, J. K. Rithesh, Manobala",Vels Film International,22-02-2019,2019,2,Friday,124,0,0,0,0,0,0,0.823,6.5,19
363313,Paambhu Sattai,"A young man in desperate need of money to solve his problems, gets entangled in a fraudulent money laundering racket.",20,"Thriller, Action",Adam Dasan,"Bobby Simha, Keerthy Suresh, Muktha George, Guru Somasundaram, Charle",Manobala's Picture House,24-03-2017,2017,3,Friday,140,0,0,0,0,0,0,0.8834,6,5
1423185,Tears of a Fish,"When his mom passes away, Veer is unable to  cry because he was conditioned not to from  his childhood .",20,Drama,Vickram Sundar Vijaya Sundar,"Masanth Natarajan, Samyuktha Viola Viswanathan, Monish, Jarena, Bhagya Lakshmi",Unknown,30-01-2025,2025,1,Thursday,21,835000,0,0.08,0,0,0,0.7543,0,0
1410447,Agaligai Padalam,"A modern reinterpretation of the Ramayana subchapter, Agaligai Padalam, exploring the grotesque dimensions of Indian masculinity in Malaysia, merging mythology with contemporary social issues.",24,,Shobaan,,Unknown,27-10-2024,2024,10,Sunday,19,0,0,0,0,0,0,1.2886,0,0
1505291,Blackmail,"Trapped in escalating blackmail, Mani faces mounting danger as crime, passion, and greed intertwine, exposing hidden truths and changing allegiances throughout his ordeal.",23,"Thriller, Romance, Drama",Mu. Maran,"G. V. Prakash Kumar, Teju Ashwini, Srikanth, Bindu Madhavi, Linga",Unknown,01-08-2025,2025,8,Friday,121,0,0,0,0,0,0,0.8012,10,1
615911,Ponmagal Vandhal,"A resident in Ooty named ‘Petition’ Pethuraj reopens a case from 2004 that involved a serial killer ‘Psycho Jyoti’ who was convicted for the kidnapping and murder. Venba, his daughter and a passionate lawyer, seeks to unveil the truth.",39,"Thriller, Drama",JJ Fredrick,"Jyothika, R. Parthiban, K. Bhagyaraj, Prathap Pothan, Pandiarajan",2D Entertainment,29-05-2020,2020,5,Friday,120,0,0,0,0,0,0,0.7265,6.3,30
619829,I-R 8,A drama discussed about agriculture & farmer's welfare along with romance.,11,Drama,N.P. Ismail,"Appukutty, Karate Raja, Vishwaa, Haneefa, T. Jayakumar",Unknown,02-08-2019,2019,8,Friday,0,0,0,0,0,0,0,0.6976,6,1
1488301,Madras Matinee,"An aging sci-fi writer is challenged by his caretaker to write about the life of a common man. Reluctantly, he begins the story of Kannan, an auto rickshaw driver, and his family—only to discover that ordinary life holds unexpected depth and drama.",42,"Drama, Family",Karthikeyan Mani,"Kaali Venkat, Sathyaraj, Roshini Haripriyan, Shelly Kishore, George Mariyan",Madras Motion Pictures,06-06-2025,2025,6,Friday,135,38025983.5,23100024.5,3.8,2.31,-14925959,-39.25,0.7124,7.2,4
949380,Vanangaan,"Trouble follows Kottee, a deaf-mute and hot blooded do-gooder, when he gets a job at a special home for the underprivileged and his quest for justice leads him into conflict with the law and strains his relationship with his sister, Devi.",41,"Drama, Action",Bala,"Arun Vijay, Ridha, Roshini Prakash, Samuthirakani, Mysskin",V House Productions,10-01-2025,2025,1,Friday,121,0,0,0,0,0,0,0.7046,5.5,4
521885,Nari Vettai,Directed by Akash Sudhakar.,4,Drama,Akash Sudhakar,"Akash Sudhakar, Mahalakshmi, King Kong",Channel Akash Studio,09-02-2018,2018,2,Friday,15,0,0,0,0,0,0,0.6817,0,0
1478789,Electric Towers That Swallow Stories,"Portrait of a village and a community with their unique worldview encountering a ""modern"" man. A surveyor sent for a government project encounters the people, the stories of this mythical space and the anxieties of the villagers. The narrative expression takes inspiration from various indigenous traditions from India for the myths and stories expressed in the film.",57,Drama,Navaneetha Krishnan,"Thirunavukkarasu, Semmalar Annam",Film and Television Institute of India,10-05-2020,2020,5,Sunday,21,0,0,0,0,0,0,0.8789,0,0
1248938,Byri: Pagam 1,"In a small town in Nagercoil, pigeon racing is a matter of pride for hot-headed youngsters and adults. Rajalingam, a young man, whose mother desperately wishes to see as a graduate, gets sucked into this vortex, and earns the enmity of a rowdy-sheeter, putting his life and that of his close friend in danger.",54,"Action, Drama",John Glady,"Syed Majeed, Meghana Ellen, Viji Sekar, John Glady, Karthick Prasanna",Unknown,23-02-2024,2024,2,Friday,122,0,0,0,0,0,0,0.7665,0,0
413042,Brindavanam,"A hearing-and-speech-impaired barber in Ooty, who is a huge fan of actor Vivekh, happens to meet his idol, who has come to the hill station on personal work. A poignant friendship develops between the two...",35,"Comedy, Drama",Radha Mohan,"Arulnithi, Vivek, Tanya Ravichandran, Cell Murugan, Thalaivasal Vijay",Vansan Movies,26-05-2017,2017,5,Friday,130,0,0,0,0,0,0,0.7882,7,7
1054770,Boomer Uncle,"Nesam and his soon-to-be ex-wife, a foreigner named Amy, head to his neglected ancestral castle to fulfill a divorce agreement. Amy has a hidden agenda involving Nesam’s father’s scientific secrets. Meanwhile, Nesam’s old lackeys, Dawood, Bala and Thangadurai also converge on the mansion with their own plans. When a hologram of Oviya enters the picture, and Amy unleashes a “Franken-Hulk” monster with Robo Shankar’s head, the film abandons all attempts at coherence.",72,"Horror, Comedy",M. S. Swadees,"Oviya Helen, Yogi Babu, Robo Shankar, M. S. Bhaskar, Seshu",Anka media,29-03-2024,2024,3,Friday,121,0,0,0,0,0,0,0.7254,0,0
1319148,Crime Reel,"An innocent girl gets addicted to Instagram reels and social media. She starts participating in all trends, she starts admiring of become a heroine.",24,Thriller,Sanjana Anne,"Siri Chowdary, Abhinaya Krishna, Acharya Krishna, Sunitha Manohar, Ping Pong Surya",Unknown,19-07-2024,2024,7,Friday,111,0,0,0,0,0,0,0.8686,0,0
926900,Thalainagaram 2,Chennai has three zones North South and Central Chennai.All the three zones are controlled by three notorious gangsters.Each one wants to eliminate the other two and rule the city.Hero is an ex gangster who gets into the trap of the protogonists indirectly.How the hero succeeds.Are the protogonists eliminated.Who is the new don.,52,"Action, Crime, Drama",V. Z. Durai,"Sundar C, Palak Lalwani, Prabhakar, Thambi Ramaiah, Cheran Raj",Right Eye Theatres,23-06-2023,2023,6,Friday,0,0,0,0,0,0,0,0.7621,1.5,2
371435,Kuttrame Thandanai,"A man is slowly going blind and cannot afford the surgery to fix his eyes. When he witnesses a young woman's murder, the killers offer him a large sum of money to remain quiet.",34,"Crime, Thriller, Drama",M. Manikandan,"Rahman, Vidharth, Pooja Devariya, Aishwarya Rajesh, Madhusudhan Rao",Tribal Art Productions,02-09-2016,2016,9,Friday,91,0,0,0,0,0,0,0.7387,7.4,14
606517,Kasada Thapara,"The lives of a few individuals get impacted, both in good and bad ways, by the actions of others who are hardly connected to them.",25,Drama,Chimbu Deven,"Premji Amaran, Regena Cassandrra, Yugi Sethu, Sampath Raj, Shanthanu Bhagyaraj",Trident Arts,27-08-2021,2021,8,Friday,137,0,0,0,0,0,0,0.7028,6.9,8
456625,Oru Nalla Naal Paathu Solren,"A tribal leader comes to the city to kidnap the girl whom he has sworn to marry. But a bumbling college boy, whom the girl has a soft corner for, stands in his way.",34,"Adventure, Comedy, Action",P. Arumugakumar,"Vijay Sethupathi, Gautham Ram Karthik, Gayathrie Shankar, Niharika Konidela, Ramesh Thilak",Amme Narayana Entertainment,02-02-2018,2018,2,Friday,148,0,0,0,0,0,0,0.7253,5.1,9
584030,Gangs of Madras,A woman who loses her husband in a police encounter plots to take revenge on the gangsters who had framed him.,21,"Crime, Drama",C. V. Kumar,"Sai Priyanka Ruth, Ashok Kumar Balakrishnan, Daniel Balaji, Bagavathi Perumal, Aadukalam Naren",Thirukumaran Entertainment,12-04-2019,2019,4,Friday,142,0,0,0,0,0,0,0.7015,6.75,4
390067,Adhyan,"Adhyan travels from Japan to Chennai to find a girl he met online. However, as he feels jet lagged a few criminals take notice and frame him for a crime he doesn't commit.",33,,Ram Manoj,"Abimanyu, Sakshi Agarwal, Vee Jenish",Unknown,25-09-2015,2015,9,Friday,0,0,0,0,0,0,0,0.8361,0,0
369835,Bruce Lee,A cowardly youngster and his friend run for their lives with their lovers as they are being chased by a dreaded don.,22,"Comedy, Crime, Romance",Prashanth Pandiraj,"G. V. Prakash Kumar, Kriti Kharbanda, Balasaravanan, Munishkanth, Rajendran",Linga Bhairavi Creations,17-03-2017,2017,3,Friday,124,0,0,0,0,0,0,0.8169,3.5,8
388322,Aviyal,"Aviyal is a collection of four short films : A young man attracted to his aunt, a filmmaker chasing robbers who have stolen his short film, two friends going on a trip to deposit the ashes of their friend and a gangster narrating a story.",45,"Comedy, Crime, Thriller",Lokesh Kanagaraj,"Nivin Pauly, Bobby Simha, Rajeev Pillai, Arjunan Nandakumar, Amrutha Srinivasan",Stone Bench Creations,11-03-2016,2016,3,Friday,116,0,0,0,0,0,0,0.7266,5.8,5
773271,Pallu Padama Paathuka,"Five youngsters, who are on the verge of committing suicide, happen to encounter zombies in a forest and a girl who comes to their rescue. Will they manage to escape?",30,"Comedy, Horror",Vijay Varadharaj,"V R Dinesh, Sanchita Shetty, Rajendran, Jagan, Shah Ra",Unknown,03-03-2023,2023,3,Friday,122,0,0,0,0,0,0,0.6448,3.7,5
750105,En Sangathu Aala Adichavan Evanda,"A comedy film directed by Naveen Manikandan, starring Vikkas, Madhumitha, Ramar and Rahul Thatha in the lead roles.",18,Drama,Naveen Manikandan,"Delhi Ganesh, Madhumitha, Vikas, KPY Ramar, Nellai Siva",Unknown,03-01-2020,2020,1,Friday,126,0,0,0,0,0,0,0.8508,0,0
1433112,Love Marriage,"Ram, a 33-year-old Bachelor From Madurai, Faces Mounting Pressure to Get Married. Amidst Cultural Expectations and Comic Misadventures, He Embarks on a Journey of Self-discovery, Questioning Tradition and Seeking His Own Path to Happiness",34,"Romance, Comedy, Family",Shanmuga Priyan,"Vikram Prabhu, Sushmitha Bhat, Meenakshi Dinesh, Ramesh Thilak, Gajaraj",Assure Films,27-06-2025,2025,6,Friday,120,0,0,0,0,0,0,0.8064,5,3
1498959,Guts,"A son honors his mothers wish by leads life of an honest cop down a righteous path, where his every moral choice integrity invites relentless adversaries. Can he endure them and uphold justice?",33,"Crime, Action",Rangaraj,"Rangaraj, Shruthi Narayanan, Nancy, Birla Bose, Delhi Ganesh",OPRP Productions,13-06-2025,2025,6,Friday,131,0,0,0,0,0,0,0.6152,0,0
796104,Care Of Kaadhal,A heartwarming film that explores the concept of romance with episodes involving four sets of people of different age groups.,20,"Romance, Drama, Family",Hemambar Jasthi,"Karthik Rathnam, Ayraa, Vetri, Mumtaz Sorcar, Deepan",Big Print Pictures,12-02-2021,2021,2,Friday,134,0,0,0,0,0,0,0.7465,6,1
412017,Maaveeran Kittu,A state topper from a lower caste goes missing after an upper caste cop picks him up for questioning. What has happened to him?,24,"Drama, History",Suseenthiran,"Vishnu Vishal, Sri Divya, R. Parthiban, Soori, Mu. Kasi Viswanathan",Nallusamy Pictures,02-12-2016,2016,12,Friday,125,0,0,0,0,0,0,0.6804,7,2
736827,The Tremor,"A rookie photojournalist sets off to report on a massive earthquake that has allegedly destroyed an entire village. Being his first major assignment, he is anxious to reach the disaster site before anybody else. But soon, he finds himself lost in the desolate mountains amidst uncanny locals with cryptic clues that do not match the disaster he was craving to witness.",61,Mystery,Balaji Vembu Chelli,"Rajeev Anand, Semmalar Annam, Sasikumar Sivalingam, Suthan Raj, Arul Selvam",Fly On The Wall Films,07-10-2020,2020,10,Wednesday,71,0,0,0,0,0,0,0.8482,0,0
1207847,Locker,"Jana Kathir and Venkat Are Friends. They Earn Money by Deceiving People in the Town. Chakravarthy is S a Very Big Businessman. Jana Falls in Love With a Girl Named Pooja. The Story is About the Change in Jana Kathir and Venkat's Life After Pooja Arrives, What is the Relationship Between Jana Pooja and Chakravarthy.",55,"Romance, Thriller",Rajasekar Natarajan,"Vignesh Shanmugam, Niranjani Ashokan, Nivas Adithan, Taj Babu, Subramanian Madhavan",Narayanan Selvam Productions [in],24-11-2023,2023,11,Friday,0,0,0,0,0,0,0,0.9638,0,0
458724,Kodiveeran,"To protect his sister and her husband, a man who is revered as God by his villagers takes on the evil men who are hell bent of destroying their lives.",30,"Comedy, Action",M. Muthaiah,"M. Sasikumar, Mahima Nambiar, Sanusha Santhosh, Balasaravanan, Vidharth",Company Productions,07-12-2017,2017,12,Thursday,155,0,0,0,0,0,0,0.6368,5.2,4
1090969,Good Night,"Mohan, an IT youngster with a snoring issue starts his life with Anu, the girl of his dreams, hiding his issue. However, trouble begins, when his snoring starts affecting his life and the health of his partner.",37,"Comedy, Drama",Vinayak Chandrasekaran,"Manikandan, Meetha Raghunath, Ramesh Thilak, Bagavathi Perumal, Balaji Sakthivel",Million Dollar Studios,12-05-2023,2023,5,Friday,144,0,0,0,0,0,0,0.6447,7.295,22
1115253,Chithha,"Easwaran, a young government employee gets the shock of his life when his niece Sundari goes missing. After initially wrongly accused of kidnapping her, he eventually comes to know that a child abuser has kidnapped her and he makes it his mission to rescue Sundari.",45,"Drama, Thriller, Mystery",S. U. Arunkumar,"Siddharth, Sahasra Sree, S. Abiya Tasneem, Nimisha Sajayan, Anjali Aneesh Upasana",Etaki Entertainment,28-09-2023,2023,9,Thursday,139,0,0,0,0,0,0,0.863,7.703,37
1318349,Kadaisi Ulaga Por,"In a dystopian near-future, new world order arises, leading to world war 3. India tries to remain neutral leading to capturing of Tamil Nadu from the South.",27,"Science Fiction, Action, Thriller",HipHop Tamizha Adhi,"HipHop Tamizha Adhi, Anagha, Nassar, Natarajan Subramaniam, N. Azhagamperumal",HipHop Tamizha Entertainment,20-09-2024,2024,9,Friday,139,0,0,0,0,0,0,0.7613,5.8,5
1225968,Indra,INDRA is a serial killer investigation film about an ex-cop who lost his eyesight and sets out to find the killer terrorizing the town. What follows is a gripping chase full of twists and turns — but what if the hunter ends up becoming the hunted?,46,Thriller,Sabarish Nanda,"Vasanth Ravi, Mehreen Pirzada, Sunil Varma, Anikha Surendran, Kalyan Kumar",Emperor Entertainment,22-08-2025,2025,8,Friday,128,0,0,0,0,0,0,0.684,6,1
954445,Yezhu Kadal Yezhu Malai,"Caught between family duty and romantic love, a young man faces an impossible choice.",14,"Drama, Romance, Fantasy",Ram,"Nivin Pauly, Anjali, Soori, Ravi Mariya, N. Azhagamperumal",V House Productions,01-10-2026,2026,10,Thursday,137,0,0,0,0,0,0,0.8578,0,0
495503,Iravukku Aayiram Kangal,"Three strangers, who were cheated by a three-member fraud gang, hatch plan to take revenge on their leader, and go to his home around same time. All of them get the shock of their life when they find someone murdered at the home.",43,"Action, Crime, Thriller",Mu. Maran,"Arulnithi, Ajmal Ameer, Mahima Nambiar, Vidhya Pradeep, Chaya Singh",Axess Film Factory,11-05-2018,2018,5,Friday,121,0,0,0,0,0,0,0.6997,6.7,18
1431271,Niram Marum Ulagil,"During a train journey,  A ticket examiner narrates four tales of extreme parental sacrifice, exploring familial bonds through illness, estrangement, unexpected connections, and emotional turmoil, to a young woman",29,Drama,JB Britto,"Bharathiraja, Rio Raj, Sandy, Aegan, Natarajan Subramaniam",GS Cinema International,07-03-2025,2025,3,Friday,146,0,0,0,0,0,0,0.7196,0,0
512531,Pyaar Prema Kaadhal,"Two lovers, who are different in almost all ways, get into a live-in relationship. They go through tough times as their approach towards life do not match with each other's.",30,"Romance, Drama, Comedy",Elan,"Harish Kalyan, Raiza Wilson, Anand Babu, Rekha, Thangapandiyan",K Productions,09-08-2018,2018,8,Thursday,144,0,0,0,0,0,0,0.6571,5.231,13
467117,Bhaskar Oru Rascal,"Two children raised by single parents want to enjoy the happiness of a complete family. To achieve this, they try to unite their parents, but end up in trouble.",29,"Comedy, Action, Romance",Siddique,"Arvind Swamy, Amala Paul, Nainika, Raaghavan Murugan, Siddique",Harshini Movies,17-05-2018,2018,5,Thursday,150,0,0,0,0,0,0,0.6379,5.2,8
391059,Vetrivel,"A brother attempts to get his younger brother married to the girl he loves by kidnapping her, but the plan goes so wrong and results in messy situations...",28,"Action, Comedy, Family",Vasantha Mani,"M. Sasikumar, Nikhila Vimal, Miya George, Ilavarasu, Prabhu",Lyca Productions,22-04-2016,2016,4,Friday,141,0,0,0,0,0,0,0.6558,5,7
996841,The Sunshine,"The Sunshine is about a young refugee (Armstrong) who flees from the war-torn northern Sri Lanka and embarks on a perilous journey through India, Nepal, Thailand towards an uncertain destination, leaving his childhood sweetheart on the shores that foam blood. The film looks back at the perils faced by Armstrong, a Sri Lankan Tamil, along with his epic odyssey from conflict and violence-ridden homeland, towards far corners of the world risking death, detention and deportation over the lands and seas. The Sunshine will explore the ultimate universal question how and why people get prepared to risk everything. The movie will tell the story of human struggle and not just merely make a political statement. Director Leena Manimekalai says, The Sunshine is unique and personal because it has the autobiographical touch of her friend and writer Shobasakthi.",136,"Drama, Crime, War",Leena Manimekalai,Antonythasan Jesuthasan,Dream Warrior Pictures,09-02-2017,2017,2,Thursday,0,0,0,0,0,0,0,0.6549,0,0
906223,Maamannan,"An MLA and his son, who are from oppressed community, are forced to stand up against the privileged, arrogant scion of a late politician, who is determined to make them bow down to him.",34,"Drama, Thriller",Mari Selvaraj,"Vadivelu, Udhayanidhi Stalin, Fahadh Faasil, Keerthy Suresh, Sunil",Red Giant Movies,29-06-2023,2023,6,Thursday,156,0,0,0,0,0,0,0.9152,5.9,29
1100440,Kudimahaan,A middle-class man's life takes a turn when he faces issues related to drinking. Can his friends help him deal with his issues and get back to normal?,28,"Drama, Comedy",N. Prakash,"Vijay Sivan, Chandhini Tamilarasan, Suresh Chakravarthy, Namo Narayana, KPY  Honest Raj",Unknown,17-03-2023,2023,3,Friday,142,0,0,0,0,0,0,0.7053,7,1
915942,Sila Nerangalil Sila Manidhargal,"The lives of four people from different walks of life is affected by a disastrous road accident. The regret, remorse and realisation these characters undergo makes the crux of the film.",31,Drama,Vishal Venkat,"Ashok Selvan, Reyaa Hari, Nassar, Manikandan, Abi Hassan",AR entertainment,28-01-2022,2022,1,Friday,141,0,0,0,0,0,0,0.6849,7.5,6
1443674,Por,"Journey that delves deep into the complexities of friendship. Set against the backdrop of a vibrant college festival, the movie explores the intricate dynamics between two friends whose paths diverge and ignite a fierce competition.",35,"Action, Drama",Bejoy Nambiar,"Arjun Das, Sanchana Natarajan, Kalidas Jayaram, TJ Bhanu, John Vijay",Unknown,01-03-2024,2024,3,Friday,154,0,0,0,0,0,0,0.7176,0,0
470133,Thiruttu Payale 2,The life of a surveillance specialist turns topsy-turvy when a womanizer starts blackmailing his wife. The former tries to nab him using his power and expertise in technology,28,"Thriller, Action, Romance",Susi Ganesan,"Bobby Simha, Prasanna, Amala Paul, Muthu Raman, Susi Ganesan",AGS Entertainment,30-11-2017,2017,11,Thursday,150,0,0,0,0,0,0,0.7523,6.333,12
864909,D Block,A young engineering student along with his friends unravels the mystery around his college where several girls go missing and dead.,21,"Thriller, Mystery",Vijay Kumar,"Arulnithi, Avantika Mishra, Vijay Kumar, Karu Pazhaniappan, Charandeep",MNM Films,01-07-2022,2022,7,Friday,136,0,0,0,0,0,0,0.7394,5.4,8
1021792,Thugs,"Sethu, along with his prison inmates, plots a plan to escape from the district jail of Nagercoil. Can these remand prisoners carry out their plan despite all the odds they face every day?",33,"Action, Thriller, Crime, Romance",Brinda Gopal,"Hridhu Haroon, R. K. Suresh, Bobby Simha, Anaswara Rajan, Munishkanth",HR Pictures,24-02-2023,2023,2,Friday,122,0,0,0,0,0,0,0.7151,3,1
681428,Soorpanagai,"Divya, an archeologist, is tasked with helping the investigators understand the geology of the crime scene of mysterious death of a foreign national. She along with Forest Ranger Bobbili Raja unearths skeletal remains of the woman belong to a bygone era. When the forensic experts reconstruct the face from the skull, it resembles Divya and leaves all shell shocked.",59,"Mystery, Thriller",Caarthick Raju,"Regena Cassandrra, Akshara Gowda, Sathish, Vennela Kishore, Mansoor Ali Khan",Apple Tree Studios,25-08-2023,2023,8,Friday,138,0,0,0,0,0,0,0.723,4,1
934360,Yaaro,"John is a loner, who is being framed for a series of murders; himself becomes a target of an unknown murderer who is dangerous and insanely brutal. As the murderer’s presence is felt everywhere, he must accept one of the greatest psychological and physical challenges on his ability to unravel the mystery of murders around him.",56,"Thriller, Crime, Mystery",Sandeep Sai,"Venkat Reddy, Upasana Rai, C.M. Bala, Kitty, J. Durairaj",Trident Arts,04-02-2022,2022,2,Friday,102,0,0,0,0,0,0,0.7064,9,1
547851,Rajavin Paarvai Raniyin Pakkam,,0,Drama,Alaguraj,"Adhavaa, Avanthika Mohan",Vikash Film International,07-09-2018,2018,9,Friday,132,0,0,0,0,0,0,0.7871,0,0
1710563,Nizhal,"NIZHAL follows twin sisters Ramya and Saranya. Saranya is a trainee doctor, and Ramya helps their vendor parents. Tragedy strikes when Saranya’s friend Lakshmi is brutally murdered in the hospital lab by Guna, the CEO's son, and his gang. Ramya witnesses the crime and narrowly survives a deadly attack by them. Driven by fury, Saranya seeks vengeance and puts the killers on their deathbeds. Ironically, her lover Raghu takes charge as the sub-inspector for this very case. When Raghu uncovers the truth, a gripping battle begins between law, love, and ultimate justice.",92,"Crime, Drama",AK Kumar,"Janany Kunaseelan, Vishakan, Divya Krishnan, Kaushik Gopalan",Unknown,12-06-2026,2026,6,Friday,101,0,0,0,0,0,0,0.9423,0,0
1091566,Om Vellimalai,"A traditional medicine practitioner, ridiculed for his treatment methods, attempts at finding cure for a dreadful epidemic.",17,"Drama, Comedy",Om Vijay,"Supergood Subramani, Veera Subash, Anju Krishna Ashok",Superb Creations,24-02-2023,2023,2,Friday,119,0,0,0,0,0,0,0.8077,0,0
444540,Ivan Thanthiran,Two engineering dropouts stumble upon the activities of a corrupt education minister owning engineering colleges and expose him. The minister wants revenge and launches a manhunt for them. The cat-and-mouse game begins...,32,"Comedy, Action, Thriller",R. Kannan,"Gautham Ram Karthik, Shraddha Srinath, RJ Balaji, Mayilsamy, Stunt Silva",Masala Pix,30-06-2017,2017,6,Friday,114,0,0,0,0,0,0,0.8114,6,9
791315,Netrikann,A cat-and-mouse game engages between a blind woman and a serial killer when the former becomes the witness of a kidnap performed by the latter.,25,"Thriller, Mystery, Crime",Milind Rau,"Nayanthara, Ajmal Ameer, Manikandan, Saran Shakthi, Lizzie Antony",Rowdy Pictures,13-08-2021,2021,8,Friday,146,0,0,0,0,0,0,0.8184,5.9,12
459377,Echcharikkai,"Two men kidnap the daughter of a rich man, and the latter approaches a retired cop to track the missing woman.",21,"Crime, Thriller, Horror",K. M. Sarjun,"Sathyaraj, Varalaxmi Sarathkumar, Kishore, Vivek Rajagopal, Yogi Babu",Time Line Cinemas,24-08-2018,2018,8,Friday,134,0,0,0,0,0,0,0.64,4.9,7
1433161,Baby & Baby,"Baby & Baby follows two families eagerly anticipating the arrival of their newborns, only to be caught in an unexpected mix-up. What begins as chaos unravels into a hilarious yet emotional journey, where identities blur and bonds are tested. Amidst the confusion, love and laughter take center stage in this heartwarming tale of family, fate, and unexpected connections.",58,"Comedy, Drama",Prathap,"Jai Sampath, Sathyaraj, Yogi Babu, Pragya Nagra, Rajendran",Yuvaraj Films,14-02-2025,2025,2,Friday,133,0,0,0,0,0,0,0.6444,0,0
1553052,The Savage,"Desires play a key role in misplaced lives of two men and two women and the violent consequences following it makes them emotionally unstable-leading them to betrayal, revenge and collision of fates that binds their lives forever",37,"Action, Horror, Thriller",Kalesh,,Unknown,01-09-2025,2025,9,Monday,65,0,0,0,0,0,0,0.5989,0,0
1305322,Phoenix,"A teenage boxer accused of a high-profile political murder is quietly sent to a juvenile reformatory, where relentless assassination attempts test his survival. As he battles for his life and identity behind bars, he must summon inner strength to confront a dangerous past and hostile enemies.",46,Action,Anal Arasu,"Surya Sethupathi, Varalaxmi Sarathkumar, Sampath Raj, Devadarshini, Muthukumar",AK Braveman Picturess,04-07-2025,2025,7,Friday,120,0,334083.5,0,0.03,0,0,0.6924,0,0
408914,Sangili Bungili Kadhava Thorae,A young man who wants to own a house buys a mansion and moves into it with his extended family not knowing that there is a ghost in the place.,30,"Horror, Comedy",Ike Radha,"Jiiva, Sri Divya, Radhika Sarathkumar, Radha Ravi, Soori",Fox Star Studios,19-05-2017,2017,5,Friday,140,0,0,0,0,0,0,0.8039,4.7,10
382743,Aarathu Sinam,An alcoholic cop accepts to investigate a case involving a couple of gruesome murders. Will the case be the redemption that he was waiting for?,25,"Action, Crime, Thriller",Arivazhagan Venkatachalam,"Arulnithi, Aishwarya Rajesh, Aishwarya Dutta, Radha Ravi, Anupama Kumar",Sri Thenandal Films,26-02-2016,2016,2,Friday,134,0,0,0,0,0,0,0.8165,6.7,6
610296,Jiivi,"Frustrated at his failed romance, Saravanan decides to steal from his landlady’s house. Even as he comes up with clever ways to outsmart the cops, he realises that his actions are echoes from the past.",35,"Crime, Drama",V. J. Gopinath,"Vetri, Monica Chinnakotla, Ashwini Chandrashekaran, Karunakaran, Rohini",Big Print Pictures,28-06-2019,2019,6,Friday,122,0,0,0,0,0,0,0.6611,7.5,17
1213287,Kannagi,"Story of four women, whose lives are dominated, crafted, and judged by the society. The movie conveys how the lives of four women are affected changed and disturbed by external influences. The struggle of a women in breaking free, from the stereotypes designed by the society and the limitations that are enforced on them through her constant effort to live a happy life, an unjudged life, a simple life is portrayed though four character in the film.",77,Drama,Yashwanth Kishore,"Keerthi Pandian, Ammu Abhirami, Vidhya Pradeep, Shaalin Zoya, Mayilsamy",Skymoon Entertainment,15-12-2023,2023,12,Friday,0,0,0,0,0,0,0,0.7338,3,1
1398942,Fire,"A physiotherapist mysteriously disappears, triggering a police investigation. As officers question those connected to him, secrets unravel, and shocking truths come to light. Did he vanish, or was he murdered?",30,"Crime, Mystery, Thriller",JSK.Satish Kumar,"Balaji Murugadoss, Chandhini Tamilarasan, Rachitha Mahalakshmi, Sakshi Agarwal, Gayathri Shan",JSK Film Corporation,14-02-2025,2025,2,Friday,132,0,0,0,0,0,0,0.8323,3,1
1046924,Singapore Saloon,"In a village, friends Kathir and Basheer have big dreams. Inspired by Sacha, the owner of a local hairdressing salon, Kathir decides to become a hairdresser.",26,"Comedy, Drama, Family",Gokul,"RJ Balaji, Meenakshi Chaudhary, Sathyaraj, Ann Sheetal, Lal",Vels Film International,25-01-2024,2024,1,Thursday,135,0,0,0,0,0,0,0.7549,6,4
414824,Pa Paandi,"‘Power’ Paandi, once a legendary stunt master who ruled the world of film stunts in his prime years is now content in living a peaceful life with his son and grandchildren. But he soon realizes that his acts that he thinks is normal and righteous, constantly irks his son who seems to taking their relationship for granted. One such overblown tiff with his son drives him to go do some soul searching, the outcome of which has many unexpected experiences.",80,"Romance, Comedy, Action",Dhanush,"Rajkiran, Dhanush, Madonna Sebastian, Revathi, Prasanna",Wunderbar Films,14-04-2017,2017,4,Friday,125,0,0,0,0,0,0,0.6149,7.029,34
347274,Palakkattu Madhavan,"A lazy, irresponsible man, who quits his job because his wife earns more than him, decides to adopt an old woman as his mother because she offers to pay cash for it. What happens after the woman enters his household?",40,"Comedy, Drama",M. Chandramohan,"Vivek, Sonia Agarwal, Rajendran, Sheela, Imman Annachi",ABC Dreams,03-07-2015,2015,7,Friday,125,0,0,0,0,0,0,0.614,6,2
391276,Manithan,A struggling lawyer files a PIL in a hit-and-run case involving a business scion's son hoping that the resulting publicity would be good for his business.,26,"Comedy, Drama",I. Mueenuddin Ahmed,"Udhayanidhi Stalin, Prakash Raj, Hansika Motwani, Vivek, Radha Ravi",Red Giant Movies,29-04-2016,2016,4,Friday,146,0,0,0,0,0,0,0.7457,6.4,14
521881,Visiri,Visiri revolves around rival fights between the two biggest stars of Kollywood - Thala Ajith fans and Thalapathy Vijay fans.,20,Drama,Vetri Mahalingam,"Ram Saravanan, Raaj Suriya, Ramona Stephani",Mahalingam Productions,02-02-2018,2018,2,Friday,0,0,0,0,0,0,0,0.8498,0,0
1251963,Bijli,"Gajamathi is an immigrant worker from Bihar, who lives in a small shack in the construction building along with her mother Shanthi and her three-year-old daughter Bijli. As fate would have its indifferent course, Bijli goes missing from the construction site. Relentless, Gajamati along with her mother and the kind hearted site foreman Murugan go on a crusade to find and bring Bijli back to her home.",67,Drama,Manasvini Boovarahan,"Anjali Kumari Mishra, Madhavi Sharma, Reihana, Vadivel Murugan, Rajesh Balachandiran",Take Ten,01-11-2022,2022,11,Tuesday,12,0,0,0,0,0,0,0.7254,6,1
522567,Vettai Karuppar Ayya,This story revolves around Tamil and Srgnt. Kumar saving a family from a shaman (Tinaya). Both of them faced lots of hassles and danger while protecting them.,27,"Horror, Thriller, Crime",Amigoz Sugu,"G. K., GpKay, Sam, Nanba Vijay, Gayathri",Black Hunter Production,28-08-2017,2017,8,Monday,110,0,0,0,0,0,0,0.6647,8,1
444861,Kagitha Kappal,Sivabalan aka Appu Kutty indulges in job such as ragpicking since his childhood. He believes that one should be sincere and honest in whatever he does.,26,,Unknown,"Appukutty, M. S. Bhaskar, Powerstar Srinivasan, Dillija",Unknown,21-10-2016,2016,10,Friday,0,0,0,0,0,0,0,0.6139,0,0
370711,Maalai Nerathu Mayakkam,"Manoja marries Prabhu for her mother's sake, but dislikes her husband. Gradually, she warms up to his dogged attempts at sparking a romance, but Prabhu, who is frustrated with her indifference, ruins it all on their wedding anniversary. The couple separate but neither can forget the other. Can Manoja find it in herself to forgive Prabhu and get back to him?",61,"Drama, Romance",Gitanjali Selvaraghavan,"Balakrishna Kola, Kalyani Natarajan, Wamiqa Gabbi, Parvatii Nair, N. Azhagamperumal",Beeptone Studios,01-01-2016,2016,1,Friday,123,0,0,0,0,0,0,0.7296,4.9,5
1391547,Ariyaatha Anbu,Ariyaatha Anbu is a Tamil short film that poignantly captures a day in the life of an elderly man with Alzheimer's.,21,Drama,Eashveraam Thiruselvam,"Thiruselvam, Raaghavendraa, Kamal Raghupathy, Sanjeevram Thiruselvam",Ghost Production,25-05-2023,2023,5,Thursday,9,0,0,0,0,0,0,0.73,0,0
280152,Vaaliba Raja,A man who has difficulty in choosing between two girls for his life partner approaches a psychiatrist for help.,19,"Romance, Comedy",Sai Gokul Ramanath,"Santhanam, Sethu, Vishakha Singh, Nushrratt Bharuccha, Jayaprakash",Vanks Vision,25-03-2016,2016,3,Friday,121,0,0,0,0,0,0,0.5812,3.5,4
1475502,Manidhargal,"A Suspense Thriller drama film about six friends who get together for a night of drinking and how, over the next six hours, a small trap they encounter explodes into a big problem. The core idea revolves around the ever-changing human psyche and the emotional rollercoaster it undergoes.",48,"Drama, Thriller",Raam Indhra,"kapil veleavan, Daksha, Arjun Dev Saravanan, Gunavanthan, K Sambasivam",Studio Moving Turtle,30-05-2025,2025,5,Friday,136,10020000,0,1,0,0,0,0.7308,9,1
557119,Genius,"Pressured by his dad since childhood and by his boss at work, a man has a breakdown, but finds his rehabilitation at the unlikeliest of places.",26,Drama,Suseenthiran,"Roshan, Priyaa Lal, Aadukalam Naren, Monica Chinnakotla, Singampuli",Sudesiwood Films,26-10-2018,2018,10,Friday,98,0,0,0,0,0,0,0.8431,4,2
791272,Kabadadaari,An ambitious traffic cop sets out to solve a murder which took place four decades ago with the help of a journalist and a retired cop.,26,"Crime, Thriller",Pradeep Krishnamoorthy,"Sibiraj, Nandita Swetha, Nassar, Jayaprakash, Suman Ranganathan",Creative Entertainers,28-01-2021,2021,1,Thursday,146,0,0,0,0,0,0,0.8106,6.6,5
530217,R. K. Nagar,Things look up for a Chennai man struggling to make ends meet when he falls for a politician's daughter until he gets entangled in a murder case.,27,"Romance, Comedy",Saravana Rajan,"Vaibhav, Sana Althaf, Sampath Raj, Anjena Kirti, T. Siva",Sri Thenandal Films,17-12-2019,2019,12,Tuesday,133,0,0,0,0,0,0,0.6036,3.3,3
1132154,Raghu Thatha,"Story of a rebellious young woman, Kayalvizhi, who is forced to choose between principle and patriarchy.",16,"Comedy, Drama",Suman Kumar,"Keerthy Suresh, M. S. Bhaskar, Devadarshini, Ravindra Vijay, Rajeev Ravindranathan",Hombale Films,15-08-2024,2024,8,Thursday,134,0,0,0,0,0,0,0.6726,4.1,7
1115728,Chaitra,"Chaitra, Kathir’s mentally unstable housewife, tries to commit suicide and disappears under mysterious circumstances. Detective Divya takes the case and resolves to find out the mysteries around Chaitra and her disappearance.",31,"Horror, Thriller",M. Jenithkumar,"Yashika Anand, Avitej, Shakthi Mahendra, G. Pooja, T. Kannan Varadharaj",mars productions (in),17-11-2023,2023,11,Friday,0,0,0,0,0,0,0,0.6255,0,0
1140905,Aranmanai 4,"After his sister's suspicious death, a man decides to discover the hidden truth, setting off a chasm for chaos and terror.",21,"Horror, Comedy",Sundar C,"Sundar C, Tamannaah Bhatia, Raashii Khanna, Yogi Babu, Kovai Sarala",Benzz Media,11-04-2024,2024,4,Thursday,148,0,0,0,0,0,0,0.7568,4.4,8
1031979,Weapon,"Agni, a dedicated environmentalist and YouTuber is searching for a superhuman crosses paths with a secret society headed by a supervillain GK.",22,"Action, Thriller",Guhan Senniappan,"Sathyaraj, Vasanth Ravi, Tanya Hope, Rajiv Menon, Rajeev Pillai",Million Studio (IN),07-06-2024,2024,6,Friday,120,0,0,0,0,0,0,0.7053,1,2
1367085,Pei Kottu,"Kavya, a reporter, unknowingly picks up a haunted button camera. Soon, she is mistaken for Shruti, a missing musician whose music was stolen by a film crew. Shruti’s spirit possesses Kavya, seeking justice for her murder. The spirit kills those responsible, and evidence from the button camera exposes the truth. Shruti’s spirit finally departs after gaining her rightful recognition.",59,"Horror, Comedy",S Lavanya,"S Lavanya, Deepa Shankar, Sreeja Ravi, Shanthi Anandraj",OM SAI PRODUCTIONS,21-03-2025,2025,3,Friday,0,0,0,0,0,0,0,0.7982,0,0
450496,8 Thottakkal,"A cop’s pistol gets stolen and even as the search for it gets underway, it ends up in the hands of someone who uses it to rob a bank.",29,"Thriller, Action, Crime",Sri Ganesh,"Vetri, Aparna Balamurali, M. S. Bhaskar, Nassar, Manikandan",Vetrivel Saravana Cinemas,07-04-2017,2017,4,Friday,145,0,0,0,0,0,0,0.7592,7.3,24
696113,A Reciprocated Lust,,0,"Mystery, Crime",Githen Kiruba,Sajith Jay,Unknown,07-08-2020,2020,8,Friday,5,1670,0,0,0,0,0,0.7316,0,0
329591,Nannbenda,Sathya falls in love with Ramya at first sight and starts wooing her. But how will he take the revelations of his girlfriend's past?,24,"Romance, Comedy, Drama",Jagadish,"Udhayanidhi Stalin, Nayanthara, Santhanam, Karunakaran, Sherin Shringar",Unknown,02-04-2015,2015,4,Thursday,148,0,0,0,0,0,0,0.6726,4,11
875540,Sennai,Annam the woman who is left alone by her husband cremates the bodies from the government hospital for her survival .She faces many problems because of her caste that continues till her deathbed.,33,Drama,Jaikumar Sedhuraman,"Semmalar Annam, Bava Chelladurai",Unknown,11-08-2021,2021,8,Wednesday,60,0,0,0,0,0,0,0.7767,0,0
1678388,Commandovin Love Story,"A commando returns home as a Republic Day chief guest and forms a quiet bond with a Ph.D. student during his journey. As duty calls him away, he leaves behind an unsent letter, raising questions of love, fate, and whether their unfinished story finds closure.",45,"Drama, Romance",Veera Anbarasu,"Veera Anbarasu, Angel Sharma, Babloo Prithiveeraj, Robo Shankar, A. Aakkash Muthu",AAA Pictures,24-04-2026,2026,4,Friday,0,0,0,0,0,0,0,0.7102,0,0
1092192,Virgin Kumar,Virgin Kumar is a tamil film Written & Directed By Shailesh Nathan,12,Comedy,Shailesh Nathan,"Mithran, Swetha, Sakthivel, Sameer",Unknown,04-11-2021,2021,11,Thursday,12,0,0,0,0,0,0,0.725,0,0
745275,Ka/Pae. Ranasingam,"Ariyanchi is married to Ranasigam, who works in Dubai, and the couple has a little daughter. On the day of their daughter's ear piercing ceremony, a shocking news reaches the family.",31,Drama,P. Virumandi,"Aishwarya Rajesh, Vijay Sethupathi, Rangaraj Pandey, Munishkanth, Bhavani Sre",KJR Studios,02-10-2020,2020,10,Friday,177,0,0,0,0,0,0,0.6582,7.059,17
704277,Utraan,"Revolving around a college romance, Utraan tells the story of students whose lives turn upside down after a certain incident. Vijay gets into a series of life-threatening troubles because of his love with Nandini.",34,"Action, Romance",O Rajagajini,"Heroshini Komali, Roshan Udayakumar, Arumugam Bala, Cheran Raj, Florent Pereira",Sat Cinemas,31-01-2020,2020,1,Friday,145,0,0,0,0,0,0,0.7901,0,0
330419,Indrajith,"An adventurous youngster sets out in search of a precious stone, somewhere in the forests of north east, accompanied by an archaeological survey team",24,"Comedy, Adventure, Action",Kalaprabhu,"Gautham Ram Karthik, Sonarika Bhadoria, Ashrita Shetty, Sudhanshu Pandey, M. S. Bhaskar",V Creations,24-11-2017,2017,11,Friday,116,0,0,0,0,0,0,0.7154,5.4,5
786572,MGR Magan,The Normal life of a villager turns living hell when he starts to realizes that is family keeps boundaries to it's members and also discovers that his village is in danger by a man who tries to destroy a mountain in the village.,43,"Family, Drama, Comedy",Ponram,"M. Sasikumar, Mirnalini Ravi, Sathyaraj, Samuthirakani, Saranya Ponvannan",Screen Scene Media Entertainment,04-11-2021,2021,11,Thursday,150,0,0,0,0,0,0,0.7923,2.7,3
521901,Kanden Kadhal Konden,"The film is a love story where the lead pair travel from Chennai to Kodaikanal to get married. There, the marriage registrar says that they need to wait for 14 days to register their marriage. What happens in those 14 days forms the rest of the story.",47,Romance,Venkat G. Saamy,"Guhan, Ashwini Chandrashekaran, Mayilsamy, Andreanne Nouyrigat",Creative Teamz,29-04-2016,2016,4,Friday,0,0,0,0,0,0,0,0.6599,0,0
922007,Raavana Kottam,"Set in the backdrop of Tamilnadu's Ramnad district, Senguttuvan's love for Indhira leads two peacefully co-existing factions they belong going against each other, without realizing that they’re mere pawns being exploited by politicians for their own benefits.",37,"Action, Drama",Vikram Sugumaran,"Shanthanu Bhagyaraj, Anandhi, Prabhu, Sanjay Saravanan, Ilavarasu",Kannan Ravi Groups,12-05-2023,2023,5,Friday,134,0,0,0,0,0,0,0.6163,0,0
1169816,Partner,"To solve their monetary issues, two friends go on a mission to steal a chip from a scientist, one of them falls trap to one of his scientific experiments, transforming into a woman.",33,"Comedy, Science Fiction",Manoj Damodharan,"Aadhi Pinisetty, Hansika Motwani, Yogi Babu, Palak Lalwani, Pandiarajan",Royal Fortuna Creations,25-08-2023,2023,8,Friday,124,0,0,0,0,0,0,0.7915,5,3
480158,Nimir,"An amiable photographer in a small-town, who is nursing a breakup, unwittingly becomes embroiled in a street brawl that turns him into a man obsessed with revenge.",27,"Comedy, Thriller",Priyadarshan,"Udhayanidhi Stalin, Namitha Pramod, Parvatii Nair, J. Mahendran, Samuthirakani",Red Giant Movies,26-01-2018,2018,1,Friday,130,0,0,0,0,0,0,0.7513,6.3,6
1115680,Vadakkupatti Ramasamy,"Ramasamy profits from the superstitions of people in his village by exploiting their beliefs in regards to the village temple. However, his life takes an unexpected turn when the temple, his primary source of income, is temporarily closed.",38,"Comedy, Drama, Fantasy, Science Fiction",Karthik Yogi,"Santhanam, Megha Akash, Tamizh, Rajendran, John Vijay",People Media Factory,02-02-2024,2024,2,Friday,144,0,0,0,0,0,0,0.7513,6.6,5
458498,Ippadai Vellum,Two men are wrongly arrested as being the accomplices of a most-wanted terrorist. How do they prove their innocence?,19,"Romance, Action, Comedy",Gaurav Narayanan,"Udhayanidhi Stalin, Manjima Mohan, Radhika Sarathkumar, Soori, R. K. Suresh",Lyca Productions,10-11-2017,2017,11,Friday,139,0,0,0,0,0,0,0.6885,5.2,5
424336,Meesaya Murukku,A passionate youngster who dreams of making it in the music industry is on the verge of losing his love. What will happen to his career and romance?,28,"Romance, Drama, Comedy",HipHop Tamizha Adhi,"HipHop Tamizha Adhi, Aathmika, Vivek, Vigneshkanth, Vijayalakshmi",Avni Movies,21-07-2017,2017,7,Friday,136,0,0,0,0,0,0,0.7427,6.667,33
1062834,Katchikkaaran,"A party cadre, who is very loyal to his leader and works very hard for the party  and does not  even care about anything else including his personal life. When the same cadre is affected by the actions of the same leaders, he rises against him",46,Drama,P. Iyyappan,"Vijith, Siva Senathipathi, Swetha Dorathy, Appukutty, Thenali",Unknown,16-12-2022,2022,12,Friday,120,0,0,0,0,0,0,0.9637,0,0
983025,Miral,"A family with a past and trauma, encounters a series of strange incidences, in a car journey on their way home and runs into trouble in a windmills farm.",29,"Thriller, Horror",M. Sakthivel,"Bharath Srinivasan, Vani Bhojan, K. S. Ravikumar, Meera Krishnan, Kaavya Arivumani",Sakthi Film Factory,11-11-2022,2022,11,Friday,115,0,0,0,0,0,0,0.8812,5.2,4
1413707,Ajooba - The Unique,"Dhanush, a top Indian businessman, a multi-billionaire goes to USA on a business trip along with his girl friend Deepika hoping for her acceptance for his love. Unexpected events are unfolding there that could take a toll on their life.",40,"Romance, Fantasy, Crime, Thriller",Sathyarajkumar,"Naresh, Vaishnavi Jayachandran, Arjun, J.K",Velvum Inc,06-01-2025,2025,1,Monday,22,1670000,0,0.17,0,0,0,0.7701,0,0
1316912,Boat,"During World War II, a group of 10 survivors from Madras get stranded in the ocean in a  small boat, which unexpectedly stops and sinks mid-journey, and they are forced to take some drastic measures to save themselves.",38,"Comedy, Adventure",Chimbu Deven,"Yogi Babu, Gouri G Kishan, M. S. Bhaskar, Chinni Jayanth, Kulappulli Leela",Maali and Maanvi Movie Makers,02-08-2024,2024,8,Friday,123,0,0,0,0,0,0,0.6527,6.6,16
1562008,Game of Loans,"Over the course of a single day, a jobless compulsive gambler finds his world spiraling out of control when a noise at his door draws him into a dangerous confrontation that blurs the line between debt and survival. The film follows Daniel, a jobless compulsive gambler whose life revolves around the instant gratification of online betting. One seemingly ordinary day, while his wife and child are away, Daniel’s monotonous gambling routine is interrupted by a sharp, unexplained noise at his doorstep. What begins as mild curiosity spirals into a tense and unpredictable encounter, as he is confronted by unexpected visitors who draw him into a dangerous game far beyond the digital realm.",112,Drama,Abhishek Leslie,"Nivas Adithan, Ester Noronha, Abhinay, Athvik Jalandhar, Aadhvik Zephaniah",JRG Productions,05-12-2025,2025,12,Friday,90,0,0,0,0,0,0,0.7024,0,0
649077,Iruttu,A cop who takes charge at a police station in a hill station goes after the reasons behind a few unnatural deaths which seem mysterious like never before.,28,"Horror, Thriller, Drama",V. Z. Durai,"Sundar C, Sai Dhanshika, Sakshi Chaudhary, Vimala Raman, VTV Ganesh",Unknown,06-12-2019,2019,12,Friday,133,0,0,0,0,0,0,0.7177,4.6,11
925876,Carbon,A man whose dreams come true tries to discover the identity of the hit-and-driver who has put his father in critical condition.,22,"Action, Thriller",R. Srinuvasan,"Vidharth, Dhanya Balakrishna, G. Marimuthu, Munnar Ramesh, Ajay Natraj",Benchmark Films,13-01-2022,2022,1,Thursday,115,0,0,0,0,0,0,0.7138,6,2
1390705,Jolly O Gymkhana,"Set in Tenkasi, Bhavani and her family navigate unexpected challenges, after their dream venture is thwarted, comes into contact with a corpse and forced to take an adventure trip to Kodaikanal.",31,Comedy,Sakthi Chidambaram,"Prabhu Deva, Madonna Sebastian, Yogi Babu, Abhirami, Pujita Ponnada",Transindia Media & Entertainment Private Limited,22-11-2024,2024,11,Friday,129,0,0,0,0,0,0,0.6028,0,0
879803,Lift,A usual working day turns unusual for Guru and Harini when they get trapped in their haunted office. A patterned game unlocks a mystery and a lift is their only way out.,32,"Horror, Thriller, Mystery",Vineeth Varaprasad,"Kavin Raj, Amritha Aiyer, Abdool Lee, Balaji Venugopal, Gayathri Reddy",Unknown,01-10-2021,2021,10,Friday,134,0,0,0,0,0,0,0.7427,5.444,9
481138,Sakka Podu Podu Raja,A happy-go-lucky-guy falls in love with the sister of a ruthless gangster. How does the former convince his lover's brother?,20,"Action, Comedy, Romance",G. L. Sethuraman,"Santhanam, Vaibhavi Shandilya, Vivek, VTV Ganesh, Sampath Raj",VTV Productions,22-12-2017,2017,12,Friday,140,0,0,0,0,0,0,0.7075,8.333,3
942955,Aalambana,A kind-hearted but struggling farmer faces financial difficulties and worries about his family's well-being. His life takes a fantastical turn when he accidentally unearths a magical lamp containing a genie.,30,"Fantasy, Comedy",Pari K. Vijay,"Vaibhav, Parvatii Nair, Munishkanth, Yogi Babu, Anandaraj",KJR Studios,07-03-2025,2025,3,Friday,149,0,0,0,0,0,0,0.6909,0,0
1307942,Laandhar,"ACP Aravind, an honest and sincere police officer, is assigned with unenviable task of capturing an armed masked killer. Amidst the hunt for the perpetrator, his wife Jaanu goes missing, leaving him racing against time to find her.",38,"Crime, Thriller",Sajisaleem,"Vidharth, Swetha Dorathy, Vipin Mangalashery, Sahana Chandrashekar, Pasupathi Raj",Unknown,21-06-2024,2024,6,Friday,117,0,0,0,0,0,0,0.725,0,0
493094,Sangu Chakkaram,"A group of kids, a couple of kidnappers, and two men who are planning to murder one of the children get trapped inside a haunted mansion.",26,"Family, Horror, Mystery",Maarison,"Dhilip Subbarayan, Punnagai Poo Gheetha, N.Raja, Abinethra, Jeremy Roske",Diya Movies,29-12-2017,2017,12,Friday,123,0,0,0,0,0,0,0.6086,0,0
462391,Aan Devathai,"A husband and wife, who are poles apart, go through a lean patch after they start living separately.",18,"Drama, Family",Thamira,"Samuthirakani, Ramya Pandian, Kasturi Shankar, Ilavarasu, 'Poo' Ram",Sigaram Cinemas,12-10-2018,2018,10,Friday,122,0,0,0,0,0,0,0.651,3.8,17
527676,Puthiya Bruce Lee,"An action film directed by Mulaiyur A Sonai, starring Bruce and Raziya in the lead roles.",16,"Drama, Action",Mulaiyur A. Sonai,"Bruce, Ashwanth Thilak",Sree Dindigul Venkateshvara Pictures,25-05-2018,2018,5,Friday,117,0,0,0,0,0,0,0.6649,0,0
1370554,Karuppu Petti,Karuppu Petti is a Tamil movie starring K.C. Prabath and Devika Venu in prominent roles. It is written and directed by S. Doss.,23,"Comedy, Family, Drama",S. Doss,"KC .Prabath, Devika Venu, Chithha R. Darshan, K.C.P. Dharmesh, Keerthika Saminathan",KCP Productions,18-10-2024,2024,10,Friday,0,0,0,0,0,0,0,0.6773,0,0
463293,Meyaadha Maan,"A youngster who loves a girl tries to commit suicide and to dissuade him, his friend reaches out to the girl, setting in motion events that unexpectedly turn out to be life changing.",33,"Romance, Comedy",Rathna Kumar,"Vaibhav, Priya Bhavani Shankar, Vivek Prasanna, Amrutha Srinivasan, Indhuja Ravichandran",Stone Bench Creations,18-10-2017,2017,10,Wednesday,147,0,0,0,0,0,0,0.6269,7.1,13
1606210,Bromance Kadhal,"In a swipe-right generation, an unromantic boy dares to love the old-school way and proves that staying real is the boldest move of all.",24,"Comedy, Drama",Rupesh Viswanathan,"Noyal Laison, Rupesh Viswanathan, Meenakshi Burra, Meghashyam Burra, Nandakishor B Pillai",Feel Comfort Films,01-05-2026,2026,5,Friday,143,668000000,0,66.8,0,0,0,0.5019,0,0
1127451,Theera Kaadhal,"Two ex-lovers meet after a long time and their romance gets rekindled briefly. Though they ensure that their newly-found love shouldn't affect their respective families, one of them believes they are meant to be together, leaves the life of other in trouble.",42,"Family, Comedy, Romance",Rohin Venkatesan,"Jai Sampath, Sshivada, Aishwarya Rajesh, Abdool Lee, Vriddhi Vishal",Unknown,26-05-2023,2023,5,Friday,128,0,0,0,0,0,0,0.6095,6.6,4
713496,Penguin,"Rhythm, a pregnant woman, is traumatised by nightmares about the unsolved kidnapping of her first child, Ajay. Soon, she embarks on a harrowing mission to solve the mystery of Ajay's disappearance.",31,"Thriller, Mystery, Crime",Eashvar Karthic,"Keerthy Suresh, Linga, Madhampatty Rangaraj, Uma Shankar, Nithya Kriupa",Stone Bench Creations,19-06-2020,2020,6,Friday,132,0,0,0,0,0,0,0.7264,5,23
613022,Walter,"ASP Walter IPS, who plays the titular role as a cop, gets the mandatory, yet routine hero introduction scene when a protest turns violent in Kumbakonam. Later, he takes up the case of a couple who seeks his help to find their newborn baby. Walter suspects foul play when he comes across similar cases, and sets out to investigate the crimes, accompanied by his subordinate Paneerselvam. Meanwhile, the ego clash between Eshwaramoorthi, a leading politician in the town, and Bala, who is considered to be his successor, intensifies. Their ego clash brings Balu's friend Arjun, who is linked to the kids who have gone missing, into the picture. How Walter faces several odds in his attempt to nab a criminal syndicate forms the rest of the story.",127,"Action, Thriller, Crime, Drama",U. Anbu,"Sibiraj, Shirin Kanchwala, Samuthirakani, Abhishek Vinod, Bava Chelladurai",11:11 Productions,12-03-2020,2020,3,Thursday,133,0,0,0,0,0,0,0.6096,4,4
801218,Anbirkiniyal,"A young woman who works in a mall goes missing and even as her father and her boyfriend desperately search for her, she has to battle on her own for survival.",31,Thriller,Gokul,"Keerthi Pandian, C. Arun Pandian, Kirana Pandian, Gokul, Ravindra Vijay",A & P GROUPS,05-03-2021,2021,3,Friday,118,0,0,0,0,0,0,0.5126,7,2
1042054,Kondraal Paavam,A fortune teller tells a poverty-stricken family that their fate will change overnight when a mysterious traveler visits there home to stay overnight.,23,"Crime, Thriller, Drama",Dayal Padmanabhan,"Varalaxmi Sarathkumar, Santhosh Prathap, Charle, Easwari Rao, Manobala",D Pictures,10-03-2023,2023,3,Friday,108,0,0,0,0,0,0,0.6675,6,3
626145,Alexander Babu: Alex in Wonderland,"This is Alex’s first solo standup special. This 120-minute show will include his typical rib-tickling and knee-slapping comedy and plenty of music and Tamil. Being passionate about music, Alex steals every opportunity to sing and play his musical instruments. Alex draws from his varied life experiences from growing up in a village in Tamil Nadu to working in corporate America, and brings unique colors to his acts. In this show, his insane optimism towards life will rub off on to you, and he will connect you with your own wonderland. A wonderful show that you can take your children, parents, elders and neighbors along and sit together and watch. The show is wholesome and clean and is 7+.",118,"Comedy, Music",Unknown,Alexander Babu,Amazon Studios,23-08-2019,2019,8,Friday,136,0,0,0,0,0,0,0.6606,9.7,6
1673757,Guest,"Wildlife photographer Vidhu and nature-lover Nisha escape to a southern hill forest for a romantic getaway, but their trip turns terrifying when they encounter a mysterious Wolf Man. Seeking refuge in a remote farmhouse run by an eerily sweet elderly couple, they uncover a chilling secret as no couple who enters ever leaves. Trapped between the beast outside and monsters within, they must escape before it's too late.",68,"Romance, Thriller",Ranga Bhuvaneswar,"Sakshi Agarwal, Vidhu Balaji",Good Hope Pictures,10-04-2026,2026,4,Friday,102,0,0,0,0,0,0,0.6023,0,0
1363022,Project One,,0,Comedy,Sayuj,"Harsha Gupta, Kshitij Thomas",Unknown,28-09-2024,2024,9,Saturday,0,0,0,0,0,0,0,0.6053,0,0
757776,Patra Vaitha Nerupondru,"Revolves around the murder of a delivery boy. And more murders happen. After some serious probing, it is suspected that a huge mafia network behind these murders. How the culprits are tracked down is the rest of the movie.",39,"Action, Drama, Thriller",Vinoth Rajendran,"Smruthi Venkat, Dinesh, Ranjith, Sri Hari",Unknown,27-10-2020,2020,10,Tuesday,134,0,0,0,0,0,0,0.745,6,1
548437,Trending,"A vlogging couple chasing online popularity, desperately go to great lengths and does things to remain in the limelight as the “trending” pair, and their relationship begins to deteriorate.",29,"Drama, Thriller",Sivaraj N,"Kalaiyarasan, Priyalaya, Prem, Besant Ravi, Vidhya Borgia",Barefoot Production,18-07-2025,2025,7,Friday,146,0,0,0,0,0,0,0.6629,0,0
485870,Koottali,"Koottali is a Tamil drama movie, directed by Mathi SK. The cast of Koottali includes Aruldoss,Kausalya.",16,"Romance, Crime, Thriller",SK Mathi,"Sathish, Krisha Kurup, Kausalya, Appukutty, Poster Nandakumar",SP Pixels,22-02-2018,2018,2,Thursday,136,0,0,0,0,0,0,0.5179,0,0
1078769,Hero Friend-U,'Hero Friend-U' is a new age rom-com entertainer centered around the everlasting global pandemic 'Friendzone'. The film will be released in Malaysian cinemas nationwide soon.,25,"Comedy, Romance",Martin R. Chantheran,"Thevaguru Suppiah, Kavita Sinniah, Shabby Katchadourian, Ravin Rao Santeran, Cellina Jay",Poketplay Sdn. Bhd,20-03-2025,2025,3,Thursday,142,0,0,0,0,0,0,0.7046,0,0
1327015,Kavundampalayam,"Palanichamy is a man respected by the people of Goundampalayam. When his only daughter Mangani falls in love and runs away, many problems arise for her. Can he handle it all?",31,"Action, Drama",Ranjith,"Ranjith, Alfia Babu, Imman Annachi, Senthamizhan, Thurai Mahesh",Unknown,09-08-2024,2024,8,Friday,133,0,0,0,0,0,0,0.6536,0,0
703375,Kayiru,A man goes with his cow to foretell the fortunes and fate of the people's home that he visits happens to fall in love with a local woman which stirs up a lot of trouble for them.,37,Drama,Ganesh,"SR Gunaa, Cheran Raj, Hello Kandasamy, Kavya Madhav",Skyway Pictures,13-03-2020,2020,3,Friday,128,0,0,0,0,0,0,0.762,0,0
653852,Irandam Ulagaporin Kadaisi Gundu,A hardworking lorry driver who works at an old paper mart learns about the presence of a bomb and does everything he can to stop it from exploding.,28,"Drama, Thriller",Athiyan Athirai,"V R Dinesh, Anandhi, Riythvika, Munishkanth, John Vijay",Neelam Productions,05-12-2019,2019,12,Thursday,141,0,0,0,0,0,0,0.7155,6.6,8
1073264,PT Sir,"The film follows a Physical Training teacher who inspires his students to realize their potential and pursue their aspirations. As he navigates various challenges within the school environment, his mentorship plays a crucial role in their journey of self-discovery and personal growth.",42,"Comedy, Drama",Karthik Venugopalan,"HipHop Tamizha Adhi, Kashmira Pardesi, Anikha Surendran, Pandiarajan, Munishkanth",Vels Film International,24-05-2024,2024,5,Friday,129,0,0,0,0,0,0,0.7511,8.1,9
684130,Thavam,"An action film directed by R Vijay Anand and AR Suriya starring Seeman, Vasi Asif and Pooja Shree in the lead roles.",22,"Action, Drama",R. Vijay Anand,"Pooja Shree, Seeman, Vasi Asif, Bose Venkat, Cool Suresh",Unknown,08-11-2019,2019,11,Friday,154,0,0,0,0,0,0,0.5939,0,0
680988,College Kumar,"A father who works as a peon in an office strives to ensure that his son fulfils his dreams. Later, his son falls in love with a girl and starts to rebel against his father.",35,"Comedy, Drama",Hari Santosh,"Priya Vadlamani, Rahul Vijay, Prabhu, Rajendra Prasad, Madhoo",Unknown,06-03-2020,2020,3,Friday,121,0,0,0,0,0,0,0.6945,0,0
961248,Oh My Dog,A school kid rescues a blind Siberian Husky to prove its worth to the outside world where it was neglected.,20,"Drama, Family",Sarov Shanmugam,"Arun Vijay, Arnav Vijay, Vijayakumar, Mahima Nambiar, Vinay Rai",2D Entertainment,21-04-2022,2022,4,Thursday,121,0,0,0,0,0,0,0.5882,5.5,6
612644,Mafia,A narcotics officer engages in a cat-and-mouse chase to capture a powerful criminal kingpin.,14,"Action, Drama",Karthick Naren,"Arun Vijay, Priya Bhavani Shankar, Prasanna, Thalaivasal Vijay, Bharath Reddy",Lyca Productions,21-02-2020,2020,2,Friday,113,0,0,0,0,0,0,0.8293,5.7,19
1423421,Bommai (An Island Story),"Thamizh, a female freedom fighter, is haunted by past tragedies and the recent loss of her husband, leaving her mentally fragile. Her only solace is Neelam, a courageous woman who risks her life to rescue captives. When Thenu, a 6-year-old girl from her neighborhood, goes missing, Thamizh embarks on a mission to find and save her. Suspecting an elderly woman and a gang, Thamizh follows their trail, uncovering shocking secrets about her husbands death along the way. Her relentless pursuit of the truth not only leads her to confront her past but also reveals the fate of Thenu.",98,,Navayuga Kugarajah,,Unknown,24-12-2024,2024,12,Tuesday,0,0,0,0,0,0,0,0.5187,0,0
488968,Sree Hari Hara Sudhan Swami Ayyappan,Sree Hari Hara Sudhan Swami Ayyappan Movie is Fully 3D Animated Devotional Story of Lord Ayyappan.,16,"Animation, Drama, History",Unknown,,Imagination Promoters,17-04-2017,2017,4,Monday,80,0,0,0,0,0,0,0.7044,9,3
307002,Enakkul Oruvan,"A man suffering from insomnia is tricked into buying a drug, Lucia, that makes his desires come true in his dreams, blurring the line between fantasy and reality.",28,"Mystery, Romance, Thriller",Prasath Ramar,"Siddharth, Deepa Sannidhi, Srushti Dange, Aadukalam Naren, John Vijay",Thirukumaran Entertainment,06-03-2015,2015,3,Friday,136,0,0,0,0,0,0,0.6789,6.8,13
1320764,Unmai Kadhai,A guilt-filled patient meets a psychiatrist for the first time. The probe to find out why the patient feels guilty turns out to be an instant nightmare for the psychiatrist.,30,Thriller,Prashanth Swaminathan,"Jayanth V, Udhayabanu Mageswaran",Commuter's Lab,08-07-2024,2024,7,Monday,3,60120,0,0.01,0,0,0,0.5694,0,0
568026,Johnny,Small-time criminals plan a big time heist. Will they be successful in their attempt?,14,"Action, Drama",P Vetriselvan,"Prabhu, Prashanth, Sanchita Shetty, Anandaraj, Ashutosh Rana",Staar Movies,14-12-2018,2018,12,Friday,128,0,0,0,0,0,0,0.5841,4,1
1072304,Sawadikap Pei,"A group of musicians take a trip to Thailand to perform. While there, one of them gets possessed by a female Thai ghost looking for her long-lost lover.",28,"Comedy, Horror",Roman Anthony,"Gana, Ellicia Wong, Nandu Ramesh, Kuben Mahadevan",Unknown,02-02-2023,2023,2,Thursday,112,0,0,0,0,0,0,0.7304,0,0
1372815,Chennaiyil Vaanam Megamootathudan Kaanapadum,"Chennaiyil Vaanam Megamootathudan Kaanapadum movie is a thriller drama, a story narrated from an ayyanar aruvaal's point of view from a coconut shop during a cyclone time. will the city be saved? will the aruvaal reach back the shop?",39,"Thriller, Drama, Mystery",Ramesh Govindarajan,"Ramesh Govindarajan, Mime Gopi, Harini Ramesh, Anish Padmanabhan, Kaushik Seshuraman",Aha,18-10-2024,2024,10,Friday,77,0,0,0,0,0,0,0.5975,0,0
456226,Karuppan,"A man wins the hand of a girl after winning in jallikattu, but her relative, who had hopes of marrying her, tries to cause a permanent rift between the couple.",30,"Action, Romance, Thriller",R. Panneerselvam,"Vijay Sethupathi, Tanya Ravichandran, Bobby Simha, Pasupathy, Renuka",Shri Sai Raam Creations,29-09-2017,2017,9,Friday,138,0,0,0,0,0,0,0.7293,6,12
576988,Sindhubaadh,"A small-time thief and his protégé go to Thailand to rescue his wife, who is being held captive by a gang involved in skin trade.",25,"Action, Thriller, Drama",S. U. Arunkumar,"Vijay Sethupathi, Anjali, Vivek Prasanna, Linga, Surya Sethupathi",K Productions,27-06-2019,2019,6,Thursday,134,0,0,0,0,0,0,0.7017,4.5,9
752883,Yaadhum Oore Yaavarum Kelir,A refugee struggles hard to find an identity for himself in order to accomplish his dreams.,16,"Drama, Action",Venkata Krishna Roghanth,"Vijay Sethupathi, Megha Akash, Magizh Thirumeni, Vivek, Kaniha",Chandaraa Arts,19-05-2023,2023,5,Friday,150,0,0,0,0,0,0,0.5875,5.2,3
373587,Dharmadurai,"A once-promising village doctor, burdened by personal loss and family betrayal, spirals into alcoholism and becomes an outcast. His journey of pain, resilience, and rediscovery takes him from despair to a chance at redemption, as he confronts his past and searches for purpose, love, and reconciliation.",46,"Drama, Romance",Seenu Ramasamy,"Vijay Sethupathi, Tamannaah Bhatia, Srushti Dange, Aishwarya Rajesh, Radhika Sarathkumar",Studio 9 Productions,19-08-2016,2016,8,Friday,167,0,0,0,0,0,0,0.6708,7.431,29
1558252,Irudhi Muyarchi,Irudhi Muyarchi is a Tamil movie starring Ranjith and Meghali Meenakshi in prominent roles. It is written and directed by Venkat Janaa.,22,"Family, Drama, Thriller",Venkat Janaa,"Ranjith, Meghali Meenakshi, Vittal Rao, T N B Kathiravan",Varam Cinemas,10-10-2025,2025,10,Friday,0,0,0,0,0,0,0,0.7096,0,0
616164,Kali Muni Tharisanam,Tribulations of couple's belief in Goddess & God which led their children in despair. Who's the greatest were their fight and finally will they find the truth solves the mystery in this film.,33,"Drama, Fantasy, Mystery",DTS Indran,"Ben G, Nithya Sree, Jeganathan",Unknown,18-07-2019,2019,7,Thursday,91,0,0,0,0,0,0,0.7848,5.5,2
1330530,Arimapatti Sakthivel,"Hailing from Arimapatti where only one caste resides, Sakthivel's marriage outside his caste ignites chaos and threats against his loved ones.",21,Drama,Ramesh Kandhasamy,"Charle, Pavan K, Meghana Ellen, Imman Annachi",Unknown,08-03-2024,2024,3,Friday,0,0,0,0,0,0,0,0.7906,0,0
483956,Kadaisi Bench Karthi,Kadaisi Bench Karthi is an upcoming Indian Tamil comedy film directed by Ravi Bhargavan.  This Tamil-Telugu bilingual comedy showcases the effect that a smart phone can have on a loving relationship.,31,"Romance, Comedy",Ravi Bhargavan,"Bharath Srinivasan, Ruhani Sharma, Angana Roy, Ravi Mariya, G. Gnanasambandam",Rama Reels,27-10-2017,2017,10,Friday,121,0,0,0,0,0,0,0.573,4,1
1637915,Siva Sambo,"Siva, an ambitious youth aspiring to be a police officer, wins Sivani's love and marries her, only for her to be abducted the very next day by a powerful minister intent on forcing her into marriage. With a dangerous criminal also hunting her, the story centers on Sivani's strength and whether Siva can rescue her from his enemies.",58,"Romance, Thriller",S.P. Bagavathy Bala,"C.B. Thil Natraj, Shivani, Senthil, Imman Annachi",S Films,20-02-2026,2026,2,Friday,120,0,0,0,0,0,0,0.7316,0,0
1632340,Red Label,An ex-student leader returns to campus politics to confront a bully.,11,"Drama, Thriller",K R Vinoth,"Lenin, Asmin Yazar, R.V. Udhaya Kumar, Munishkanth, Anu Mohan",Revgen Film Factory,06-02-2026,2026,2,Friday,117,0,0,0,0,0,0,0.7385,0,0
1166041,Blue Sunshine,"Bhanu, a high school teacher, wants to transition as a trans woman while working for a school in a small town in South India. Bhanu’s parents do not know that she is already taking hormone treatment for the transition. When her parents force a marriage upon her due to their financial situation, Bhanu gains courage under pressure. She starts to live as a woman named Bhanu with her friend Haritha's help. The school administration creates problems by not acknowledging Bhanu as a woman. As Bhanu struggles to find happiness after transition, she meets a student Karthik who is being bullied by his classmates for his feminine demeanor. Unable to withstand the bullying, Karthik retaliates by wearing makeup and nail polish to school. The school administration blames Bhanu for all the problems. How Karthik and Bhanu deal with the problems form the rest of the story.",145,Drama,Samyuktha Vijayan,"Samyuktha Vijayan, Geetha Kailasam, Gajaraj, Masanth Natarajan, Kitty",First Copy Productions,04-10-2024,2024,10,Friday,98,8183000,0,0.82,0,0,0,0.641,0,0
443518,Kanavu Variyam,A studious and ambitious youngster tries to set up a device to solve the frequent power crisis in his village despite constant discouragement from the public,26,"Science Fiction, Drama, Family",Arun Chidambaram,"Yog Jappie, Jiya Anil Manne, Arun Chidambaram, Ilavarasu, Pandi",DCKAP Cinemas,24-02-2017,2017,2,Friday,118,0,0,0,0,0,0,0.7552,7,3
1091043,Thandakaaranyam,"After losing his forest ranger position, a Tamil villager pursues his dream of joining the Indian Army, only to face harsh realities that challenge his idealistic vision of military service.",30,Drama,Athiyan Athirai,"V R Dinesh, Kalaiyarasan, Riythvika, Vinsu Rachel Sam, Balasaravanan",Neelam Productions,19-09-2025,2025,9,Friday,130,0,0,0,0,0,0,0.6148,10,1
1226263,Netru Indha Neram,"A group of seven friends plan their vacation to Ooty. One among the seven goes missing. Parallely a serial killer is  haunting the town by killing the residents in a period of once in 28 days. The Police who deals with serial killer case, also starts investigating about the one who goes missing. The other six members are being investigated and this segment of  the film is shown in a Rashomon effect.Finally it's a matter of ""WHODUNNIT?"".",77,"Mystery, Thriller",Sai Roshan K.R,"Shariq Hassan, Haritha laxman, Monica Ramesh, Diwakar Kumar, Anand Raj",Clapin Filmotainment,29-03-2024,2024,3,Friday,0,0,0,0,0,0,0,0.867,0,0
1045830,Gurumoorthi,"An honest cop tries to track down a suitcase filled with ₹5 crore worth of unaccounted cash that belongs to a businessman. With at least a dozen individuals after it, can he recover it before it falls into the wrong hands?",41,"Action, Thriller",Tanasekar Palanivelu,"Natarajan Subramaniam, Poonam Bajwa, Ramki, Samyuktha Karthik, Sanjana Singh",Friends Talkies,09-12-2022,2022,12,Friday,122,0,0,0,0,0,0,0.6498,7,1
1278884,Inga Naan Thaan Kingu,"Vetri, a hapless bachelor gets tricked into marrying into a debt-ridden Zamindar family. When a terrorist’s death happens inside Vetri’s apartment, he and his goofy in-laws embark on a chaotic heist to retrieve the body from the mortuary and claim their reward.",42,"Comedy, Thriller",N. Anand,"Santhanam, Priyalaya, Thambi Ramaiah, Balasaravanan, Munishkanth",Gopuram films,11-05-2024,2024,5,Saturday,131,0,0,0,0,0,0,0.5746,5,1
1452611,Crisis,"A family man exhausted from the country’s inflation, decides to commit a crime for his inner will and to look after his family how he wants to. So, before that, he starts to collect virtue out of fear to equalize his crime.",42,,Soban Velrajah,"Kanth Ruban, Thangathurai Kuvenitha, Krishnakumar Thilakna, Krishnakumar Kanmani",Whitefox Production,22-03-2025,2025,3,Saturday,29,0,0,0,0,0,0,0.7559,0,0
1465943,Mandaadi,,0,"Action, Drama",Mathimaran Pugazhendhi,"Soori, Suhas, Mahima Nambiar, Sathyaraj, Achyuth Kumar",R S Infotainment,04-09-2026,2026,9,Friday,0,69806000,0,6.98,0,0,0,0.6516,0,0
330402,Ivanukku Thannila Kandam,Three friends wake up after a night of senseless drinking only to be told by a mysterious person on the phone that he is taking care of their troubles as arranged by murdering the people standing in their way. What happened during the night and will they be able to stop the murders?,53,,S. N. Shaktevel,"Deepak Dinkar, Neha Ratnakaran, Elango Kumaravel, Sentrayan, Manobala",Unknown,13-03-2015,2015,3,Friday,0,0,0,0,0,0,0,0.6587,4.2,2
1506833,Magudam,,0,"Action, Thriller",Vishal Krishna,"Vishal Krishna, Anjali, Dushara Vijayan, John Vijay, Jayaprakash",Super Good Films,14-08-2026,2026,8,Friday,0,0,0,0,0,0,0,1.178,0,0
367778,Gethu,A hitman comes to a hill town to plot the murder of a top scientist. A young man and his righteous father stand in his way.,26,"Action, Thriller",Krish Thirukumaran,"Sathyaraj, Udhayanidhi Stalin, Vikranth, Amy Jackson, Karunakaran",Red Giant Movies,14-01-2016,2016,1,Thursday,118,0,0,0,0,0,0,0.6644,4,9
1712444,Shanmugam Saloon,Shanmugam Saloon is a multiple award winning pilot film which is about a  conversation between a barber and his regular customer on a rainy Sunday which talks about existential crisis of humans in this modern day society .,38,,Karuppiah C Ram,"Charle, Pradeep Ranganathan",Unknown,01-05-2020,2020,5,Friday,11,0,0,0,0,0,0,0.9022,0,0
1567963,Auto Queens,"Mohana is the president of the first trade union for women auto rickshaw drivers in the southeast Indian state of Tamil Nadu. As well as maneuvering her own auto through the busy streets of Chennai, she has to navigate a sexist and patriarchal system to secure equal opportunities for women drivers. She faces constant resistance—with conflicts and humiliations every day.",60,Documentary,Sraiyanti,,Unknown,16-11-2025,2025,11,Sunday,30,0,0,0,0,0,0,0.9093,0,0
851634,Taanakkaran,A group of police recruits encounter horrific treatment at their police training school. Will they overcome the hardships or fall victims to the abusive system?,25,Drama,Tamizh,"Vikram Prabhu, Anjali Nair, Lal, M. S. Bhaskar, Madhusudhan Rao",Potential Studios,08-04-2022,2022,4,Friday,142,0,0,0,0,0,0,0.6419,6.3,10
1195516,80's Buildup,A youngster accepts his sister's challenge to make the girl who has come to his grandfather's funeral to fall in love with him before the last rites are done.,29,"Comedy, Romance",Kalyaan,"Santhanam, Radhika Preeti, K. S. Ravikumar, Mansoor Ali Khan, Rajendran",Studio Green,24-11-2023,2023,11,Friday,122,0,0,0,0,0,0,0.5036,5.2,2
370467,Thiraipada Nagaram,"Muthu,Senthil,Asim,Munna,Thenali and Kumar are six friends who aspire to become a director, cinematographer, music director, lyricist, hero and comedian. They are tenants at Devadharshini's place and they hunt for opportunities.  Opportunity keeps evading them and they are often tricked by money racketing fake production houses. After many such dejections they get a chance to make a movie through a Production Manager (Thambi Ramayya). Whether they make use of the opportunity and make a movie and realise their dreams is 'Thiraipada Nagaram'.",81,,Unknown,"Thambi Ramaiah, Priya, Muthu",Unknown,22-10-2015,2015,10,Thursday,0,0,0,0,0,0,0,0.7753,7,1
404711,Dhilluku Dhuddu,A rich man decides to do away with the middle-class guy whom his daughter loves by inviting the guy's family to a palatial house on the pretence of marriage. What he doesn't know is that the place is haunted by a fearsome ghost.,43,"Comedy, Horror",Rambhala,"Santhanam, Anchal Singh, Karunas, Rajendran, Saurabh Shukla",Sri Thenandal Films,07-07-2016,2016,7,Thursday,133,0,116900000,0,11.69,0,0,0.6305,5.2,9
1427183,Gavanam,,0,"Action, Thriller",Unknown,"Som Shekar, Srushti Dange",Unknown,24-01-2025,2025,1,Friday,136,0,0,0,0,0,0,0.696,0,0
1433240,Pazhagiya Naatkal,"The story revolves around a teenage romance between students, which their respective parents dismiss as a crush. Then, in a twist of events, the girl achieves her dream of becoming a doctor. The boy was a loser. They meet again after many years. The boy turned his failure into success without knowing that the same girl helped him succeed in his career.",62,Drama,Ramdev,"Srinath Alnath, Meeran, Nellai Siva",Ramdev Pictures,19-02-2021,2021,2,Friday,0,0,0,0,0,0,0,0.6652,0,0
1263431,Kadamai,This is an emotional short film which revolves around a father and a son.,14,Drama,Fleming christy,"Nitish, Fleming christy, Yovien, Samuel Benjamin",FC productions,27-01-2023,2023,1,Friday,6,0,0,0,0,0,0,0.6025,0,0
318941,Darling,"Three young people decide to commit suicide and go to a beach house to die, not realizing that a ghost haunts the place…",23,"Drama, Horror, Thriller",Sam Anton,"G. V. Prakash Kumar, Nikki Galrani, Karunas, Balasaravanan, Srushti Dange",Studio Green,15-01-2015,2015,1,Thursday,126,0,0,0,0,0,0,0.6903,6,13
1143235,Marakkave Ninaikiren,"Life of Kanagu and Sumi told in parts where we witness them go through love, sin and forgiveness. It discusses the ethical and moral dilemma of humans to forget and forgive a person who has come realising the sins that they have committed.",43,"Drama, Romance",Nava Yugan A A,"Rishikanth, Rohini Natarajan, Vadivel Murugan, Aadhan kumar, Muthamizh",Idly upma originals,23-06-2023,2023,6,Friday,34,0,0,0,0,0,0,0.6226,0,0
1185591,Hitler,A man and his new love are caught in the middle of a dangerous conflict between a tough detective and a tyrannical politician.,23,"Action, Drama",Dhana,"Vijay Antony, Riya Suman, Gautham Vasudev Menon, Vivek Prasanna, Redin Kingsley",Chendur Film International,27-09-2024,2024,9,Friday,128,0,0,0,0,0,0,0.6298,2.5,2
1386625,Emakku Thozhil Romance,"Umashankar, who is an assistant director in the film industry, falls in love with Leo. In this case, Umashankar's friend Saranya to get pregnant through his lover Prashant, and Leo,who thought Umashankar was the reason, hated him and refused to love him, the two eventually reconcile after letting Leo know the truth.",52,Romance,Balaji Kesavan,"Ashok Selvan, Avantika Mishra, Urvashi, N. Azhagamperumal, M. S. Bhaskar",T Creations,22-11-2024,2024,11,Friday,0,0,0,0,0,0,0,0.5557,3.5,2
1063556,V3,"Human rights commission of India appoint Sivagami, an ex-IAS officer, to interrogate the police officials in-charge of the encounter of five youngsters,  for allegedly raping and murdering an innocent girl, Vindhya and find out what had actually happened. Sivagami's interrogation leads to a series of revelations that shock Sivagami and the parents of the youngsters who died in the encounter.",60,"Crime, Thriller, Action, Drama",P. Amudhavanan,"Varalaxmi Sarathkumar, Paavana Gowda, Esther Anil, Aadukalam Naren, Ponmudi",Team A Ventures,06-01-2023,2023,1,Friday,127,0,0,0,0,0,0,0.7451,0,0
1444744,Konjam Kadhal Konjam Modhal,"the Story Revolves Around a Young Man and a Young Woman, Who Pretend to Be Rich in Order to Impress Each Other. According to Them, Money is the Key to Happiness. But, One Day They Find Out That Neither of Them is  Rich. This Bitter Truth Makes Them Feel Disappointed and They Are Parted. Later, They Meet an Elderly Couple Who Share Selfless Love With One Another. The Husband Lives for the Wife and the Wife Lives for the Husband. Their Deep and True Love Impacts the Young Couple. The Conclusion of the Story is Marked by the Profound Transformation in the Young Couple's Mindset, Inspired by the Old Couple's Enduring Love.",112,"Romance, Comedy",K. Rangaraj,"Srikanth, Pujita Ponnada, K R Vijaya, Delhi Ganesh, Singampuli",Sri Ganapathy Films,14-03-2025,2025,3,Friday,0,0,0,0,0,0,0,0.5454,0,0
1008226,Rajakili,A God fearing multi-millionaire gets his life in shambles and becomes mentally & physically challenged after an entanglement with two other women apart from his first wife.,27,"Family, Crime, Drama, Comedy",Umapathy Ramaiah,"Thambi Ramaiah, Samuthirakani, Aadukalam Naren, Deepa Shankar, G Praveen Kumar",V House Productions,27-12-2024,2024,12,Friday,132,0,0,0,0,0,0,0.8022,0,0
683232,Day Knight,A train robbery happened between Salem and Chennai and two years later the money travels from India to Australia.,19,"Mystery, Thriller",NK Kandi,"Aadarsh Pullanikat, Annam Shajan, Riya Choudhary, NK Kandi, Jojo Cyriac George",Unknown,14-02-2020,2020,2,Friday,115,0,0,0,0,0,0,0.7195,0,0
1462710,Badava,"A jobless troublemaker is forced to move to Malaysia for work, only to lose his job and return home. Meanwhile, a powerful brick kiln owner enslaves the local population. The story follows how the hero rises to the challenge, using his courage to free the people and restore joy to the community.",52,"Action, Comedy, Drama",KV Nandha,"Vimal, Devadarshini, Soori, Senthil, Namo Narayana",Unknown,14-02-2025,2025,2,Friday,150,0,0,0,0,0,0,0.6723,0,0
413028,Rum,A gang of robbers ends up in a haunted bungalow in the middle of a forest.,16,"Thriller, Horror",Sai Bharath,"Narain, Sanchita Shetty, Miya George, Vivek, Amzath Khan",All In Pictures,17-02-2017,2017,2,Friday,131,0,0,0,0,0,0,0.6331,5,2
367179,Oru Naal Koothu,"A bunch of characters, each with their own set of problems, try to tackle the question of marriage that hangs over their lives.",23,"Comedy, Drama, Romance",Nelson Venkatesan,"V R Dinesh, Miya George, Nivetha Pethuraj, Dev Ramnath, Riythvika",Kenanya Films,10-06-2016,2016,6,Friday,134,0,0,0,0,0,0,0.6682,7,6
634040,Ungala Podanum Sir,"Daveeth arrested for killing two of his friends. Arguments going on in the court, Daveeth says ""I'm not the killer, they are the Killers, a true story behind me, if u know the story, you can find that what is truth.",41,"Comedy, Horror",Sreejith Vijayan,"Jithan Ramesh, Kalloori Vinoth, Manobala, Jonita Doda, Poraali Dileepan",Unknown,13-09-2019,2019,9,Friday,120,0,0,0,0,0,0,0.6479,0,0
1167205,Devil,"when Arun enters their lives, altering the course of their relationship. The consequence of their toxic relationship leads them into a dark world, as the narrative unfolds in a horror setting.",31,"Horror, Thriller",G. R. Adithya,"Poorna, Vidharth, Thrigun, Subhashree Rayaguru",Maruthi Films,02-02-2024,2024,2,Friday,0,0,0,0,0,0,0,0.6782,4.5,2
329143,En Vazhi Thani Vazhi,An intrepid encounter specialist takes on everyone who tries to rein him in and clashes with an international outcome.,19,,Shaji Kailas,"R. K., Poonam Kaur, Meenakshi Dixit, Rajiv Krishna, Radha Ravi",Unknown,06-03-2015,2015,3,Friday,0,0,0,0,0,0,0,0.6045,2,2
280172,Serndhu Polama,"Abhishek, a photographer, is on a journey from Auckland to South Island to stop the marriage of his lover Julie, with his childhood friend Sherin. But little does he realize that Sherin is travelling with him with the intention of murdering him!",42,"Drama, Comedy, Thriller, Romance",Anil Kumar,"Vinay Rai, Nyra Banerjee, Preethi Christina Paul, Thambi Ramaiah, Thalaivasal Vijay",Aiswarya Entertainments,06-03-2015,2015,3,Friday,0,0,0,0,0,0,0,0.5801,3,1
616896,Petromax,A man struggles to sell his house that is haunted so he arranges four people to live in the house for a few days to prove that there are no ghosts.,31,"Comedy, Horror",Rohin Venkatesan,"Tamannaah Bhatia, Kaali Venkat, Munishkanth, Sathyan Sivakumar, Yogi Babu",Eagle Eye Entertainment,11-10-2019,2019,10,Friday,128,0,0,0,0,0,0,0.7779,6.1,12
1008633,Brother,"Karthik, an unwavering idealist, goes on a journey to restore harmony in the fractured family and prove himself, when his pursuit of justice inadvertently clashes with family loyalty.",28,"Drama, Family, Comedy",M. Rajesh,"Ravi Mohan, Priyanka Arul Mohan, Bhumika Chawla, Natarajan Subramaniam, Rao Ramesh",Screen Scene Media Entertainment,30-10-2024,2024,10,Wednesday,140,0,0,0,0,0,0,0.7696,6.5,2
404720,Oru Melliya Kodu,"A rich businesswoman is murdered and her body goes missing, putting her husband high on the investigating cop's suspect list.",20,"Thriller, Crime, Action",A. M. R. Ramesh,"Arjun Sarja, Shaam, Manisha Koirala, Aqsa Bhatt, Seetha",Akshaya Creations,26-02-2016,2016,2,Friday,124,0,0,0,0,0,0,0.6186,5.5,3
505929,90 ML,"Thamara, Paru, Kajal and Suganya are four friends who are rather tired of their uneventful routine. However, things take a turn for the better with the arrival of the spirited and outgoing Rita, a young woman who encourages them to live their lives to the fullest.",46,"Comedy, Drama",Anita Udeep,"Oviya Helen, Anson Paul, Masoom Shankar, Monisha Ram, Shree Gopika",NVIZ Entertainment,01-03-2019,2019,3,Friday,125,0,0,0,0,0,0,0.683,4.9,11
608539,Aelay,An embittered son returns to his native village to perform the final rites of his dead father.,17,Comedy,Halitha Shameem,"Samuthirakani, Manikandan, Madhumathi, Deepa Shankar",Reliance Entertainment,28-02-2021,2021,2,Sunday,153,0,0,0,0,0,0,0.6368,6.5,6
1112505,Kulasami,"Soora Sangu, an auto-rickshaw driver, struggling to cope with post a personal loss, decides to fight against the social evils that exploit women sexually.",24,"Action, Drama, Romance",Saravana Sakthi,"Vimal, Tanya Hope, Bose Venkat, Vinodhini Vaidyanathan, S. R. Jangid",MIK Productions,05-05-2023,2023,5,Friday,121,0,0,0,0,0,0,0.5324,7,2
968081,Gulu Gulu,A travel junkie with no one particular identity to himself creates a chaos when he sets out to help a group to rescue their friend.,25,"Comedy, Adventure, Romance",Rathna Kumar,"Santhanam, Athulya Chandra, Namita Krishnamurthy, Pradeep Ram Singh Rawat, George Mariyan",Circle Box Entertainment,29-07-2022,2022,7,Friday,122,0,0,0,0,0,0,0.6337,3.8,4
412455,Semma Botha Aagatha,"After a night of binge drinking, a youngster decides to invite a call girl home on the advice of his friend. When the girl ends up dead in his apartment in his absence, he has to track down the person who could have murdered her.",45,"Romance, Action, Comedy",Badri Venkatesh,"Atharvaa Murali, Mishti Chakravarty, Anaika Soti, John Vijay, Karunakaran",Kickass Entertainment,29-06-2018,2018,6,Friday,133,0,0,0,0,0,0,0.7968,4.7,10
1351991,Miss You,What happens when a guy falls in love with the girl he thought he hated the most? Why does her simple `no` mean so much more than it seems?.,29,"Romance, Comedy",N. Rajasekhar,"Siddharth, Ashika Ranganath, Karunakaran, Balasaravanan, Sastika Rajendran",Unknown,13-12-2024,2024,12,Friday,128,0,0,0,0,0,0,0.7145,6.1,6
280883,Isai,A once-successful veteran is envious of the success that his one-time assistant as a music director and plots to bring him down by ruining both his career and life.,29,"Thriller, Drama, Romance",S. J. Suryah,"S. J. Suryah, Savithri, Sathyaraj, Thambi Ramaiah, N. Azhagamperumal",SS Productions,30-01-2015,2015,1,Friday,190,65965000,0,6.6,0,0,0,0.7071,7.3,7
620769,Rajavamsam,"A young man, amidst a prestigious project in his IT firm, goes to his village to visit his family and meet his future bride. However, he learns that she is in love with his relative.",35,"Action, Family, Romance",K. V. Kathirvelu,"M. Sasikumar, Nikki Galrani, Yogi Babu, Vijayakumar, Rekha",Chendur Film International,26-11-2021,2021,11,Friday,148,0,0,0,0,0,0,0.6016,6,1
955467,Bumper,"Pulipandi and friends, wanted by police, escape to Sabarimala. Pulipandi buys lottery, loses it. Lottery is found, wins 10 crores. Will Pulipandi get the prize? Action-packed rollercoaster unfolds.",28,"Drama, Action, Comedy",M. Selvakumar,"Vetri, Shivani Narayanan, Hareesh Peradi, Tiger Thangadurai, Kavitha Bharathi",Vetha Pictures,07-07-2023,2023,7,Friday,149,0,0,0,0,0,0,0.5821,10,1
618703,Panni Kutty,A down-on-luck man has to run over a piglet that had caused a minor accident to get lucky in life. But the animal belongs to a man who has to keep it safe for his wedding to happen!,38,"Drama, Comedy",Anucharan,"Karunakaran, Lakshmi Priya, Yogi Babu, Shathiga, Dindugul Leoni",Lyca Productions,08-07-2022,2022,7,Friday,122,0,0,0,0,0,0,0.6671,4,1
828943,Hostel,"A girl gets trapped inside a boys' hostel, which is under surveillance of a strict warden. Why has she entered the place and what happens next?",26,"Comedy, Drama",Sumanth Radhakrishnan,"Ashok Selvan, Priya Bhavani Shankar, Sathish, Nassar, Munishkanth",Trident Arts,28-04-2022,2022,4,Thursday,129,0,0,0,0,0,0,0.6073,2,1
412333,Mohini,A spirit takes revenge on a few people by entering into the body of its lookalike.,16,"Comedy, Horror, Thriller",Ramana Madhesh,"Trisha Krishnan, Jacky Bhagnani, Yogi Babu, Suresh, Mukesh Tiwari",Prince Pictures,27-07-2018,2018,7,Friday,142,0,0,0,0,0,0,0.7064,4.7,6
423197,Revelations,"This anatomy of a marriage explores complications, sexuality, and guilt.",10,Drama,Vijay Jayapal,"Arpita Banerjee, Rohini Chatterjee, Lakshmi Priyaa, Aanantharaman Karthik",Tournage Productions,22-10-2016,2016,10,Saturday,58,0,0,0,0,0,0,0.4744,7.4,5
522052,Dharavi,,0,,Pavithran,"Sathish Bala, Sunu Lakshmi, Prabu Sathish",ARS International,02-03-2018,2018,3,Friday,0,0,0,0,0,0,0,0.8382,0,0
336259,India Pakistan,"It is only after moving in to their shared office space do Karthick and Mellina realize that they are in the same profession — law. So, they decide that whoever gets a case first will stay in the place and fight tooth-and-nail to get a case. Meanwhile, a cop, who is searching for a DVD containing video of his illegal encounter, is after Mellina thinking that she is in possession of it.",72,"Comedy, Romance",N. Anand,"Vijay Antony, Sushma Raj, Pasupathy, Jagan, M. S. Bhaskar",Vijay Antony Film Corporation,08-05-2015,2015,5,Friday,157,0,0,0,0,0,0,0.7245,5.3,3
1358787,HMM – Hug Me More,"It’s purely a revenge suspense thriller. The play of the movie is about one night stand story what happens between both leads male and female. Male lead tries to kill the female lead is the play of the movie, for what reason and what happens to both is the climax",50,Horror,Narasimman Packirisamy,"Narasimman Packirisamy, Sumirah, Anurag  Mandal, Siva, Sharmila",Bright Entertainment Times,20-09-2024,2024,9,Friday,0,0,0,0,0,0,0,0.8129,0,0
1552822,Chentha,"Childhood friends' bond shatters when unrequited love turns to betrayal and revenge, leaving a baby caught in the crossfire.",19,Drama,Sahayanathan,"Ditto, Mahesh, Deepiksha, Java Sundaresan, Madhumitha",Sri Chitra Pournami Film,11-02-2021,2021,2,Thursday,122,0,0,0,0,0,0,0.6169,0,0
979808,Karumegangal Kalaiginrana,"Two fathers, from different age groups, are on a quest to mend things with their children, while a son goes after his father to redeem himself.",26,Drama,Thangar Bachan,"Bharathiraja, Aditi Balan, Yogi Babu, Gautham Vasudev Menon, S. A. Chandrasekhar",Vau Media Entertainment,01-09-2023,2023,9,Friday,138,0,0,0,0,0,0,0.5692,0,0
478200,Annadurai,The lives of twin brothers Annadurai and Thambidurai change radically following a murder that the former commits. How does he ensure that his sibling regains his old life?,28,"Action, Drama, Family",G. Srinivasan,"Vijay Antony, Diana Champika, Mahima Nambiar, Jewel Mary, Radha Ravi",Vijay Antony Film Corporation,30-11-2017,2017,11,Thursday,122,0,0,0,0,0,0,0.5612,4.571,7
460269,7 Naatkal,"The murder of a girl unexpectedly turns the life of two people topsy-turvy. Even as they run for their lives, they try to find the real culprit behind the assassination",30,"Action, Crime, Thriller",V. R. Gautham,"Sakthi Vasu, Ganesh Venkatraman, Nikesha Patel, Prabhu, Angana Roy",Million Dollar Movies,02-06-2017,2017,6,Friday,133,0,0,0,0,0,0,0.5248,4,2
974466,Anel Meley Pani Thuli,"After being sexually assaulted, a woman realises that the perpetrators are people in power. Battling mental agony, she is now forced to fight social stigma.",25,"Drama, Thriller",R Kaiser Anand,"Andrea Jeremiah, Aadhav Kannadasan, N. Azhagamperumal, Ilavarasu, Anupama Kumar",Grass Root Film Company,18-11-2022,2022,11,Friday,119,0,0,0,0,0,0,0.5754,9,1
1175103,Tamil Kudimagan,"Despite being at a respectable job of Village Administrative Officer (VAO), Chinnasamy, an enterprising youngster from an oppressed class has still been called by the upper caste people to perform the death rituals. However, the problem arises when he refrains to perform the last rites for a village elder.",49,Drama,Esakki Karvannan,"Cheran, Sri Priyanka, Lal, Aruldoss, Vela Ramamoorthy",Lakshmi Creations,07-09-2023,2023,9,Thursday,123,0,0,0,0,0,0,0.7266,7,1
496029,Kolaiyuthir Kaalam,"The heiress of a multi-millionaire, a hearing and speech impaired young woman, has to fend off a slasher all alone in her palatial estate.",24,"Crime, Thriller, Horror",Chakri Toleti,"Nayanthara, Prathap Pothan, Bhumika Chawla, Rohini Hattangadi, Lee Nicholas Harris",Etcetera Entertainment,08-08-2019,2019,8,Thursday,109,0,0,0,0,0,0,0.6755,4,10
352115,Aavi Kumar,"Aavi Kumar, a medium, gets into a tangle after he tells a sceptical cop he has charged the wrong man for a murder.",23,"Horror, Romance, Comedy, Drama",K Kandeeban,"Udhaya, Kanika Tiwari, Nassar, Jagan, Manobala",Unknown,24-07-2015,2015,7,Friday,123,0,0,0,0,0,0,0.5898,4,2
880555,Kasethan Kadavulada,Ramu schemes a devious plan when an affluent & dominating stepmother refuses him financial aid. Does he succeed in his plot to loot her high-security vault along with his cousin & friend?,32,"Comedy, Drama",R. Kannan,"Shiva, Karunakaran, Priya Anand, Yogi Babu, Urvashi",Masala Pix,27-05-2023,2023,5,Saturday,111,0,0,0,0,0,0,0.6859,3.7,3
1310134,Nesippaya,"Two lovers, separated by life's circumstances, are reunited by a tragic fate—a murder. Arjun, driven by his love for Diya, defies all odds, crosses boundaries, and braves the unknown to uncover the truth behind her tragic fate.",37,"Action, Romance",Vishnu Varadhan,"Akash Murali, Aditi Shankar, Prabhu, R. Sarathkumar, Khushboo",XB Film Creators,14-01-2025,2025,1,Tuesday,144,200400000,0,20.04,0,0,0,0.5811,0,0
858073,Aranmanai 3,"The ghost of a wronged mother tries to take revenge on a Zamindar and his daughter, but one man stands in its way!",23,"Comedy, Horror, Drama",Sundar C,"Arya, Raashii Khanna, Andrea Jeremiah, Sundar C, Vivek",Avni Cinemax,14-10-2021,2021,10,Thursday,155,0,0,0,0,0,0,0.565,3.567,15
369823,Hello Naan Pei Pesuren,A thief steals the mobile phone of an accident victim not realising that her ghost now resides in the device.,20,"Drama, Comedy, Horror, Romance",S. Baskar,"Vaibhav, VTV Ganesh, Oviya Helen, Aishwarya Rajesh, Karunakaran",Avni Cinemax,01-04-2016,2016,4,Friday,110,0,0,0,0,0,0,0.5743,4.5,11
1436608,कड़ावर,,0,"Drama, Mystery, Thriller, Crime",Anoop S Panicker,"阿玛拉·保罗Amala Paul, Riythvika, Munishkanth, 哈里什·乌达曼, Athulya Ravi",Unknown,12-08-2022,2022,8,Friday,0,0,0,0,0,0,0,0.7753,0,0
881645,Vinodhaya Sitham,"A 50-something man, who dies following an accident, gets a chance to fulfil his wishes when Time lets him have 90 more days to live.",25,"Drama, Comedy",Samuthirakani,"Samuthirakani, Thambi Ramaiah, Munishkanth, Sanchita Shetty, Yuvasri Lakshmi",Unknown,13-10-2021,2021,10,Wednesday,97,0,0,0,0,0,0,0.6976,5.3,7
901163,Puriyadha Anandam Puthithaga Arambam,An romantic tale set at Madurai Backdrop.,7,,Thambi Syed Ibrahim,"Krish, Srushti Dange, Misha Ghoshal, Kayal Devaraj, Nithish Veera",Unknown,05-06-2015,2015,6,Friday,140,0,0,0,0,0,0,0.5963,0,0
1100911,Kazhuvethi Moorkkan,Moorkkasaamy and Bhoominathan are divided by caste yet bound together by a friendship originated during their school days. Havoc reigns when Moorkkan’s father is attacked and all clues direct to Bhoomi being the perpetrator and the circumstances put the lives of two friends in a turmoil.,46,"Action, Family",Sy Gowtham Raj,"Arulnithi, Dushara Vijayan, Santhosh Prathap, Chaya Devi, Munishkanth",Olympia Movies,26-05-2023,2023,5,Friday,152,0,0,0,0,0,0,0.579,6.8,4
910837,Selfie,"When Kanal, a B-grade engineering college student, finds out that his dad went on to pay a hefty amount as “donation” to get him the seat, the liquor-swigging student is introduced to the underground world of the admission racket system in colleges.",42,"Action, Thriller",Mathimaran Pugazhendhi,"G. V. Prakash Kumar, Varsha Bollamma, Gautham Vasudev Menon, DG. Gunanidhi, Vagai Chandrasekar",V Creations,01-04-2022,2022,4,Friday,131,0,0,0,0,0,0,0.726,8,2
1468291,Jinn-The Pet,"A musician brings home an ancient box containing a mystical Jinn, only to discover the creature he blamed for his family's misfortunes is actually their protector.",26,"Comedy, Horror",TR Bala,"Mugen Rao, Bhavya Trikha, Balasaravanan, Yuvikha Rajendran, Imman Annachi",Fairytale Pictures,30-05-2025,2025,5,Friday,136,0,0,0,0,0,0,0.5736,4,3
1273336,Siragan,"A MLA Come Out of His Home in Search of His Missing Son Later He Meets His Advocate Friend, to Discuss About His Sons Missing, There He Gets Murdered by Someone, This All Happens Because of an Incident Happened Two Years Back. Due to a Small Mistake That Which Leads to a Mystery Crime Event Inside the City.",58,"Crime, Thriller",Venkateshwaraj,"Gajaraj, Vinoth GD, Jeeva Ravi, Ananth Nag, Harshitha Ram",Mad Film Production,20-04-2024,2024,4,Saturday,0,0,0,0,0,0,0,0.8107,0,0
505879,Vanjagar Ulagam,"A woman is murdered and her neighbour is picked up as a suspect. Meanwhile, a journalist believes he can use this murder to lure an elusive gangster, with help from the guy’s former accomplice.",34,"Action, Crime, Thriller",Manoj Beedha,"Guru Somasundaram, Ciby Bhuvana Chandran, Vishagan Sulur Vanangamudi, Anisha Ambrose, Chandhini Tamilarasan",Labyrinth Pictures,07-09-2018,2018,9,Friday,161,0,0,0,0,0,0,0.5847,4.8,4
344334,Inimey Ippadithan,"Seenu is in love with Maha but his parents fix up his marriage with Akhila. However, circumstances force him to stay silent every time he tries to reveal his love affair.",31,"Comedy, Romance",Muruganand,"Santhanam, Ashna Zaveri, Akhila Kishore, VTV Ganesh, Thambi Ramaiah",Handmade Films,12-06-2015,2015,6,Friday,134,0,0,0,0,0,0,0.6775,5.5,10
1724890,Find Me,"During the COVID-19 lockdown, a series of mysterious murders spreads fear across the city. As the investigation unfolds, hidden secrets and unexpected twists make it increasingly difficult to identify the killer. Every clue leads to another mystery in this Tamil crime thriller.",42,"Crime, Thriller, Mystery",Krithick Krishnan,"Krithick Krishnan, Ashwin S A, John Praveen, Prabu Murugha, Kishore A",KNR Studios,03-07-2026,2026,7,Friday,160,0,0,0,0,0,0,0.6375,10,1
1474389,Feast (Virundhu),"“Virundhu” means feast this unfolds in a household where tradition and cruelty intertwine. Divya, a young woman trapped in a suffocating marriage and a toxic family dynamic, is weighed down by a lifetime of control and expectations. From a rigid upbringing to an oppressive home, she silently endures emotional abuse as her dreams fade away. But when resentment turns into a desperate need for freedom, Divya takes a drastic step to reclaim her identity, altering her fate forever.",78,"Thriller, Drama",Nihaal,"Mrudula, Radhakrishnan, Vidhya Borgia",Unknown,28-02-2025,2025,2,Friday,13,0,0,0,0,0,0,0.59,0,0
1463344,Red Flower,"Military legacy drives twin brothers in 2047 India. Their paths divide when one receives a classified assignment, while rejection leads his brother to join opposing forces",26,"Action, Science Fiction",Andrew Pandian,"Vignesh, Manisha Jashnani, Thalaivasal Vijay, Nassar, John Vijay",Sri Kaligambal Pictures,08-08-2025,2025,8,Friday,0,0,0,0,0,0,0,0.6125,0,0
624565,Thalli Pogathey,"A woman invites her ex-lover, to spend 10 days with her and her husband to show that she is actually leading a happy life.",24,"Romance, Comedy",R. Kannan,"Atharvaa Murali, Anupama Parameswaran, Aadukalam Naren, Amitash Pradhan, Kaali Venkat",Masala Pix,24-12-2021,2021,12,Friday,129,0,0,0,0,0,0,0.7429,5.5,4
370962,Veerasivaji,"Shivaji, a taxi driver, has to arrange money for his niece's surgery, but things go awry when he gets entangled in a web of deceit.",25,"Action, Romance, Comedy",Ganesh Vinayak,"Vikram Prabhu, Shamili, John Vijay, Swetha, Rajendran",Madras Enterprises,16-12-2016,2016,12,Friday,132,0,0,0,0,0,0,0.5696,3.5,2
764215,Irandam Kuththu,"Two friends who are taken for gays all their lives marry two girls and go to a resort in Bangkok for their honeymoons, where a horny ghost who won't let them in peace until they satisfy it sexually.",38,"Horror, Comedy",Santhosh P. Jayakumar,"Santhosh P. Jayakumar, Daniel Annie Pope, Meenal Sahu, Karishma Kaul, Akrithi Singh",Unknown,14-11-2020,2020,11,Saturday,119,0,0,0,0,0,0,0.5497,2,6
1040137,Guardian,"A girl who has been unlucky all her life is possessed by a vengeful ghost, accidentally, which turns the table down in her life on a positive note. But the ghost has other motives.",34,"Horror, Thriller",Guru Saravanan,"Hansika Motwani, Suresh Chandra Menon, Sriman, Baby Krishita, Rajendran",Filmworks,08-03-2024,2024,3,Friday,120,0,0,0,0,0,0,0.6567,10,1
368285,Oru Naal Iravil,"A family man gets stuck inside a building with a prostitute, whom he had solicited. As time goes by, the probability of him being caught red-handed by his family or neighbours keeps increasing.",33,"Action, Thriller",Anthony,"Sathyaraj, Anumol, Yugi Sethu, Kalyani Natarajan, Sundarrajan",Paulsons Media,20-11-2015,2015,11,Friday,0,0,0,0,0,0,0,0.6102,6,4
1150401,Kalvan,"In his pursuit of employment, a reformed thief encounters a setback and seeks an elderly man who then becomes the linchpin in his journey toward a fresh start.",28,Drama,P. V. Shankar,"G. V. Prakash Kumar, Bharathiraja, Ivana, KPY Dheena, G. Gnanasambandam",Axess Film Factory,04-04-2024,2024,4,Thursday,142,0,0,0,0,0,0,0.5353,6,1
988275,Kidugu,"It's the story of dravidam and sanghingal tamilnadu people,who had been idiots for 75 years. Let's see who's going to win this war",23,,veera murugan,"Kalloori Vinoth, Birla Bose, Komban Enba, Manimaran, Vadivel magesh",Ramalakshmi productions,03-03-2023,2023,3,Friday,120,0,0,0,0,0,0,0.5312,0,0
1230097,Blue Star,The captains of two rival village cricket teams must put their longstanding grudge aside in order to take on the bullies threatening their right to play.,26,Drama,S. Jayakumar,"Ashok Selvan, Shanthanu Bhagyaraj, Keerthi Pandian, Prithvi Pandiarajan, Bagavathi Perumal",Neelam Productions,25-01-2024,2024,1,Thursday,166,0,0,0,0,0,0,0.5689,7.8,8
1169883,Paramporul,"Aadhi, A troubled young man who desperately in need of money crosses path a self-centric police officer Maithreyan, during a theft. They both get involved in an idol smuggling and face the repercussions.",33,"Action, Crime, Thriller",C Aravind Raj,"R. Sarathkumar, Amitash Pradhan, Kashmira Pardesi, Balaji Sakthivel, Ravi Venkatraman",Sakthi Film Factory,01-09-2023,2023,9,Friday,147,0,0,0,0,0,0,0.7085,6.6,5
412991,Rangoon,"The life of three youngsters, who go to Rangoon to strike a business deal, witnesses several twists and turns, for which they pay heavy price.",25,"Thriller, Romance, Action",Rajkumar Periasamy,"Gautham Ram Karthik, Sana Makbul, Siddique, Daniel Annie Pope, Lallu Prasath",A.R.Murugadoss Productions,09-06-2017,2017,6,Friday,127,0,0,0,0,0,0,0.6621,5.9,8
280090,Sandamarutham,"Sandamarutham is an age old story of an honest cop and his mission against a deadly villain, the only silver lining here is that Sarath Kumar has played both the villain and hero. Sarveswaran (Sarath Kumar) is a deadly don in Kumbakonam and he runs the underworld chemical bomb business to devastate the entire country. Mean time, we are shown another Sarath Kumar (Suriya) who is an undercover cop and he gets to know the real side through his honest cop friend Thirumalai (Samuthira Kani) who was murdered by the same chemical bomb. On his mission Suriya also encounters RR (Radharavi) who is a close friend of Sarveshwaran. The rest of the story tells how Suriya knocks down Sarveswaran.",119,"Family, Action, Drama",A. Venkatesh,"R. Sarathkumar, Meera Nandan, Oviya Helen, Radhika Sarathkumar, Samuthirakani",Magic Frames,20-02-2015,2015,2,Friday,149,0,0,0,0,0,0,0.6152,6,2
1031969,Kaadhal Enbadhu Podhu Udamai,"A young woman's love for another woman shocks her parents, who struggle to accept same-sex relationships. As they move from rejection to denial and conditions to possible acceptance, the couple navigates the emotional fallout.",34,"Drama, Romance, Family",Jayaprakash Radhakrishnan,"Lijomol Jose, Rohini, Vineeth Radhakrishnan, Kalesh Ramanand, Anusha Prabhu",Symmetry Cinemas,14-02-2025,2025,2,Friday,108,0,0,0,0,0,0,0.7161,0,0
505686,Boomerang,"A guy who gets a face transplant done, following a fire accident, realises many are after his life. He sets out to find the reason for the same.",28,"Action, Thriller",R. Kannan,"Atharvaa Murali, Megha Akash, Indhuja Ravichandran, Sathish, RJ Balaji",Masala Pix,08-03-2019,2019,3,Friday,130,0,0,0,0,0,0,0.6729,5.143,7
733237,Coffee Cafe,"This film features four stories of four characters connected to each other. Vinothini an independent divorcee runs a coffee café and creates modern plays based on the street play 'Therukoothu. Kaveri, a 40-year-old transgender works at the coffee shop as housekeeping. Senthil an independent filmmaker who struggles for his debut film is in a financial crisis. Pooja, a freaky girl wants to live life on her terms and on one particular night, an incident makes them all connect which one leads the plot.",83,Drama,Arunkumar Senthil,"Abirami, Dilli, Shara Monu, Kalaimamani Sudha",Unknown,22-07-2020,2020,7,Wednesday,126,0,0,0,0,0,0,0.6729,0,0
1528217,Vaanaran,"Vaanaran is a Tamil movie starring Bijesh Naghesh, A. Akshya, Baby Varshini, Jeeva Thangavel and Aadeshbala in prominent roles. It is directed by Sriram Padmanabhan.",25,Drama,Sriram Padmanabhan,"Bijesh Nagesh, A. Akshya, Baby Varshini, Jeeva Thangavel, Aadesh Bala",Orange Pictures,08-08-2025,2025,8,Friday,0,0,0,0,0,0,0,0.6173,0,0
1281459,Oru Nodi,"Police Inspector Paridhi Ilamaran investigates the disappearance of Sakuththala's husband with money, uncovering a web of political corruption and organized crime in Madurai.",23,"Crime, Thriller, Drama",B. Manivarman,"Thaman Kumar, M. S. Bhaskar, Vela Ramamoorthy, Deepa Shankar, Sriranjini",Unknown,26-04-2024,2024,4,Friday,128,0,0,0,0,0,0,0.6474,7,1
874207,Writer,"A writer at a police station gets trapped in an illegal custody case involving an innocent PHD student. With his guilt and regret looming large, can he save the young man?",31,Drama,Franklin Jacob,"Samuthirakani, Hari Krishnan, Kavin Jay Babu, Subramaniam Siva, Iniya",Neelam Productions,24-12-2021,2021,12,Friday,150,0,0,0,0,0,0,0.725,7.3,3
453964,Pallikoodam Pogamale,There are two students Vijay and Kayal. Vijay is the son of a cab driver while Kayal comes from a rich family.  The story gets interesting when Kayal and Vijay goes missing after school hours. The parents of Vijay and Kayal lodges a police complaint in order to find them. Ganesh takes up the case and starts the investigation.,59,,Unknown,"Ganesh Venkatraman, Srihari, Aishwarya Raja, Tejas",Unknown,30-10-2015,2015,10,Friday,0,0,0,0,0,0,0,0.5964,0,0
499362,Thuppakki Munai,"Birla Bose, an encounter specialist's next assignment takes him to the holy city of Rameshwaram, where the greatest challenge of his career awaits for him.",25,"Romance, Action, Thriller",Dinesh Selvaraj,"Vikram Prabhu, Hansika Motwani, M. S. Bhaskar, Vela Ramamoorthy, Ammu Abhirami",V Creations,14-12-2018,2018,12,Friday,123,0,0,0,0,0,0,0.6891,4.8,7
524025,Asuravadham,"A stranger keeps threatening a man, promising him that he will kill him after a week. Who is the stranger and what is he after?",25,Action,M. Maruthupandian,"M. Sasikumar, Nandita Swetha, Vasumithra, Sreejith Ravi, Namo Narayana",Seven Screen Studios,29-06-2018,2018,6,Friday,122,0,0,0,0,0,0,0.6577,4.778,9
1425548,Karathey Babu,,0,"Action, Drama",Ganesh K. Babu,"Ravi Mohan, Daudee Jiwal, Sakthi Vasu, K. S. Ravikumar, Nassar",Screen Scene Media Entertainment,28-08-2026,2026,8,Friday,0,0,0,0,0,0,0,0.8858,0,0
388909,Suththi,"A spoof of the Tamil film Kaththi, Suththi highlights the toilet problem in rural areas of south India.",18,Comedy,Unknown,Vignesh Karthick,Unknown,27-02-2015,2015,2,Friday,20,0,0,0,0,0,0,0.5166,8,1
495105,Vidhi Mathi Ultaa,A youngster has a nightmare and gets the shock of his life when the events from the dream start happening in his real life.,24,"Drama, Comedy",Vijay Balaji,"Rameez Raja, Janani Iyer, Daniel Balaji, Sentrayan, Chitra Lakshmanan",Rite Media Works,05-01-2018,2018,1,Friday,113,0,0,0,0,0,0,0.577,4,1
412410,54321,"5 people, 4 different lifestyles, 3 murders, 2 hours, and 1 ultimate revenge—everything unfolds within the walls of a single house. Vinoth, adopted into a loving family, grows up showered with affection, while their biological son, Vikram, is left feeling overshadowed and resentful. Years later, fate brings them together again, giving Vikram the perfect chance to settle his childhood grievances. But as vengeance takes control, the night spirals into a deadly game of betrayal, secrets, and murder.",77,"Thriller, Drama",A Ragavendra Prasad,"Ravi Raghavendra, Rohini, Sanjeevi Hassan, Jayakumar, Pavithra Gowda",Mainstream Productions,26-08-2016,2016,8,Friday,120,0,0,0,0,0,0,0.5874,5.5,2
1223500,Jai Vijayam,"In the aftermath of his wife's inexplicable return, a changed man with a haunting absence of memories from the past ten years, Jai becomes consumed by a relentless pursuit of the truth. As he delves deeper into the shadows, he unravels a web of secrets and conspiracies, discovering that the key to his wife's transformation lies in a sinister world of danger and intrigue. With each revelation, the stakes escalate, pushing Jai to the edge as he races against time, navigating a treacherous path where every step brings him closer to a shocking and life-altering revelation.",96,Thriller,Jai Akash,"Jai Akash, Akshaya Kandamuthan, Atchaya Ray, Michael Augustine, ACP Rajendran",Jaiakash Films,29-12-2023,2023,12,Friday,0,0,0,0,0,0,0,0.6994,0,0
553699,Rajabheema,"A Young boy who has a close bond with an elephant since his childhood. Later, as he grows up, a powerful politician who is envious of him creates problems.",29,"Action, Thriller",Naresh Sampath,"Aarav Kizar, Ashima Narwal, Yogi Babu, Nassar, K. S. Ravikumar",Surabi Films,31-01-2025,2025,1,Friday,119,0,0,0,0,0,0,0.6718,0,0
280958,Kalavaadiya Pozhuthugal,The unexpected meeting of two ex-lovers after a long time affect the equation of their respective families,17,"Family, Romance, Drama",Thangar Bachan,"Prabhu Deva, Bhumika Chawla, Prakash Raj, Inbanila, Sathyaraj",Ayngaran International,29-12-2017,2017,12,Friday,157,0,0,0,0,0,0,0.6136,5,1
471113,Sathru,The kidnapping comes to a jolting halt when an honest police inspector decides to punish a five-member gang of youngsters who kidnap children for ransom.,25,"Romance, Action, Thriller",Naveen Nanjundan,"Kathir, Srushti Dange, Pawan, Ponvannan, Suja Varunee",RT Productions,08-03-2019,2019,3,Friday,129,0,0,0,0,0,0,0.5813,6.4,5
243708,JK Enum Nanbanin Vaazhkai,"After a party ends in traumatic fashion, the previously hedonistic JK begins to rethink his lifestyle and begins a quest for an honest yet quickly rewarding career to meet his family's needs.",32,,Cheran,"Sharwanand, Nithya Menen, Prakash Raj, Santhanam, Jayaprakash",Unknown,24-06-2016,2016,6,Friday,0,0,0,0,0,0,0,0.6821,7,4
1081717,Naan Kadavul Illai,"Uma, A little orphan girl writes a letter to God requesting new clothes, Mr. Jothilingam, a businessman, who receives the letter by chance and fulfills her request. When Uma again writes a letter to God to save her family from evil. Will God grant her request?",46,"Crime, Thriller",S. A. Chandrasekhar,"Samuthirakani, Iniya, Sakshi Agarwal, S. A. Chandrasekhar, Saravanan",Star Makers,03-02-2023,2023,2,Friday,138,0,0,0,0,0,0,0.5915,0,0
846330,Indha Nilai Maarum,"Indha Nilai Maarum (English: This situation will change) is a 2020 Tamil-language thriller film directed by Arunkanth V in his directorial debut. The film features Ashwin Kumar Lakshmikanthan, Ramkumar and Nivedhithaa Sathish in the lead roles.",36,"Comedy, Drama",Arun Kanth,"Nivedhithaa Sathish, Ashwin Kumar, Ram Kumar, Java Sundaresan, Y. G. Mahendran",Unknown,06-03-2020,2020,3,Friday,100,0,0,0,0,0,0,0.5949,0,0
1180286,Aima,"Strangers Adam and Mariyam get kidnapped during their respective suicide attempts and locked together in a haunted bungalow in the forest. When the Kidnapper poisons them and provides the antidote along with a chance to solve the mystery, the two work towards it.",43,"Thriller, Mystery",Rahul R Krishna,"Yunus Mohammed, Shanmugam Ramasamy, Elvin Juliet, Akhil Prabhakar, Sisira",Tamil Exotic Films [IN],22-09-2023,2023,9,Friday,114,0,0,0,0,0,0,0.626,0,0
1484304,School,"In Winner Higher Secondary School, a series of mysterious deaths leads to the revelation that two spirits former students who died tragically have returned to prevent further loss caused by a toxic mindset of success. As a sorcerer named Mastaan tries to exploit the chaos, two spirit-sent teachers transform the school by challenging narrow definitions of achievement and promoting equality, mental well-being, and humanity. The film concludes with a powerful message: true success lies not in degrees or prestige, but in empathy, self-discovery, and purpose.",85,"Horror, Thriller",RK Vidhyaadharan,"Yogi Babu, Bhumika Chawla, K. S. Ravikumar, Bagavathi Perumal, Java Sundaresan",Quantum Film Factory,23-05-2025,2025,5,Friday,0,0,0,0,0,0,0,0.6255,0,0
1305576,Rail,"In a rapidly urbanizing village, Muthiah, an electrician turned habitual drinker, struggles with his marriage and work. His hatred for North Indian workers leads to conflict with his neighbor, Sunil. Tragedy, guilt, and kindness ultimately transform Muthiah’s outlook on life.",40,Drama,Bhaskar Sakthi,"Kungumaraj Muthusamy, Parvaiz Mahroo, Vairamala, Ramesh Vaidya, Shameera",Discovery Cinemas,21-06-2024,2024,6,Friday,127,0,0,0,0,0,0,0.8236,0,0
523030,Varmaa,"Varmaa, the wayward son of a businessman, tries to turn over a new leaf after he falls for Megha. However, caste issues derail their love life and appear to darken Varmaa's future.",32,"Drama, Romance",Bala,"Dhruv Vikram, Megha Chowdhury, Easwari Rao, Raiza Wilson, Sandra Amy",E4 Entertainments,06-10-2020,2020,10,Tuesday,110,0,0,0,0,0,0,0.5468,2.3,7
777657,The Nudity,Transwomen consider the Milk Function their most important Ritual. They also celebrate the ritual as their life-time unique festival. So what is the Milk Function? This documentary describes the ritual and explore its celebrations and traditions.,36,Documentary,Arunkumar Senthil,Kalaimamani Sudha,Unknown,24-07-2021,2021,7,Saturday,80,0,0,0,0,0,0,0.5409,0,0
1407016,Parandhu Po,"Gokul’s financial reach far exceeds his reality, but juggling unpayable loans and dodging debt collectors, he tries his best to provide for his pampered son, Anbu. With his mother away on business, Anbu persuades his father to go on a motorcycle trip through the countryside – a welcome break from everyday hustle, that helps Gokul realise that his son’s tantrums have a far deeper root than he thought.",68,"Music, Comedy, Drama",Ram,"Shiva, Grace Antony, Mitul Ryan M, Anjali, Aju Varghese",Seven Seas and Seven Miles Production,04-07-2025,2025,7,Friday,130,0,0,0,0,0,0,0.5622,6.714,7
376446,Thodari,"A pantry boy falls in love with the touch-up girl of an actress travelling on his train, but an incident turns the train into an unstoppable force posing a threat to the passengers, and the romance.",36,"Action, Thriller",Prabhu Solomon,"Dhanush, Keerthy Suresh, Ganesh Venkatraman, Karunakaran, Thambi Ramaiah",God Pictures,22-09-2016,2016,9,Thursday,168,0,0,0,0,0,0,0.6202,4.45,20
723152,Cocktail,A group of idol thieves find themselves in a tricky situation involving a priceless Murugan statue and a Cockatiel bird.,20,Comedy,RA Vijaya Murugan,"Yogi Babu, Rashmi Gopinath, Mime Gopi, Mithun Maheshwaran, Sayaji Shinde",PG Media Works,10-07-2020,2020,7,Friday,134,0,0,0,0,0,0,0.532,4,1
1398084,Salliyargal,"Set against the backdrop of the Tamil Eelam battlefield, the story follows a group of courageous doctors who work tirelessly in an underground bunker to save lives amidst the chaos of war. Balancing their duty to humanity over allegiance, they treat both allies and enemies alike, showcasing resilience, compassion, and ethical strength even in the face of grave danger and moral dilemmas. The narrative highlights the enduring spirit of humanitarianism in the most harrowing of circumstances, inspired by historical and cultural values.",82,"War, Drama",T. Kittu,"Janaki, Karunas, Chandrasekar Koneru, Sathyadevi, Anand Sounderarajan",Unknown,07-12-2024,2024,12,Saturday,106,0,0,0,0,0,0,0.671,0,0
1270345,Oozhi,"In the aftermath of the Sri-Lankan Civil War, including the impact of drugs on a local community as characters struggle tobcome to terms with their losses and build new lives.",30,"History, Drama",Ranjith Joseph,"Akash Thiyagalingam, Theepachelvan, Vanitha Senathirajah, Akilan, Johnny Anton",Skymagic Pictures,10-05-2024,2024,5,Friday,129,12525000,0,1.25,0,0,0,0.9234,0,0
579417,Dhilluku Dhuddu 2,A happy-go-lucky guy has to recover his lady love from the ghostly spirit who accompanies her always.,17,"Comedy, Horror",Rambhala,"Santhanam, Shritha Sivadas, Rajendran, Bipin, Urvashi",Sri Thenandal Films,07-02-2019,2019,2,Thursday,117,0,0,0,0,0,0,0.585,4.7,13
970784,Witness,"With the world of conservancy workers at its center, Witness presents a never-seen-before view of metropolitan cities and the invisible corridors of power lying underneath them.",26,Drama,Deepak Muthuvel,"Shraddha Srinath, Rohini, Shanmugarajan, Selva, Rajeev Anand",People Media Factory,09-12-2022,2022,12,Friday,123,0,0,0,0,0,0,0.5736,8,2
361494,Unakkenna Venum Sollu,"A couple comes to Chennai for their son's treatment, and the wife begins to sense the presence of a ghost in their house. Who is this spirit and what is it after?",32,"Horror, Thriller, Action",Srinath Ramalingam,"Deepak Paramesh, Jaqlene Prakash, Gunalan Morgan, Mourhrna Anetha Reddy, Mime Gopi",Unknown,24-09-2015,2015,9,Thursday,123,0,0,0,0,0,0,0.6092,5.4,4
1032649,Ree,Sagul's house seems haunting to Reema but later realizes it is not. She sniffs a new mystery man in Sagul's house. While Sagul looks at Reema as mentally ill. The things are completely puzzling until Mugil jumps in to find out who is causing the confusion.,46,Thriller,Sundhara Vadivel,"Prasanth Srinivasan, Gayatri Rema, Prasath, Sangeetha Paul, V. R. Manisankar",Srianga Productions,07-10-2022,2022,10,Friday,109,0,0,0,0,0,0,0.7172,0,0
1317591,Petta Rap,A movie stuntman begins to lose hope of achieving his dream of becoming an action star.,16,"Action, Music",SJ Sinu,"Prabhu Deva, Vedhika, Vivek Prasanna, Bagavathi Perumal, Ramesh Thilak",Blue Hill Films,27-09-2024,2024,9,Friday,133,0,0,0,0,0,0,0.5694,0,0
607138,Dagaalty,A conman tries to save an innocent girl from the clutches of a womanizer after realizing that he had fallen in love with her.,24,"Comedy, Action",Vijay Anand,"Santhanam, Rittika Sen, Yogi Babu, Radha Ravi, Santhana Bharathi",18 Reels,29-01-2020,2020,1,Wednesday,120,0,0,0,0,0,0,0.8449,3.3,3
564144,Ivanukku Engeyo Macham Irukku,"Two men who work in a pharmacy moonlight as small-time robbers and during one of their break-ins, they walk away with ₹5 lakh each. And soon, the cops, gangsters and a perpetually horny NRI woman are after them…",38,"Comedy, Romance",A. R. Mukesh,"Vimal, Ashna Zaveri, Anandaraj, Singampuli, Mansoor Ali Khan",SAI Productions,07-12-2018,2018,12,Friday,148,0,0,0,0,0,0,0.5376,6.5,1
264049,Yagavarayinum Naa Kaakka,"A young man gets into a problem with a mighty don after his inebriated friends harass a girl, who happens to be the don’s daughter. When she goes missing, the don blames them for it and wants his revenge.",39,"Romance, Action",Sathya Prabhas Pinisetty,"Aadhi Pinisetty, Nikki Galrani, Mithun Chakraborty, Pasupathy, Richa Pallod",Unknown,26-06-2015,2015,6,Friday,151,0,0,0,0,0,0,0.5437,5.136,11
272671,Sivappu Enakku Pidikkum,"A journalist visits the red light area in Chennai to write a novel about the life of the sex workers. There, Mahima, a prostitute, tells him about their lives and the five men who visit them.",36,,Youreka,"Youreka, Sandra Amy, Manikutty",JSK Film Corporation,31-12-2016,2016,12,Saturday,0,0,0,0,0,0,0,0.5322,0,0
1469236,Nizharkudai,"Nizharkudai is a Tamil movie starring Devayani, Vijjith Shivashanmugam, Kanmani Manoharan and Neelima Rani in prominent roles. It is written and directed by Shiva Arumugam.",25,"Family, Thriller",Shiva Arumugam,"Devayani, Vijith, Kanmani Manoharan, Manoj Kumar, Neelima Rani",Dharshan Films,09-05-2025,2025,5,Friday,124,0,0,0,0,0,0,0.5078,0,0
1089204,Thiruvin Kural,"An unforeseen accident at a construction site puts the lives of a speech and hearing impaired youngster and his father in trouble. Can he get out of this conflict, despite his disabilities?",32,"Drama, Thriller, Action",Harish Prabhu,"Arulnithi, Bharathiraja, Aathmika, Subathra Robert, Monekha Siva",Lyca Productions,14-04-2023,2023,4,Friday,122,0,0,0,0,0,0,0.5151,4.8,5
1509804,Usurae,"In the culturally rich town of Chittoor, Raghava, a simple young man, falls for Ranjana, a spirited MBA student. But winning her heart isn’t easy—her overprotective mother Anusuya, known for her fierce and intimidating nature, stands as a formidable barrier. What begins as a dare between friends soon turns into true love, forcing Raghava to navigate emotional trials and confront Anusuya's dominance. Will love triumph, or will it end in heartbreak?",71,"Romance, Drama",Naveen d gopal,"Teejay, Janany Kunaseelan, Raasi, Crane Manohar, Senthikumari",Shree Krishna Productions,01-08-2025,2025,8,Friday,123,34235000,0,3.42,0,0,0,0.5503,0,0
1575832,Lament,"Born a girl but raised as a boy, Aravan is groomed by her father to play Duryodhana in their village therukoothu. Torn between the role imposed upon her and the identity she longs to embrace, Aravan's inner world begins to unravel. Drawing from both Sanskrit and Tamil epics, Lament is a poignant exploration of gender, tradition, and the cost of silencing one's true self.",64,,Vinothkumar A K,"Abinaya, Ezhumalai",Unknown,07-11-2025,2025,11,Friday,13,0,0,0,0,0,0,0.5494,0,0
752877,Maamanithan,"A humble auto driver is forced to go on the run, leaving his wife and two kids behind, after being cheated by a fraudster. Will he be able to save his family.",32,Drama,Seenu Ramasamy,"Vijay Sethupathi, Gayathrie Shankar, Guru Somasundaram, Shaji Chen, KPAC Lalitha",YSR Films,23-06-2022,2022,6,Thursday,122,0,0,0,0,0,0,0.5698,5,3
1484999,Padai Thalaivan,An elephant trainer fights to find his beloved pachyderm after it is captured by poachers.,15,"Action, Thriller",U. Anbu,"Shanmuga Pandian, Kasthoori Raja, Yamini Chander, Ramachandra Raju, Munishkanth",VJ Combines,13-06-2025,2025,6,Friday,134,0,0,0,0,0,0,0.6676,0,0
985333,Kaaduvetty,,0,"Drama, Action",Solai Arumugam,"R. K. Suresh, Sangeerthana Vipin, Subramaniam Siva, Aadukalam Murugadoss, Vismaya",Manjal Screens,15-03-2024,2024,3,Friday,0,0,0,0,0,0,0,0.5122,0,0
356516,Thakka Thakka,"Karthi's lover Indu is kidnapped by her uncle, who works as an underling to Paraman, a gangster. Meanwhile, Shiva, his friend, murders Paraman's brother, Bala, with whom he has a history. Now, the gangster is baying for blood...",38,"Thriller, Action, Drama",Sanjeev,"Vikranth, Venkat Rahul, Abhinaya, Leema Babu, Parvati Nirban",Versatile Studio,28-08-2015,2015,8,Friday,0,0,0,0,0,0,0,0.6011,4.4,8
450708,Aramm,"A little girl falls into a deep borewell, and her rescue becomes a huge professional and personal challenge for a collector.",21,"Drama, Thriller",Gopi Nainar,"Nayanthara, Sunu Lakshmi, Ramachandran Durairaj, Ramesh Thilak, Vela Ramamoorthy",KJR Studios,10-11-2017,2017,11,Friday,120,0,0,0,0,0,0,0.6628,7.56,25
1647237,Vaathiyar,"Kathir, a journalist, meets Parthiban, a charismatic cult leader who has agreed to give him an interview.",17,"Mystery, Thriller",Suthar Jey,"Diluckshan Jeyaratnam, Stephane Manickam, Vinoth Varatharajan",Unknown,27-03-2020,2020,3,Friday,14,0,0,0,0,0,0,0.3938,0,0
1122410,Theerkadarishi,A stranger keeps calling the police control room to hint about various crimes and accidents that are about to occur in the near future. Can the police department stop an accident based on his information and also find out who their mysterious informer actually is?,45,"Thriller, Crime",L.R. Sundarapandi,"Ajmal Ameer, Sathyaraj, Dusshyanth Ramkumar, V.G. Jaiwanth, Sriman",Sri Saravanaa Creaations,05-05-2023,2023,5,Friday,120,0,0,0,0,0,0,0.5372,6,1
979801,Veeran,"Kumaran has had a troubled childhood after getting hit by lightning, comes back to his village to fight evil elements and provide hope through indigenous deities.",26,"Fantasy, Thriller, Drama",ARK Saravanan,"HipHop Tamizha Adhi, Sassi Selvaraj, Athira Raj, Munishkanth, Kaali Venkat",Sathya Jyothi Films,02-06-2023,2023,6,Friday,150,0,0,0,0,0,0,0.6063,5.9,12
655905,Capmaari,"Vijay, a software engineer happens to share a coach with Jenny  where they share beers, then one thing leads to another and they get physically close. They meet after some years and decide to get married. While everything seems to be smooth, Vijay’s colleague Varsha  enters their home pregnant claiming Vijay is the father of the child.",57,"Comedy, Drama, Romance",S. A. Chandrasekhar,"Jai Sampath, Athulya Ravi, Vaibhavi Shandilya, Sathyan Sivakumar, Livingston",Green Signal Production,13-12-2019,2019,12,Friday,133,0,0,0,0,0,0,0.5861,5.3,3
1183149,Uyir Thamizhukku,"MGR Pandian, a charismatic individual with a penchant for MGR-style theatrics, contests the local body elections not really for political gain but to win the heart of Tamilselvi, the daughter of his rival. However, his plans are derailed when he becomes the prime suspect in a murder case.",48,Drama,Adam Bhava,"Ameer, Chandini Sreedharan, Anandaraj, Subramaniam Siva, Mahanadhi Shankar",Moon Pictures,28-09-2023,2023,9,Thursday,128,0,0,0,0,0,0,0.5083,6.5,1
511063,Teacher: The Tradition Bearer,"Indira Manikam and her sister took a leap of faith by establishing Tanjai Kamala Indira Dance School (TKI) in Kuala Lumpur. This documentary captures her journey, explore the power of art, and above all, the courage and resilience of a woman’s spirit.",42,Documentary,Indrani Kopal,,Far East Documentary Centre,10-09-2017,2017,9,Sunday,58,0,0,0,0,0,0,0.6401,0,0
993190,Foreign Sarakku,Amaran and Harichandran started to show their talent by creating a network called Educated Intellectual Crime Network. They were assigned a mission called Foreign Sarakku which involved kidnapping a rapist-murderer and hide him from the police. Will the mission be successful?,41,,Vigneshwaran Karuppusamy,"Gopinath Arumugam, Sundar, Afrina, Harini, Hussain",Unknown,22-07-2022,2022,7,Friday,110,0,0,0,0,0,0,0.5382,0,0
624628,Kanni Maadam,Kanni Maadam will define “What is called MADRAS?”,8,,Bose Venkat,"Sreeram Karthik, Gayathri, Aadukalam Murugadoss, Gajaraj, Supergood Subramani",Unknown,21-02-2020,2020,2,Friday,124,0,0,0,0,0,0,0.4713,6,1
369936,Darling 2,"A group of friends goes to a hill station to unwind, but one of them gets possessed by a ghost turning the holiday into a nightmare.",26,"Comedy, Drama, Horror",P. Satish Chandrashekar,"Kalaiyarasan, Maya Preethi, Rameez Raja, Kaali Venkat, Arjunan Nandakumar",Sathish Chandrasekaranin Kadhaigal,01-04-2016,2016,4,Friday,117,0,0,0,0,0,0,0.5568,4.3,3
893514,Paayum Oli Nee Yenakku,A man with partial blindness embarks on a journey to solve the mystery behind his father's death and uncovers a sinister political conspiracy.,23,"Thriller, Romance, Action",Karthik Adwait,"Vikram Prabhu, Vani Bhojan, Dhananjay, Vivek Prasanna, Vela Ramamoorthy",Unknown,23-06-2023,2023,6,Friday,118,0,0,0,0,0,0,0.6257,5.2,5
592675,Vellai Pookal,"A retired cop goes to the US to live with his son and becomes involved with a kidnapping case. Even as he is trying to track down the kidnapper, the case becomes too personal.",34,"Drama, Thriller, Crime",Vivek Elangovan,"Vivek, Charle, Dev Ramnath, Pooja Devariya, Paige Henderson",Indus Entertainments,19-04-2019,2019,4,Friday,130,0,0,0,0,0,0,0.5785,6.5,20
826448,Buffoon,Two Koothu artistes become pawns in a political power game and are falsely implicated in a drug smuggling case. For how long can they evade a determined police hunt?,29,"Drama, Comedy",Ashok Veerappan,"Vaibhav, Anagha, Joju George, V. I. S. Jayapalan, Aanthakudi Ilayaraja",Stone Bench Creations,23-09-2022,2022,9,Friday,119,0,0,0,0,0,0,0.6129,5.5,2
1062033,Kaliyugam,"Set in the dystopian future,  2064 AD, the apocalyptic world is stripped of food, water, and humanity. In a ruthless fight for survival, the few remaining must navigate chaos, danger, and the depths of human desperation.",36,"Thriller, Science Fiction",Pramodh Sundar,"Shraddha Srinath, Kishore, Iniyan Subramani, Aarya Lekshmi, Master Ronith",Prime Cinemas,09-05-2025,2025,5,Friday,111,0,0,0,0,0,0,0.586,6,1
497227,Seethakathi,A veteran theatre artist who lives for his art 'enters' the world of films. Can the film industry hold on to his inimitable artistry?,24,"Comedy, Drama",Balaji Tharaneetharan,"Vijay Sethupathi, Mouli, Archana, Sutharshi, Sunil",Passion Studios,20-12-2018,2018,12,Thursday,173,0,0,0,0,0,0,0.5038,7.344,16
937702,Agilan,Crane operator Agilan does all illegal activities in the harbour. Gokul is appointed to stop all these illegal activities. He brings in all the modern amenities to stop all these illegal activities. Agilan is capable of overcoming all the equipment and technology and continues with his activities. Gokul arrests Agilan to find the reason for all these activities.,58,"Action, Drama",N. Kalyanakrishnan,"Ravi Mohan, Priya Bhavani Shankar, Tanya Ravichandran, Chirag Jani, Hareesh Peradi",Screen Scene Media Entertainment,10-03-2023,2023,3,Friday,136,0,0,0,0,0,0,0.5848,4,11
588471,Nedunalvaadai,"An unemployed youngster is at the crossroads, puzzled about choosing between family and love.",14,Drama,Selvakannan,"Anjali Nair, Mime Gopi, Aindhu Kovilan, Ajay Natraj, Elvis Alexander",B Star Productions,15-03-2019,2019,3,Friday,122,0,0,0,0,0,0,0.5108,6.5,4
990315,The House of Brick and Stone,"In the aftermath of the world's greatest financial shams, a Malaysian child finds solace and guidance from an unlikely figurehead. The docu-fiction uses the juxtaposition of its namesake as a jumping-off point to create a highly evocative odyssey through the Malaysian youth consciousness.",43,"Drama, Thriller",Ananth Subramaniam,"Janani Baskaran, Maheswaran",IdioSync Inc,12-07-2022,2022,7,Tuesday,15,0,0,0,0,0,0,0.4827,0,0
1468382,Vanganna Vanakkanganna,VV is the one day story. One MLA and a youtuber conversation is a movie. How to won to MLA and how to meet the youtuber and family members and friends also in reporters. This full and full comedy and entertainment movie. But one important message in people’s and politicians in the movie,53,Comedy,Raj Kannayiram,"Senthil, Sundar Mahasri, Abhinaya Sri, Sandhiya Balasubramaniyan, Nathiya Venkat",Rock & Role Production,25-04-2025,2025,4,Friday,0,0,0,0,0,0,0,0.6876,0,0
727688,Yours Truly,Story revolves around the perspective of the protagonist and his thoughts on his relationships and the society.,17,"Drama, Romance",Ram Shankar,"Gokul, Aravind, Pooja Venkat, Duke Talomy",Unknown,25-07-2020,2020,7,Saturday,20,0,0,0,0,0,0,0.7651,0,0
413166,Pandigai,"A low-level hotel worker gets involved in a street fighting racket on the advice of a compulsive gambler. When the duo realise they have been duped by the gangster controlling the racket, they decided to rob him…",37,"Romance, Action, Thriller",Feroz,"Krishna Kulasekaran, Anandhi, Saravanan, Nithin Sathya, Madhusudhan Rao",Auraa Cinemas,14-07-2017,2017,7,Friday,150,0,0,0,0,0,0,0.9004,6.5,4
1530657,Kuttram Pudhithu,"When Kadhiresan, a disturbed soul masked as a food delivery man, kills and gets arrested for the horrific murder of ACP Sathya’s daughter Preethi, reality fractures and tensions intensify—until Preethi returns back from the dead unharmed five days later, challenging not just law and logic, but the very nature of truth and existence.",53,"Action, Drama",Noah Armstrong,"Tharun Vijay, Seshvitha Kanimozhi, Nizhalgal Ravi, Madhusudhan Rao, Priyadarshini Rajkumar",GKR Cine Arts,29-08-2025,2025,8,Friday,0,0,0,0,0,0,0,0.5273,0,0
1114668,Soodhu Kavvum 2: Nadum Naatu Makkalum...,A gang of kidnappers find they have bitten off more than they can chew.,14,"Comedy, Crime, Thriller",S. J. Arjun,"Shiva, Karunakaran, Aruldoss, Yog Jappie, Harisha Jestin",Thirukumaran Entertainment,13-12-2024,2024,12,Friday,129,0,0,0,0,0,0,0.5352,3.5,2
1245285,Enimey Nangadha Head Lines,The story is about how three orphaned girls overcome many sexual and economic humiliations and overcome many barriers to overcome failure and win in this world.,26,Action,Saipraba Meena,"Devalla Kavitha, Anna Asha, Sangeetha Munikrishnan, Keerthi Vijaykumar, Saipraba Meena",Sai Ram Avr Film Production,12-04-2024,2024,4,Friday,0,0,0,0,0,0,0,0.6199,0,0
1440830,Floated By,"A young adult silently drowning in trauma, yearning to let out what’s inside of him, navigates a series of encounters—each revealing fragments of his inner struggle, toxic masculinity, and unspoken vulnerability, as well as the painful dissonance between his desires and his actions.",43,Drama,zenobius,"Jeeva Subramanian, thayalan, pragadeesh, Suresh, megha krish",Indie Mintt production,20-02-2025,2025,2,Thursday,43,167000,0,0.02,0,0,0,0.6975,0,0
407331,Atti,"Bava lives in a lower middle class tenement in Triplicane, Chennai. He runs a water can business along with his friends. He also sings Gana songs in death ceremonies. During one such occasion he crosses swords with a local thug Mookuthi and gets a mobile phone while running for his life on the road. The owner of the mobile phone is the heroine and she wants it back. Bava’s repeated attempts to meet her and hand over the mobile fail due to various reasons and when he finally meets her with the mobile, he is brutally attacked by a group of goons and the mobile goes missing again.A local paid killer Radha is hired by a wealthy builder to kill Bava and snatch the phone from him. Whether Bava manages to escape the bid to kill him? What happen to the mobile phone and what is the reason behind the phone becoming a threat to his life? These questions are answered in the rest of the film.",167,"Drama, Comedy",Vijaya Baskar,"Ma Ka Pa Anand, Ramki, Rajendran, Yogi Babu, Mahanadhi Shankar",Imaginary Missions,07-07-2016,2016,7,Thursday,147,0,0,0,0,0,0,0.4953,10,1
280167,Taramani,"An orthodox youngster and a free-spirited lady fall in love, only to understand that they are different in all aspects of life. How do they realise their complex requirements and mistakes?",31,"Drama, Romance",Ram,"Andrea Jeremiah, Vasanth Ravi, Anjali, N. Azhagamperumal, Adrian Knight Jesly",Catamaran Productions,11-08-2017,2017,8,Friday,150,0,0,0,0,0,0,0.7359,6.717,30
1376525,Glassmates,"Two drinking buddies join detox but make their physician an alcoholic too, sparking mayhem locally.",15,"Comedy, Drama",Saravana Sakthi,"Brana, Angaiyarkannan, Aruldoss, Java Sundaresan, S. R. Jangid",Unknown,23-02-2024,2024,2,Friday,126,0,0,0,0,0,0,0.6267,0,0
894464,Marutha,"Two families are torn apart by the custom of seimurai, practised in Madurai.",13,"Family, Romance",GRS,"Ganja Karuppu, Lovelyn Chandrasekhar, Radhika Sarathkumar, Viji Chandrasekhar, G. Marimuthu",Bigway Pictures,21-01-2022,2022,1,Friday,157,0,0,0,0,0,0,0.6136,8,1
875524,Rudra Thandavam,"Rudran, a fearless cop who battles against drug mafia, gets trapped in a PCR (Protection of Civil Rights) case, unfortunately. Will he prove himself innocent?",25,"Action, Drama",Mohan G,"Richard Rishi, Dharsha Gupta, Gautham Vasudev Menon, Radha Ravi, Thambi Ramaiah",GM Film Corporation,01-10-2021,2021,10,Friday,168,0,0,0,0,0,0,0.5939,3,1
1192142,Yellow Cat in Memory Lane,"Yellow Cat in Memory lane is a film on the famous Indian Poet T. K. Doraiswamy aka Nagulan. The film was shot three years prior to his death.  He takes us through his memory lane while talking about Poetry, Uncertainity and Life.",42,Documentary,T. Pandiaraju,T. K. Doraiswamy,Unknown,14-10-2023,2023,10,Saturday,52,0,0,0,0,0,0,0.7486,0,0
901489,Ayothi,"A four member family from Ayodhya, headed by conservative, religious patriarch, Balram, his wife Janaki, daughter Shivani and son Sonu goes on a spiritual trip to Rameswaram. Things get complicated when Janki dies in an accident and the two kids endures at the hands of their fervently devout father. A Rameswaram localite, friend of the cab driver involved, with his other friend decides to help the family in returning their mother's remains to their homeland, despite all odds.",78,"Family, Drama",R. Manthira Moorthy,"M. Sasikumar, Preethi Asrani, Yashpal Sharma, Anju Asrani, Pugazh",Trident Arts,03-03-2023,2023,3,Friday,121,0,0,0,0,0,0,0.5689,6.5,8
1544976,Kumki 2,"Bhumi sees an elephant in the jungle growing up without his others love. His teacher advises him to love nature and protect the birds and animals in the forest and live in harmony with them and he decided to protect the elephant. The broker offers the elephant as a sacrifice for the ministers post. Hearing this, Bhumi fights with them.",60,"Drama, Adventure",Prabhu Solomon,"Mathiazhagan, Shrita Rao, Arjun Das, Andrews, Hareesh Peradi",Pen Studios,14-11-2025,2025,11,Friday,134,0,0,0,0,0,0,0.5408,0,0
1079069,Beginning,"Nithya, an IT professional, gets abducted and locked up inside a room by masked strangers. A random call connects her to Bala Subramaniam, a youngster with intellectual disability. Can Bala with his low level of understanding save Nithya?",38,"Crime, Drama, Thriller",Jagan Vijaya,"Vinoth Kishan, Gouri G Kishan, Rohini, Sachin Mani, KPY Bala",Thirupathi Brothers,26-01-2023,2023,1,Thursday,111,0,0,0,0,0,0,0.5639,5,2
706112,Arunagiri Perumale,"A musical documentary chronicling the life of Arunagiri Nathar, a 15th century Tamil Mystic poet-saint. 'Arunagiri Perumale' is a collection of tales narrated by a contemporary musician, whose quest to explore the 'Thiruppugazh', unvcovers deeper layers in this historical work.",40,"Documentary, Music, History",Pradeep Kumar,"Pradeep Kumar, Kalyani Nair, Sean Roldan",Unknown,13-07-2016,2016,7,Wednesday,76,0,0,0,0,0,0,0.5018,0,0
641413,Hope,"Child marriages have been an unnoticed reality in some sections of the Muslim community in Sri Lanka. This film tells the story of Fatima, a 16-year old school girl, who is set to marry a man far older than her. Not only her right to education is denied but her consent to marriage too. Until she accidentally meets her future husband, she has not even seen him. She is caught up between her hopes and the reality of her destiny.",80,Documentary,Fathima Shanaz,Fathima,Unknown,28-09-2019,2019,9,Saturday,7,0,0,0,0,0,0,0.6571,0,0
263506,Pencil,Two school students find their classmate murdered in their classroom and decide to track down the killer.,17,"Crime, Romance, Thriller",Mani Nagaraj,"G. V. Prakash Kumar, Sri Divya, Shariq Hassan, Suja Varunee, Urvashi",Kalsan Movies Pvt Ltd,13-05-2016,2016,5,Friday,134,0,0,0,0,0,0,0.5545,5.333,9
1191310,Today's Sunlight Falls Weakly on You,"In the midst of her grief, memories and dreams descend upon an elderly woman. It comforts her, and at the same time haunts her.",24,,Lim Yuzheng,Sithira Thevi,"LASALLE College of the Arts, Singapore",22-10-2023,2023,10,Sunday,15,0,0,0,0,0,0,0.647,0,0
1119067,Vithaikkaaran,A magician turned smuggler is betrayed by his crew.,9,"Thriller, Drama, Comedy",Venki,"Sathish, Simran Gupta, Anandaraj, John Vijay, Tiger Thangadurai",White Carpet Films,23-02-2024,2024,2,Friday,128,0,0,0,0,0,0,0.5213,5,1
833388,Engada Irunthinga Ivvalavu Naala,,0,Comedy,Kevin,"Akhil, Ishara Nair, Manisha Jith, Kausalya, Super Subbarayan",Unknown,26-03-2021,2021,3,Friday,113,0,0,0,0,0,0,0.5176,0,0
1022011,Sinam,Sub-inspector Pari Venkat faces a huge tragedy putting him on an investigation to seek revenge.,15,"Action, Thriller, Crime",G. N. R. Kumaravelan,"Arun Vijay, Palak Lalwani, Kaali Venkat, K. S. G. Venkatesh, Rekha Suresh",Unknown,16-09-2022,2022,9,Friday,115,0,0,0,0,0,0,0.5869,5,11
1394958,Vaagai,Ramu comes from a middle class family and the problems faced in his life due to pavithra and his friends and the way he handles both the situations and how he overcomes the huddle created by the person enters in his life..,42,,Ram Sevaa,"Ramakrishnan, Tarushi Jha, Pattimandram Raja, Sujatha Sivakumar, Chitra Lakshmanan",Luminous Cine Talkies,27-12-2024,2024,12,Friday,0,0,0,0,0,0,0,0.5554,0,0
1090518,Karungaapiyam,"Set during the lockdown,  Umayal Karthika deciding to spend time at a 100-year-old unkempt library in a bid to divert and heal from a heartbreak. From the sea of books, she picks up Karungaapiyam and with her reading different chapters, and her imagination about the stories comes to life.",49,"Horror, Mystery, Thriller",Deekay,"Kajal Aggarwal, Regena Cassandrra, Janani Iyer, Raiza Wilson, Aadhav Kannadasan",Pave Entertainments,19-05-2023,2023,5,Friday,134,0,0,0,0,0,0,0.6635,4.2,5
1046902,Pattathu Arasan,"Chinnadurai along with his grandfather, a Kabbadi player, try to bring justice for his brother's death. Can they trace out the real culprits or end up confronting them inside the Kabbadi court?",32,"Family, Action, Romance",A. Sarkunam,"Atharvaa Murali, Rajkiran, Ashika Ranganath, Radhika Sarathkumar, R. K. Suresh",Unknown,25-11-2022,2022,11,Friday,137,0,0,0,0,0,0,0.574,5,2
1643786,Patra,Patra tells the story of an innocent youth who gets caught between the politics of two gangsters and how smartly he overcomes the same. This is an action-thriller that promises an explosive climax.,33,Drama,Unknown,"Puli Pandi, Aadesh Bala, Vinod Sagar, Risha",Unknown,20-03-2015,2015,3,Friday,0,0,0,0,0,0,0,0.7287,0,0
412659,Yaanum Theeyavan,"Mike is a fun-loving youngster who falls for Sowmya. At one point, the elope from their houses only to get married with the help of their friends. Things turn an ugly turn, when Mike runs a the ruthless serial killer Pasupathy on the wrong side.  Pasupathy and his associates who take them as his hostages and start torturing the young couple. Meanwhile the city police led by senior officer Jayaprkash are entrusted with the job of eliminating Pasupathy. What happens in their lives forms the rest.",86,"Romance, Thriller, Action",Prashanth G Sekar,"Ashwin Jerome, Varsha Bollamma, Raju Sundaram, Ponvannan, VTV Ganesh",Peppy Cinemas,30-06-2017,2017,6,Friday,114,0,0,0,0,0,0,0.5563,6,2
1090991,Thanal,"Fuelled by a lifetime of suffering, an ex army man embarks on a vengeful quest. Standing in his way is a police constable whose own past pain transformed into a dutiful son. When their paths converge, hero either can flee for his life or take a stand against the villain’s scheme of things.",53,"Action, Crime, Thriller",Ravindra Madhava,"Atharvaa Murali, Lavanya Tripathi, Ashwin Kakumanu, Shah Ra, Bharani",Annai Film Production,12-09-2025,2025,9,Friday,126,0,203406,0,0.02,0,0,0.5562,6,5
371815,Jackson Durai,A cop sent to investigate allegedly ghostly affairs in a village agrees to stay in a haunted bungalow for seven days to win the hand of a girl in the place.,31,"Horror, Comedy",Dharani Dharan,"Sibiraj, Bindu Madhavi, Sathyaraj, Karunakaran, Rajendran",Sri Thenandal Films,01-07-2016,2016,7,Friday,134,0,0,0,0,0,0,0.5671,4.6,5
874625,Friendship,Four college students are accused of raping and murdering their classmate. Are they criminals or innocent?,16,"Action, Drama, Crime",J P R,"Arjun Sarja, Harbhajan Singh, Sathish, Losliya Mariyanesan, M. S. Bhaskar",Unknown,17-09-2021,2021,9,Friday,113,0,0,0,0,0,0,0.551,0,0
469473,Sathura Adi 3500,A cop is asked to investigate a suspicious death. What complicates the matter is the appearance of the ‘ghost’ of the victim in the various places he visits!,28,"Crime, Horror, Thriller",Jaison,"Iniya, Rahman, Swati Dixit, Prathap Pothan, M. S. Bhaskar",Rightview Cinemas,04-08-2017,2017,8,Friday,112,0,0,0,0,0,0,0.5751,3,1
1043199,Ghosty,"An inspector embarks on a mission to track down a gangster who was once in her father's custody several decades ago. However, her quest leads to a string of absurd events that not only jeopardise her mission but also put her life in danger.",44,"Comedy, Horror",Kalyaan,"Kajal Aggarwal, Yogi Babu, K. S. Ravikumar, Urvashi, Aadukalam Naren",Seed Pictures,17-03-2023,2023,3,Friday,134,0,0,0,0,0,0,0.5824,4.5,2
1033880,Katharbasha Endra Muthuramalingam,"An arrogant yet righteous man decides to get married to a woman, who has been suffering at the hands of her relatives. Little does he realize that an enmity from his past is going to invite trouble in his personal life.",41,"Action, Romance, Comedy, Drama",M. Muthaiah,"Arya, Siddhi Idnani, Prabhu, K. Bhagyaraj, Aadukalam Naren",Drumsticks Productions,02-06-2023,2023,6,Friday,153,0,0,0,0,0,0,0.6747,5.7,3
1124433,Anbendraale Amma,"A Son who wants to buy a gift for his mother for her birthday, does he or does not buy the gift",22,"Family, Drama",Shafiq,"Mukesh, Harini Srinivasan, Bala Viknesh, Vidhun Chandragupthan, Hariessvar",Kaaliwood Productions,14-05-2023,2023,5,Sunday,14,0,0,0,0,0,0,0.573,0,0
1416889,Perusu,"After discovering their father dead, two estranged brothers are shocked to find something inside him is still alive. What should have been a day of somber mourning breaks Into a complete bedlam as the two sons try to conduct the funeral as discreetly as possible. Forced to navigate nosy relatives, hidden family secrets, and their own strained relationship with their father, the brothers must hold it all together—or risk letting everything unravel.",72,Comedy,Ilango Ram,"Sunil, Vaibhav, Balasaravanan, Nakkalites Dhanam, Deepa Shankar",Stone Bench Creations,14-03-2025,2025,3,Friday,125,0,0,0,0,0,0,0.6505,5.4,7
1510433,Desingu Raja 2,,0,"Comedy, Romance, Drama",Ezhil,"Vimal, Pujita Ponnada, Jana Nathan, Harshitha Bandlamuri, Joohi Jayakumar",Infinity Creations,11-07-2025,2025,7,Friday,0,0,0,0,0,0,0,0.5375,0,0
1570608,The Tiffin Box,"When Darshan forgets his lunch, his cousin Dheena decides to deliver it himself — a small gesture that speaks volumes about their bond.",23,"Drama, Adventure, Family",Dilip,"Roshan, Dhushiyant, Santo, Lakshmi",Unknown,28-10-2025,2025,10,Tuesday,5,0,0,0,0,0,0,0.5075,0,0
703378,Khyla,"A thriller film directed by Basker Sinouvassene, starring Gogen, Dana Naidu and Baskar in the lead roles.",17,"Drama, Thriller",Basker Sinouvassene,"Dana Naidu, Baskar, Gogen, Kausalya Shivasankaran",Budobas International Films,20-12-2019,2019,12,Friday,117,0,0,0,0,0,0,0.5283,0,0
495814,Pakshi,Pakshi is a cross-cultural film; it can also be called as a road or a travel film.,17,"Thriller, Adventure",Jagadeesan Subu,"Lakshmi Priyaa, Omkar Das Manikpuri, Vira Sathidar",Cloud Burst Productions,07-12-2018,2018,12,Friday,0,0,0,0,0,0,0,0.6546,0,0
582473,Mayan,A man is imbued with ancient powers which give him the ability to foresee and prepare himself for the end of the world.,23,"Drama, Animation, Action, Fantasy",J. Rajes Kanna,"Vinod Mohana Sundaram, Bindu Madhavi, John Vijay, Pia Bajpiee, Aadukalam Naren",GVKM Elephant Pictures,29-11-2024,2024,11,Friday,110,0,0,0,0,0,0,0.7898,0,0
1065977,Dear Death,"What if that death is a person, and has a perspective, what if death explains or narrates his point of view. Death explains the stories of four people he met.",30,"Drama, Thriller, Fantasy",Unknown,Santhosh Prathap,Unknown,05-01-2023,2023,1,Thursday,0,0,0,0,0,0,0,0.5681,0,0
663005,Chennai 2 Bangkok,"An action film directed by Sathish Santhosh, starring Jai Akash and Sony Charishta in the lead roles.",17,"Action, Drama",Sathish Santhosh,"Jai Akash, Sony Charishta, Kumki Ashwin, Java Sundaresan, Ponnambalam",Unknown,13-12-2019,2019,12,Friday,141,0,0,0,0,0,0,0.5593,1,1
605775,Coffee,"A girl from a poor family, who loses her parents at a very young age, takes care of her only younger brother and It is when the future looks bright in her eyes, her life is bombarded with unexpected and shocking turn of events.",44,"Action, Crime",Sai Krishna,"Iniya, Rahul Dev, Ramachandran Durairaj, Soundara Raja, Mugdha Godse",Om Cine Ventures International,27-11-2022,2022,11,Sunday,110,0,0,0,0,0,0,0.4746,7,2
1196856,Rebel,Students who study in the town and how they are affected by the politics unfolding in the institution,18,"Action, Drama",Nikesh . Rs,"G. V. Prakash Kumar, Mamitha Baiju, Karunas, Shalu Rahim, Venkitesh V P",Unknown,22-03-2024,2024,3,Friday,150,0,0,0,0,0,0,0.6755,3.5,2
1036334,Super Senior Heroes,"Ganeshan, a 65-year-old widower to impress Aadith, his 7-year-old grandson, forms a pretend superhero league with his friends. When a young girl is kidnapped and Aadith expects his grandfather to rescue her, and they must unexpectedly take real action.",39,"Comedy, Fantasy, Family",Karthik Kumar,"K. Bhagyaraj, Ambika, Pandiarajan, Chinni Jayanth, Manobala",Yoodlee Films,16-10-2022,2022,10,Sunday,140,0,0,0,0,0,0,0.6165,6,1
904717,Kannai Nambathe,"Arun finds himself caught up in a crime that he has no connection to whatsoever. Following his roommate's advice, he attempts to cover up the situation with cleverness. Will he be able to extricate himself from this predicament, or will he unwittingly reveal a much larger conspiracy than he ever anticipated?",51,"Crime, Thriller, Action",Mu. Maran,"Udhayanidhi Stalin, Aathmika, Bhumika Chawla, Sathish, Subiksha",Lipi Cine Crafts,17-03-2023,2023,3,Friday,133,0,0,0,0,0,0,0.523,5.2,9
507390,Natpuna Ennanu Theriyuma,The relationship of three ambitious friends goes through a rough patch when two of them fall for the same girl.,20,"Comedy, Romance",Shiva Aravind,"Kavin Raj, Remya Nambeesan, Arunraja Kamaraj, Raju Jeyamohan, Ilavarasu",Libra Productions,17-05-2019,2019,5,Friday,122,0,0,0,0,0,0,0.6163,4,2
1431043,Gentlewoman,"A major turnaround of events takes place in the lives of Aravind and Poorni, a newly married intimate couple, when her sister visits for a job interview. Aravind mysteriously disappears, leading to revelations of his affair with a client. As authorities investigate, tensions rise between the women amid growing suspicions.",50,"Drama, Thriller",Joshua Sethuraman,"Lijomol Jose, Hari Krishnan, Losliya Mariyanesan, Rajiv Gandhi, Sudesh",Komala Hari Pictures,07-03-2025,2025,3,Friday,113,0,0,0,0,0,0,0.5687,8,1
456281,Adangathey,,0,"Thriller, Action, Drama",Shanmugam Muthusamy,"G. V. Prakash Kumar, Surbhi, Mandira Bedi, R. Sarathkumar, Thambi Ramaiah",Sri Green Productions,27-08-2025,2025,8,Wednesday,0,0,0,0,0,0,0,0.6156,0,0
535223,Asuraguru,A clever thief who gets away easily is being lured into a bigger trap where the police force sets up an attractive bait to capture him for good.,28,"Action, Thriller, Drama",Rajdeep,"Vikram Prabhu, Mahima Nambiar, Yogi Babu, Subbaraju, Nagineedu Vellanki",JSB Film Studios,13-03-2020,2020,3,Friday,120,0,0,0,0,0,0,0.6846,3.3,3
463423,Kalavu,"After being attacked by three unidentified men, Shruti is rushed to the hospital. The very same night three drunk friends, Sujith, Ramesh and Stephan, are arrested by police under the suspicion of attacking Shruti. Meanwhile, Shruti passes away in the hospital under mysterious circumstances and the three friends struggle to prove their innocence.",53,"Mystery, Crime, Thriller",Murali Karthick,"Kalaiyarasan, Karunakaran, Abhirami Venkatachalam, Venkat Prabhu, Chinni Jayanth",Spicy Cool Impressions,09-02-2019,2019,2,Saturday,112,0,0,0,0,0,0,0.5171,0,0
280173,Aayirathil Iruvar,Twin brothers who have been cat-and-mouse right from inside their mother's womb get separated when they are young. What happens to their enmity once they meet again?,27,"Drama, Action",Saran,"Vinay Rai, Samuthrika, Swasthika, Sreejith Ravi, Rethika Srinivas",Vega Entertainment,22-09-2017,2017,9,Friday,0,0,0,0,0,0,0,0.5238,10,1
945552,Valiyor Silar,"The struggle between a youngster and a cop. When the policeman snatches the youngster's money, he must find a unique way to get his money back.",26,"Action, Thriller, Mystery, Crime, Drama, History",Naveen Kumar,"Naveen Kumar, Sundhara Vadivel, Vijayalingam, Gouri Anilkumar",CJ Productions,17-09-2021,2021,9,Friday,75,0,0,0,0,0,0,0.5275,9,1
1264048,Iravin kangal,"It's a tale of two friends, artificial intelligence Iris and IT professional Victor.  Victor works in Bangalore & his wife is working in dubai. Being married yet lonely, made him like one of his office colleague Preethi. At the same time Victor was annoyed & surprised by his new gadget Iris. Iris is an Artificial Intelligence gadget (like Amazon Alexa).Victor asks Preethi out for dinner & it ends up with one night stand. Knowing this, enraged Preethi's boyfriend enters Victor's house to fight with him, but was killed accidentally.  Now the oversmart gadget Iris helps Victor to hide the body. The rest of the story is like a roller coaster ride with unexpected twists & turns. Is Iris smart enough to save Victor?",123,"Science Fiction, Thriller",Pop Suresh,"Pop Suresh, Dolly Aishwarya, Giri Dwarakish, Selvakanthan, Azhagu Raja",Prathab Enterprises (in),05-04-2024,2024,4,Friday,0,0,0,0,0,0,0,0.4595,0,0
1372611,Sir,The people of Mangollai village like Colochi Saami and Saamikannu opposed education for the poor while people like Annadurai and Sivangaanam fought against oppression.,24,,Bose Venkat,"Vimal, Saravanan, Chaya Devi",SSS Pictures,18-10-2024,2024,10,Friday,132,0,0,0,0,0,0,0.4817,6,2
972830,Vezham,A young man tries to discover the identity of the killers of his girlfriend with only the voice of one of them as his clue.,25,"Mystery, Thriller",Sandeep Shyam,"Ashok Selvan, Janani Iyer, Iswarya Menon, Ajai Prasath, P.L. Thenappan",K4 Kreations,24-06-2022,2022,6,Friday,135,0,0,0,0,0,0,0.5448,6.5,2
1267903,Double Tuckerr,"Aravind has been gifted with two angels in his life ever since his birth namely Right and Left, one of them accidentally takes Aravind’s life much before his time on Earth ends. By the time they realize their mistake, his body is taken away by Rocket and Murder Mani. Chaos ensues as the dominoes keep tumbling as one untoward incident follows another .",63,"Fantasy, Comedy",Meera Mahadhi,"Dheeraj, Smruthi Venkat, Kovai Sarala, M. S. Bhaskar, Munishkanth",Air Flick,05-04-2024,2024,4,Friday,121,0,0,0,0,0,0,0.6838,5,1
955118,Red Sandal Wood,"Prabha , a boxer and an aspiring police officer from North Madras, goes to Renigunta looking for his Girlfriend's missing brother, only to gets entangled in Red Sandalwood smuggling and unravels the scandal regarding the same in the forest of Andhra Pradesh.",42,"Crime, Thriller",Guru Ramaanujam,"Vetri, Diya Mayurikha, Kabali Vishwanth, Ramachandra Raju, M. S. Bhaskar",J. N. Cinemas,08-09-2023,2023,9,Friday,93,0,0,0,0,0,0,0.6702,8.2,2
1198880,Sila Nodigalil,"What happens when your fate is messed up and you are trapped in your past?  When a married cosmetic surgeon Raj Varadhan from London falls in love with his model girlfriend Maya Pillai who accidentally dies due to drug overdose, his life takes him on an unexpected ride! Will he be able to hide his secrets from his wife Medha?",60,"Mystery, Drama, Thriller",Vinay Bharadwaj,"Richard Rishi, Punnagai Poo Gheetha, Yashika Anand",Esquire Productions [in},24-11-2023,2023,11,Friday,94,0,0,0,0,0,0,0.4522,6,2
1084871,Vasantha Mullai,"Rudhra, who works tirelessly for a successful career and money, and suffering from blackout disorders, goes on a romantic journey to a hill station with his girlfriend Nita, trying to spend some quality time . On the way, he stays at the Vasantha Mullai Motel. The events that unfold in a single night drive Rudhra insane and take him on a roller coaster ride.",64,"Thriller, Mystery",Ramanan Purushothama,"Bobby Simha, Kashmira Pardesi, Arya, Sarath Babu, Rama Prabha",StreamNxt Entertainment App,10-02-2023,2023,2,Friday,108,0,0,0,0,0,0,0.6574,5.7,3
1372609,Rocket Driver,"An autorickshaw driver frequently expresses discontent with life's aspects but harbors an ambitious dream of changing the world, though his actions fail to align with his aspirations.",27,Comedy,Sriram Ananthashankar,"Vishvath, Sunaina, Naga Vishal, Kathadi Ramamurthy, Jagan",Stories By The Shore Production,18-10-2024,2024,10,Friday,103,0,0,0,0,0,0,0.4822,6,1
329142,Vajram,"A corrupt cop approaches four convicts from a juvenile correctional institution to kidnap the daughter of a minister, for whom he is the benami. Little does he realize that the youngsters have their own axe to grind with the minister!",40,"Drama, Action, Family",Ramesh Selvan D S,"Kishore DS, Sree Raam, Murugesh, Jayaprakash, Thambi Ramaiah",Sri Sairam Film Factory,27-02-2015,2015,2,Friday,0,0,0,0,0,0,0,0.5208,4,1
1420161,Kutty Vaathiyar,"Kutty Vaathiyar is a heartwarming comedy filled with laughter and mischief. Through its unique mix of humour and emotion, it explores the bonds of family and the power of an underestimated child",32,,Unknown,"Mayaa Amlu, Dato Geethanjali G, Suhanthi Premal, Mogan Murugan, Sai Kogila",Unknown,14-01-2025,2025,1,Tuesday,0,0,0,0,0,0,0,0.6093,0,0
880791,The Great Indian Kitchen,"Post her marriage, a woman tries to fit into the conventional mould that society has prescribed for married women. But somewhere along the way, she starts feeling that this is not the life she wants.",35,Drama,R. Kannan,"Aishwarya Rajesh, Rahul Ravindran, Poster Nandakumar, Yogi Babu, Sanjana Tiwari",RDC Media,03-02-2023,2023,2,Friday,100,0,0,0,0,0,0,0.6084,7.3,3
1133004,Oda Vittu Sudalama,"The Story Begins With Selvam, an Auto Driver, Travelling by a Car From Cumbam to Coimbatore on a Purpose of Delivering It to a Client. On the Way of His Journey , He Has Got to Pick Up Some Crew, Consisting of Three Persons, Who Tell Him That They Are Going to Deliver Some Unofficial Stuff to Somebody in Coimbatore.  The Journeys Starts..  After Sometime of Their Wheels Rolling., They Come to Know That the Car Has Some Mysterious Features Like a Ghost Followed by a Murder Which the Car Has Done on Its Own., even though They Wanted to Avoid It. Stunning by This Incident, They Stop the Car and the Car Communicates Them by His Special Feature and It Tells Them That It Needs Their Help for Its Revenge.  Will They Accept the Offer?..  If Yes, Will They Complete the Mission..?  It Forms the Rest of the Movie Which Has a Twisting End.",155,Drama,Mv Jijesh,"Vineeth Mohan, Yugan Raj, Pathmaa Gopika, Satheesh Varikkattu, Maheshwar",Everyone Productions,02-08-2023,2023,8,Wednesday,0,0,0,0,0,0,0,0.6207,0,0
1055192,EVIL,"Film starts with anbu, he dreams a bad visual which he gets regularly in his dreams, so to understand about the nightmare he plans a trip with his Girlfriend Pavithra and along with roommate Harish to  visit a haunted Church. After entering to the church They experience spooky incidents in the haunted Church.",53,,Jagan Aloysius,"Vijay Akash, Nithya Raj, Jeeva, Lavika",Unknown,09-12-2022,2022,12,Friday,0,0,0,0,0,0,0,0.749,0,0
341101,Vethu Vettu,"A college student who thinks that he is a playboy, gets himself into trouble with his white lies and loud-mouth.",20,Drama,S. Mani Bharathy,"Arish Kumar, Malavika Menon, Ilavarasu, Ganja Karuppu, Aadukalam Naren",Unknown,20-03-2015,2015,3,Friday,145,0,0,0,0,0,0,0.5627,0,0
615967,Grandma,"A small girl keeps talking to the spirit of her dead grandmother. When her private tutor finds out about this, she sets out to help the girl and the spirit.",30,"Drama, Horror, Thriller",Shijinlal SS,"Sonia Agarwal, Vimala Raman, Charmila, Hemanth Menon, Pournami Raj",Unknown,27-05-2022,2022,5,Friday,120,0,0,0,0,0,0,0.4957,0,0
1398967,Once Upon a Time in Madras,"In Chennai, along the Koovam River, 9-year-old Dinesh's life ends tragically when he's shot by retired army officer Krishnaraja in a fit of rage. Confusion ensues as the police investigation fails to identify the shooter. Krishnaraja disposes of the gun in the river, but its discoveries by a few people sets off a chain of events with unforeseen consequences.",59,Thriller,Prasadh Murugan,"Bharath Srinivasan, Pavithra Lakshmi, Abhirami, Anjali Nair, Shaan A",Friday Film Factory,13-12-2024,2024,12,Friday,121,0,0,0,0,0,0,0.6392,8,1
1002445,Vattam,A tormented Mano decides to solve his problems after his break-up. But things get worse when he finds himself caught between kidnappers and a distressed couple.,26,"Action, Thriller",Kamalakannan,"Sibiraj, Andrea Jeremiah, Athulya Ravi, Vamsi Krishna, Pradeep K Vijayan",Dream Warrior Pictures,29-07-2022,2022,7,Friday,116,0,0,0,0,0,0,0.5192,7,1
1049583,Arjun,"When two different men from different walks of life are approached to sell drugs, one agrees while the other disagrees. What happens next forms the rest of the story.",29,Crime,Mukesh,"Mukesh, KK, Bala Viknesh, Abrar, Haresh Babu",Kaaliwood Productions,17-09-2022,2022,9,Saturday,16,167,0,0,0,0,0,0.4984,0,0
1450177,Tharaipadai,"1000 Crores of money cheated by Chowdhury M.L.M Business in Gold and Diamonds in Suitcase. Chowdhury shoots David and takes the suitcase. Selva steals the suitcase from David. Chowdhury, who was saved by Maran, regains consciousness. He killed Maran family for his M.L.M. business.Using Chaudhary's lawyer, Maran plans to kill Chauhary's accomplices. This leads David and Suitcase to be tempted and kill them all. Did David grab the suitcase or Maran captured? Did the money go to gullible people?",79,Action,Ramprabha,"Prajin Padmanabhan, Lollu Sabha Jeeva, Vijay Vishwa, Aarthi Shalini, Sai Dhanyaa",Stonex,28-03-2025,2025,3,Friday,0,0,0,0,0,0,0,0.8117,0,0
921177,Sithai,"The vulnerabilities for women in our country have remained the same ever since. Needless to say, women are more likely than men to be raped in the middle of the night.  There are no men here to let her go home safely. The rape incident has been going on for women since that day. Did you start talking about rape as soon as I took it? For rape, one I would say let's see what true story has to do with a ritual.  who is affected by this ritual & Nisharin Saif who plays.  Writer Bala comes home to Nishar's Saif home. Saif by writer Bala Nishar asks about life. Nishar's Saif begins to tell about their lives. Bala pays close attention to it and asks Nishar's Saif, Bala when a ceremony like this takes place do you want to ask the girl for consent? Bala asks, ""Isn't it?"" Nishar's Saif answers. Nishar's Saif begins to say angrily, ""This ritual has the same meaning as rape."" Do you know how much ritual people do now?",175,Drama,Karthi ram,"Biju, Anu, Ravi",2020 entertainment,14-04-2021,2021,4,Wednesday,16,78323,0,0.01,0,0,0,0.7651,0,0
1508221,Surrender,"The story unfolds Five days prior during election season, where a police team and a notorious gangster are significantly affected by the election. Ultimately, the narrative leads to a decisive resolution of their conflict with many twists, turns, and emotions.",40,"Crime, Drama",Gowthaman Ganapathy,"Tharshan Thiyagarajah, Lal, Sujith Sankar, Mansoor Ali Khan, Munishkanth",Upbeat Production,01-08-2025,2025,8,Friday,145,58642050,0,5.86,0,0,0,0.7145,0,0
1363072,Chennai City Gangsters,"Having lost a big amount of boss's money given for safe keeping, Pandi and Poochi recruit four washed-up conmen to pull off increasingly a ridiculous bank heist to repay the lost cash back.",33,Comedy,Vikram Rajeshwar,"Vaibhav, Athulya Ravi, Anandaraj, Rajendran, John Vijay",BTG Universal,20-06-2025,2025,6,Friday,129,0,0,0,0,0,0,0.5128,10,1
1002041,Nadhi,"Thamizh, son of an auto-driver and Bharathi, who belongs to a politician family, fall in love with each other. Will they be able to lead a peaceful life amidst people with castiest mentalities?",33,"Romance, Action",K. Thamaraiselvan,"Sam Jones, Anandhi, Karu Pazhaniappan, Munishkanth, Vela Ramamoorthy",Mas Cinemas,22-07-2022,2022,7,Friday,140,0,0,0,0,0,0,0.6403,0,0
1632847,Prabha,A young married woman who returned from the U.S. with her 3-year-old child becomes trapped by a villain and must escape from the villain's group on her own without any help from others.,33,Thriller,Nandhan,Swasika,Unknown,14-12-2018,2018,12,Friday,0,0,0,0,0,0,0,0.43,0,0
922360,Nirangal Moondru,"On a trippy day, the fates of 3 people - Vetri an aspiring filmmaker, Vasanth a reputed teacher and Selvam a corrupt and crooked cop collide, leading to various revelations, where Shree, an anxious youngster discovers that his girlfriend Parvathy has gone missing under mysterious circumstances, gives them the lead.",50,Thriller,Karthick Naren,"Atharvaa Murali, R. Sarathkumar, Rahman, Ammu Abhirami, Dushyanth Jayaprakash",Ayngaran International,22-11-2024,2024,11,Friday,122,0,0,0,0,0,0,0.6089,5.7,6
655815,Champion,"A sports film directed by Suseenthiran, starring Mirnalini Ravi, Vishwa and Narain Kumar in the lead roles.",17,Drama,Suseenthiran,"Mirnalini Ravi, Vishwa, Manoj Bharathiraja, Jayaprakash, Narain",Unknown,13-12-2019,2019,12,Friday,109,0,0,0,0,0,0,0.6434,5,2
1051379,Thookudurai,"In the 18th Century, Tributary Monarch Nirpathunga Varman's diadem became the centerpiece of an annual carnival. In 1996, a forbidden love affair leads to tragedy, revenge, and a cursed spirit. Two decades later, a stolen diadem resurfaces, triggering the return of a vengeful spirit.",44,"Comedy, Drama",Dennis Manjunath,"Yogi Babu, Iniya, Rajendran, Mahesh Subramaniam, Balasaravanan",Open Gate Pictures,25-01-2024,2024,1,Thursday,0,0,0,0,0,0,0,0.6071,5.5,2
1509983,Mrs & Mr,"Mrs & Mr is a Tamil movie starring Vanitha Vijayakumar, Robert, Arthi Ganesh, Sriman and Shakeela in prominent roles. it is written and directed by Vanitha Vijayakumar.",27,"Romance, Comedy, Drama",Vanitha Vijayakumar,"Vanitha Vijayakumar, Robert, Aarthi, Sriman, Shakeela",Vanithaa Film Productions,11-07-2025,2025,7,Friday,0,0,0,0,0,0,0,0.5522,0,0
1696756,Karaa,"A series of bizarre, comical crimes spirals into chaos, taking a dark turn when characters become trapped in crocodile-infested floodwaters, leading to a deadly encounter with the predators.",28,"Action, Thriller",Avatar,"Mahendran, Rajendran",Unknown,15-05-2026,2026,5,Friday,131,0,0,0,0,0,0,0.5904,0,0
1327958,Kaalam Darrr - Short Film,"Ever thought about getting rid of the worst parts of your life to find peace? Meet GoKi (Gopala Krishnan), a frustrated and vexed young man who spends New Year's Day running his uncle's CD shop. Desperate to escape his monotonous life, he stumbles upon a mysterious calendar in a pile of trash. As soon as he tears off a sheet, his life takes an unimaginable turn. Yet, time has a way of binding human lives to reality. This 3-minute (2 mins, 49 secs) mystery comedy Tamil short film depicts how time intricately crafts a profound journey for its protagonist.",99,"Mystery, Comedy, Fantasy, Drama",Jeffrey Samuel C,Sarath Kumar,Unknown,10-08-2024,2024,8,Saturday,3,12859,0,0,0,0,0,0.532,0,0
1145622,Are You Ok Baby?,"A heart-wrenching tale of adoption unfolds, pitting adoptive parents against the biological mother. Media intervention escalates the issue to legal consequences and emotional turmoil, finally leading  to a gripping courtroom climax.",31,"Drama, Family",Lakshmi Ramakrishnan,"Samuthirakani, Abhirami, Mullai Arasi, Lakshmi Ramakrishnan, Ashok Kumar Balakrishnan",Monkey Creative Labs,22-09-2023,2023,9,Friday,113,0,0,0,0,0,0,0.5244,0,0
455461,Inayathalam,A team of cybercrime officials are left scratching their heads after an untraceable website starts streaming murders live on the internet.,21,"Action, Crime",Shankar-Suresh,"Ganesh Venkatraman, Shweta Menon, Sukanya, Erode Mahesh, Delhi Ganesh",Anugrahada Art Films,12-05-2017,2017,5,Friday,122,0,0,0,0,0,0,0.4534,5,1
1375460,Happy Birthday Luci,"Everything has two sides, Good or Bad, Positive or Negative and likewise there exists both God and Satan. Lots of people worship God, while very few worship Satan.The fewer satanic worshippers wanted to spread their belief in huge quantity and to construct Satanic Church, a worship place for Satan like Church, Mosque and Temples.Crimson, a Satanic follower gets in-charge of constructing the Satanic Church and gets instructed to give six human sacrifice to Satan at the same time in that place before construction. All the six should be the first child of their families and were born on June 6th 1996 at 6:06 am.The story focuses on whether Crimson found the six persons, and sacrificed their lives to Satan or not.It's an imaginary story, no resemblance of any events or persons.",131,"Crime, Horror",S.M.Mohammed Azarudeen,"Karthik Sasidharan, Seethulakshmi, Sanjeev Srinivas, Dolly Aishwarya, R. Harivijay",AZ06 Productions,25-10-2024,2024,10,Friday,0,0,0,0,0,0,0,0.4492,0,0
847346,Shivanum-Mohiniyum,"A short film about two boys who are left with questions on freedom, religious identities in their childhood the answers to the question is later discovered in the film while they dispute through religion and toxic masculinity in their youth.",40,Drama,Ramakaushalyan Ramakrishnan,,Unknown,21-08-2021,2021,8,Saturday,20,0,0,0,0,0,0,0.569,0,0
1459683,Vaathiyar Kuppam,"The story is whether MP and his younger brother MLA, who are supporting the opening of a company in north indian association Vathiyar Kuppam, a village called Vathiyar Kuppam in Thoothukudi district, along with the protagonist Khalid and Antony Dasan, went into the field and restored Vathiyar Kuppam.",48,Drama,Rahmath Shakif,"Rashmitha Hiwary, Java Sundaresan, Ganja Karuppu, Bava Lakshmanan, 'Meesai' Rajendran",Rahmath Creations,09-05-2025,2025,5,Friday,0,5928500,0,0.59,0,0,0,0.5296,0,0
1233095,Local Sarakku,This is the Story of a Male Lead Consuming Alcohol for Long Time. At Certain Point Lead Wish to Stop Consuming Alcohol Which Leads to Life Threatening Issue of Whole Life.,31,Comedy,S. P. Rajkumar,"Dinesh, Yogi Babu, Upasana Rai, Java Sundaresan, Imman Annachi",Varaha Swamy Films,26-01-2024,2024,1,Friday,133,0,0,0,0,0,0,0.5491,1,1
967726,The Road,A woman who loses her loved ones in a road accident realises that it was orchestrated and decides to track down the person responsible for the tragedy.,27,"Thriller, Drama",Arun Vaseegaran,"Trisha Krishnan, Shabeer Kallarakkal, Miya George, Santhosh Prathap, Vivek Prasanna",AAA Cinemaa Pvt Ltd,06-10-2023,2023,10,Friday,143,0,0,0,0,0,0,0.5764,5,4
1338207,Saala,"A power struggle unfolds over the reopening of a famous 'Parvathy Bar' in Royapuram, pitting two rival factions against each other and a passionate anti-alcohol activist.",26,"Action, Drama",S.D. Manipaul,"Dheeran Shree Natraj, Reshma Venkatesh, Aruldoss, Charles Vinoth, Sampath Ram",Unknown,23-08-2024,2024,8,Friday,121,0,0,0,0,0,0,0.5364,0,0
962085,Sattam En Kaiyil,"Gowtham finds himself in need to overcome an increasingly dire predicament after accidentally killing a motorcyclist, hiding the body in his car trunk and feigns drunk driving to avoid suspicion at a police checkpoint.",34,Thriller,Chachi,"Sathish, Rithika Tamil Selvi, Ajay Raj, Pavel Navageethan, Venba",Shanmugam Creations,27-09-2024,2024,9,Friday,124,0,0,0,0,0,0,0.6829,7,2
1035312,Sanjeevan,A thrilling snooker game leads Nilan and his friends on a road trip that leads to an unexpected turn of events.,21,"Thriller, Drama",Mani Shekar,"Vinod Loghydaas, Dhivya Dhuraisamy, Sathya N J, Shivnishanth, M. S. K. Yazeen",Malar Movie Makers,14-10-2022,2022,10,Friday,110,0,0,0,0,0,0,0.7405,0,0
1305285,Time,"A scientist and a physicist meet at a bar and start talking about temporal mechanics, unaware that unexpected consequences are in store.",22,"Science Fiction, Drama",Eashwar Gopala Krishnan,"Devagaash, K S Suresh, Sathvika, Eashwar Gopala Krishnan",GK Entertainment,16-06-2024,2024,6,Sunday,30,0,0,0,0,0,0,0.4989,0,0
1479615,A Lone Floor,"A tormented investigative journalist, haunted by a disturbing video and an unrelenting thumping from the floor above, finds himself trapped in a collapsing psychological maze—where every corridor leads deeper into guilt, fractured identity, and a horrifying truth buried in his own mind.",42,"Thriller, Drama",Shrikanth Senj,"Sharook Sherief, Sibi Snehan, Mithra",High Calibre,04-05-2025,2025,5,Sunday,24,5010,0,0,0,0,0,0.5994,10,1
491664,12-12-1950,Story about five Rajinikanth fans and their journey.,8,"Action, Comedy",Selva,"Selva, Thambi Ramaiah, John Vijay, M. S. Bhaskar, Ramesh Thilak",Jyostar Enterprises,08-12-2017,2017,12,Friday,129,0,0,0,0,0,0,0.5604,7.1,4
1373962,AASPATHIRI,RAJU IS A GUY NEW TO THE TOWN AND HE SEARCH FOR A HOSPITAL WITH A  HELP OF ONE OLD STRANGE LADY .THEN HE REACHED AND SPEND TIME IN THAT WIERDEST HOPSITAL.,32,"Comedy, Drama",AAKASH,"AAKASH, AVINASH, YESHWANTH VISHAL, SHAKTHI, E.Dhanush",VELLORE VVNKM BOYZ FILMS,29-03-2020,2020,3,Sunday,17,0,0,0,0,0,0,0.5128,9,1
1162934,Saandrithazh,"Karuvarai, being a prime example for an utopian village which has no crimes,  people are taught  self-discipline as a way of life,and honesty and hard work is valued. The villagers even shun a  prestigious award for the model village, but don't want  the local politicians to interfere in their way of functioning, which earns wrath of politicians.",57,"Drama, Thriller",J.V.R,"Harikumar, Ashika Ashokan, Roshan Basheer, Tanisha Kuppanda, Kausalya",Vettrivel Cinemas,04-08-2023,2023,8,Friday,130,0,0,0,0,0,0,0.4918,0,0
965639,Love,"A lovely relationship between Ajay and Divya , who are head-over-heels in love with each other, turn upside down within a year of their marriage. What happens when the situation gets out of control?",34,"Romance, Thriller",R. P. Bala,"Bharath Srinivasan, Vani Bhojan, Vivek Prasanna, Daniel Annie Pope, Swayam Siddha",RP Films,28-07-2023,2023,7,Friday,103,0,0,0,0,0,0,0.6501,7,1
984631,Coffee With Kadhal,Kathir's wedding brings together his two brothers and their reunion causes them to have second thoughts about their current love lives. Will each of them end up with who they want to be with?,34,"Drama, Comedy",Sundar C,"Jiiva, Srikanth, Jai Sampath, Malavika Sharma, Amritha Aiyer",Avni Cinemax,04-11-2022,2022,11,Friday,147,0,0,0,0,0,0,0.6068,6.8,3
861996,Mudhal Nee Mudivum Nee,"A refreshing tale of a bunch of high school students, their dreams, first love, music, guitar, football, video cassettes and more.",21,Drama,Darbuka Siva,"Kishen Das, Harish Kumar, Meetha Raghunath, Purva Raghunath, Harini Ramesh",Super Talkies,21-01-2022,2022,1,Friday,148,14946500,0,1.49,0,0,0,0.6728,8.1,11
1307764,Emagadhagan,"The People Living in a Cursed Village Have Been Trapped in the Grip of a Curse for Generations and Have Been Living in Fear of Losing Many Human Lives and Taking Away Their Property and Rights. How Did They Uncovered the Enigma Behind This Affliction, Breaking the Curse and Reclaiming Their Lives?",52,Drama,KS Kishaan,"Karthik Sriram, Rashmitha Hiwary, Vattakara Satheesh, Maddy Manoj",Prime Reels Pictures (IN),05-07-2024,2024,7,Friday,102,0,0,0,0,0,0,0.6652,0,0
1035278,Aattral,"A mechanical engineer has an aim of inventing unmanned car and his father manages to get money required for project, but dies in a road accident.  A robbery attempt stopped by him leads him to the suspicion about his father's death.He sets out to find the truth with his unmanned car named Roger.",53,"Thriller, Action",K. L. Kannan,"Vidharth, Shrita Rao, Vamsi Krishna, Charle, Rama",Chevvanthy Movies,14-10-2022,2022,10,Friday,118,0,0,0,0,0,0,0.4431,7,1
1048643,Naadu,An urban educated doctor who is transferred to a village in the hopes of mitigating the frequent illness and illness and disease spread in the rural area and her efforts to get adjusted to the ways of villagers.,38,Drama,M. Saravanan,"Tharshan Thiyagarajah, Mahima Nambiar, Singampuli, Aruldoss, R.S. Shivaji",Sri Arch Media,01-12-2023,2023,12,Friday,0,0,0,0,0,0,0,0.5668,0,0
1462421,A WISH TO REMEMBER,"Thomas Britto once a bright, intelligent programmer is now on a hunt to catch two unidentified men who has caused him great harm by stealing his program, leaves him with a medical condition, where does the truth lead him?",39,"Drama, Mystery, Crime",Adhi Kesavan,"Vishwesh, Poojasri, Aathithyan, Aravind. M, Cheralathan Ravikumar",Unknown,04-04-2025,2025,4,Friday,35,0,0,0,0,0,0,0.6245,0,0
1181386,Margazhi Thingal,"A young school girl with a doting grandpa falls in love with her classmate, to much apprehension from her grandfather. Intra-caste complexities soon begin to haunt the family.",28,"Drama, Family, Romance",Manoj Bharathiraja,"Shyaam Selvan, Rakshana, Bharathiraja, Suseenthiran, Appukutty",Vennila Productions,05-10-2023,2023,10,Thursday,112,0,0,0,0,0,0,0.5929,0,0
1738076,Andharan,"Karthika's fiancés mysteriously die before marriage. Officer Chezhiyan investigates the deaths and discovers dark secrets from her past, revealing the hidden forces haunting her life as truth and fear collide.",30,Thriller,Unknown,"Prajin Padmanabhan, Anupama Kumar",Unknown,26-06-2026,2026,6,Friday,125,0,0,0,0,0,0,0.3559,0,0
1651658,Wait Is All I Have,"The film is about Muthu, a 60-year-old man, who reminisces about his family  and how they slowly became strangers under the same sky.",23,,Soorya,"Geetha Kailasam, Raju Rajappan, Vishnu Bala, Neelakandan, R.S.Roshith Varshan",Unknown,13-03-2026,2026,3,Friday,15,0,0,0,0,0,0,0.5752,0,0
1477870,Jora Kaiya Thattunga,"A solitary magician in rural South India battles social resistance while pursuing his deceased father's aspirations, until hardship sparks his metamorphosis into a resilient force ready to overcome.",28,"Thriller, Family, Drama",Vineesh Millennium,"Yogi Babu, Hareesh Peradi, Shanthi Rao, Zakir Ali, Menaga Priya",WAMA Entertaiment,16-05-2025,2025,5,Friday,107,0,0,0,0,0,0,0.5748,0,0
508376,Suttu Pidikka Utharavu,The people of a crowded colony in Coimbatore city go through a hard time as a few heavily armed criminals enter the place when they try to escape from the cops.,31,"Action, Thriller",Ramprakash Rayappa,"Vikranth, Athulya Ravi, Mysskin, Suseenthiran, Manasvi Kottachi",Kalpataru Pictures,14-06-2019,2019,6,Friday,115,0,0,0,0,0,0,0.4611,5.6,6
347440,Vindhai,"A young man and woman running away from their homes are taken to a police station, where they become spectators to the goings-on at the place.",26,"Comedy, Romance",Unknown,"Mahendran, Manisha Jith, Manobala, M. S. Bhaskar, Kadhal Saravanan",Unknown,22-05-2015,2015,5,Friday,0,0,0,0,0,0,0,0.4686,0,0
742733,Why do flowers die,A young boy living with his grandparents tries to overcome the tragic death of his parents.,16,Drama,pramoth durai,"Nagarathinam, pramoth durai, George David",Unknown,25-08-2020,2020,8,Tuesday,13,1002,0,0,0,0,0,0.5542,0,0
1267436,Karuppu Pakkam,"Hero Rajkapoor took loan via mobile Application .He applied the loan from sincy shajan Mobile. Sincy shajan is sister of Rajkapoor as story of movie.She did not know about the loan matter.After seven days one mobile call coming from loan app agency.They ask loan amount .But she don't know about the loan  so cut the phone call . But the loan Agency do return call and start the threatening to sincy shajan.Then hacked her mobile records and Next morphing her photo with nude photos.,and send to her whatsapp.Sincy shajan (Heroin)saw the photos and try to suicide. And same time another phone call threatening to hero., The phone call talking about Drug parcel.Then Hero how to recover this case ? This is Karuppu pakkam story.",124,Drama,Broadway Sundar,"Raj Kapoor, Sincy Shajan, Vajra Ram, Sumangali Sathish, Suganthy Jeyaraj",Broadway Pictures,03-11-2023,2023,11,Friday,0,0,0,0,0,0,0,0.5462,0,0
660659,Bommai,"Raj Kumar, a painter in a mannequin factory with troubled past, falls in love with a mannequin reminds him of his high-school sweetheart Nandini and imagines it to be real. But things get messy when the factory owner exports it to a showroom.",43,"Drama, Romance, Thriller",Radha Mohan,"S. J. Suryah, Priya Bhavani Shankar, Chandhini Tamilarasan, Joshua Parisutham",Angel Studios,16-06-2023,2023,6,Friday,145,0,0,0,0,0,0,0.4841,3,1
1507659,MANAM,"Arjun and Lekha share a peaceful married life until Lekha start noticing a familiar scent on him that she can’t ignore. As memories and suspicions return, she is caught between trust, fear and an unsettling question. Is Arjun keeping secrets, or is there more to the story than she understands?",50,"Drama, Romance",Kiran Ramesh,"Harija, Amar Ramesh, Prasanna Shrivatsan, Smitha Rajeshekaran, Adhil Irfan",Eternal film studios,04-07-2025,2025,7,Friday,49,0,0,0,0,0,0,0.7204,0,0
1266959,The Boys,"Five troublemaking bachelors get evicted and need to find refuge in a suspiciously affordable house on the outskirts of the city. Little do they know, the house has its own history.",31,"Comedy, Horror",Santhosh P. Jayakumar,"Santhosh P. Jayakumar, Shah Ra, Arshad, Yuvraj Ganesan, KPY Vinodh",Unknown,29-03-2024,2024,3,Friday,131,0,0,0,0,0,0,0.6621,8,1
904718,Nenjuku Needhi,"An upright city-bred IPS officer investigates a mysterious case of three missing Dalit girls in a rural part of Tamil Nadu. While two are found dead, one is missing without any trace. Can he crack the case and get hold of the culprits?",43,"Crime, Drama, Mystery",Arunraja Kamaraj,"Udhayanidhi Stalin, Tanya Ravichandran, Aari Arjuna, Shivani Rajashekar, Yamini Chander",Zee Studios,20-05-2022,2022,5,Friday,140,0,0,0,0,0,0,0.5338,7.3,12
1137819,Tharunam,"Tharunam follows the journey of Arjun, a dedicated CRPF officer, and Meera, a driven entrepreneur, whose paths cross at a chance encounter. As their relationship begins to evolve, the story delves into the emotional and personal challenges they face together. With each moment pushing them to new heights, Arjun and Meera navigate the complexities of their bond, learning from their struggles and triumphs. The plot explores how their growing connection shapes their lives and how they overcome the obstacles that come their way.",83,"Romance, Thriller",Arvindh Srinivasan,"Kishen Das, Smruthi Venkat, Raj Aiyyappa, Balasaravanan, Geetha Kailasam",Zhen Studios,14-01-2025,2025,1,Tuesday,122,0,0,0,0,0,0,0.6566,0,0
533901,Miga Miga Avasaram,A female cop has a tough time trying to strike a balance between answering nature's call and her duty,19,Drama,Suresh Kamatchi,"Sri Priyanka, Arish Kumar, Muthu Raman, E. Ramadoss, Saravana Sakthi",V House Productions,08-11-2019,2019,11,Friday,96,0,0,0,0,0,0,0.5403,7.3,3
1358582,Poultry Farm Chelladurai,"When fate deals tragic hands to a pair of siblings, Chelladurai tries his best to ensure his sister's wellbeing amid their capricious futures.",23,Drama,Seenu Ramasamy,"Aegan, Brigida Saga, Sathya devi, Yogi Babu, Aishwarya Dutta",Vision Cinema House,20-09-2024,2024,9,Friday,122,0,0,0,0,0,0,0.4231,0,0
1411540,2K Love Story,"Can there be pure friendship between a boy and girl who are close to each other since childhood? Their friends, family members and close members all think that this deep friendship between the two will lead love and then marriage. Does it happen with all such friendships?",47,"Romance, Comedy",Suseenthiran,"Jagaveer, Meenakshi Govindarajan, Balasaravanan, Jayaprakash, Singampuli",City Light Pictures,14-02-2025,2025,2,Friday,0,0,0,0,0,0,0,0.5465,4,2
1179499,Naam Katra Isai,,0,,Saresh D'seven,,SLY Entertainment,23-11-2023,2023,11,Thursday,0,0,0,0,0,0,0,0.5901,0,0
653848,Dhanusu Raasi Neyargalae,An young man struggling to get a girl to marry against his tough horoscope rules and finding a matching girl without any conflict on same.,25,"Romance, Comedy",Sanjay Bharathi,"Harish Kalyan, Digangana Suryavanshi, Reba Monica John, Munishkanth, Yogi Babu",Sree Gokulam Movies,05-12-2019,2019,12,Thursday,121,0,0,0,0,0,0,0.5694,4.8,3
1538920,Pugaiyaadal,"Ayub, a 20 year old boy, stumbles into Amala, his school friend.",12,,Jai,"Vinoth, Vee",Unknown,31-08-2025,2025,8,Sunday,25,0,0,0,0,0,0,0.5868,0,0
1461114,The Door,"Mithra, an architect at a cursed job site gets entangled with a restless ghost, forcing her to uncover a decades-old murder linked to her own family.",26,"Horror, Thriller",Jaiiddev,"Bhavana, Jayaprakash, Ganesh Venkatraman, Nandhu, TSR",Unknown,28-03-2025,2025,3,Friday,131,0,0,0,0,0,0,0.5793,0,0
1459770,Rekkai Mulaithen,"A son of Tamil Nadu's biggest garment owner goes missing. The police are secretly involved in the search for him. The police investigation is moving towards one goal, but things are different. The police officer is shocked when the investigation takes unexpected turns. Whether the abducted person is alive or not, what happened in his life, why was he kidnapped, is the story of the movie Rekkai Mulaithen.",68,"Crime, Thriller",S. R. Prabhakaran,"Tanya Ravichandran, Jayaprakash, Aadukalam Naren, Meera Krishnan, Gajaraj",Unknown,20-06-2025,2025,6,Friday,121,634600000,0,63.46,0,0,0,0.4858,0,0
1187512,Shot Boot Three,"A new pet friend, Max enters the lives of four kids, Kailash, Pallavi, Ballu and Ramana, who grow up in and around a sprawling and 'prestigious' apartment. When Max goes missing the four children join hands to search for Max and bring him back home.",45,"Adventure, Comedy, Family",Arun Vaidyanathan,"Venkat Prabhu, Sneha, Kailash Heet, Praniti Praveen, Vedanth Vasanth",Universe Creations,06-10-2023,2023,10,Friday,117,0,0,0,0,0,0,0.5907,0,0
1032553,Farhana,"Farhana, a devout Muslim woman and mother in a middle class family, with her family's consent, takes a call center job . Although the job gives Farhana freedom, it also leads her into a web of danger, when an individual who captivates her with his approach.",46,"Drama, Thriller",Nelson Venkatesan,"Aishwarya Rajesh, Jithan Ramesh, Selvaraghavan, Kitty, Anumol",Dream Warrior Pictures,12-05-2023,2023,5,Friday,140,0,0,0,0,0,0,0.4969,5.571,7
766918,Quota,"Film relates the situation faced by an ambitious, loyal and happy family in their daily walks of financially uncontrollable lifestyle. Adding much to the movement of the story, the pinching of the boys with acute sense of humor lifts it to a different level. The difference in opportunities, opinions, judgements, reservations between the rich and poor forces the boy to challenge his talent which results in attaining the prejudice with his determination and hard work.",75,"Drama, Family",P. Amudhavanan,"Aadhil, Bhavaas, Naresh Madeswar, Niharika, Saji Subarna",Unknown,20-11-2020,2020,11,Friday,0,0,0,0,0,0,0,0.5708,6,2
1089188,Single Shankarum Smartphone Simranum,"A mobile phone with an inbuilt AI bot lands in the pocket of Shankar, a good delivery guy. Trouble begins when the AI called Simran falls head-over-heels in love with Shankar, with whom it interacts.",35,"Comedy, Romance, Fantasy",Vignesh Sha P. N.,"Shiva, Megha Akash, Anju Kurian, Mano, Ma Ka Pa Anand",Lark Studios,24-02-2023,2023,2,Friday,128,0,0,0,0,0,0,0.5315,4,2
410986,Arthanari,A cop and her lover are on the hunt for the kingpin of a racket that exploits hapless kids and their parents for different reasons.,25,"Thriller, Crime",Sundarra Elangovan,"Nassar, Ramkumar, Arundhathi Nair, Rajendran, Sampath Ram",Unknown,08-07-2016,2016,7,Friday,0,0,0,0,0,0,0,0.4601,3,1
740805,On Floating Bodies,"The film explores the spatial dimensions of a being who alternately enters and exits a fragmented world of projections where thoughts, memories and dreams blend into a strange loop of treacherous images. The film explores multiple layers of in-ness such as inclusion, depiction and representation.",45,"Animation, Documentary, Mystery",Sibi Sekar,Uddish Pasupathy,SSSW,01-05-2021,2021,5,Saturday,19,41750,0,0,0,0,0,0.6047,0,0
1363246,Blood and Black,"Johnson Richard, a ruthless Russian scientist, abducts a couple, willing to cross any line to protect his grandfather’s deadly experiment",20,"Horror, Thriller",Guru Karthikeyan,"Sugi Vijay, Yanni Jackson, Sharmi, Kishore Ram, Karthick Sanjay",Blue Whale Entertainments,06-12-2024,2024,12,Friday,88,0,0,0,0,0,0,0.5269,0,0
1643778,Vandha Mala,"A group of friends steal gold chains in order to raise money to open a hotel. When they steal a chain from a woman, they find a letter offering them two crores if they save her from danger.",38,Drama,Unknown,Risha,Unknown,07-08-2015,2015,8,Friday,0,0,0,0,0,0,0,0.4423,0,0
1439367,Asthram,"Asthram is a gripping crime thriller that delves into a series of puzzling suicides, where victims are found stabbed under eerily similar circumstances. Determined to uncover the truth, Inspector Akilan tasked himself to investigate the case. As the investigation unfolds, Akilan gathers crucial evidence that links each case, unraveling a web of secrets.",53,Thriller,Aravind Rajagopal,"Shaam, Niranjani Ashokan, Ranjith D, Nizhalgal Ravi, Jeeva Ravi",Unknown,21-03-2025,2025,3,Friday,111,0,0,0,0,0,0,0.6442,3,1
1232608,Veeman,The struggle between the tribal people and the corporate company.,10,"Drama, Thriller",Keera,"Vijay Karthik, Venmathi, Vasagar, Sahana",Unknown,08-09-2023,2023,9,Friday,128,0,0,0,0,0,0,0.6557,0,0
527687,Paalkaari,,0,"Drama, Romance, Thriller",Om Pulli Jeevarathinam,"Shivani Grover, Minu Kurian",Unknown,18-05-2018,2018,5,Friday,128,0,0,0,0,0,0,0.5975,0,0
330424,Chennai Ungalai Anbudan Varaverkiradhu,"Three bachelors, who have come to Chennai to make a living, realize that life in a metro is fraught with difficulties, both external and self-inflicted.",25,"Comedy, Drama",M. Maruthupandian,"Bobby Simha, Saranya, Prabanjeyan, Linga, Alphonse Puthren",Kariyampatti Studios,10-04-2015,2015,4,Friday,129,0,0,0,0,0,0,0.5973,5,1
371931,Injimarappa,Hero falls for heroine but he has issues with her brother.,11,"Romance, Comedy",Unknown,"Sri Balaji, Sony Sirishta, Rishika Singh, Nellai Siva",Radha Krishna Film Circuit,10-11-2015,2015,11,Tuesday,0,0,0,0,0,0,0,0.5466,4,1
1542910,Enai Sudum Pani,"Women are going missing in Pollachi and police have shirked their responsibility to catch the criminal. Vetri and Aparna are neighbours and have been in love since childhood. She is a responsible adult, with her own business, and he is a fun loving young man, with the ambition to become an IPS officer. A dead body is discovered and the parents of the dead woman.",65,Thriller,Ram Sevaa,,Unknown,21-03-2025,2025,3,Friday,100,0,0,0,0,0,0,0.4372,0,0
1190904,Nanban Oruvan Vantha Piragu,"Anand, in the travel back to his home to reunite with his friends , looks back at his life in 8 chapters, trying to find an answer to the question of “What’s happiness / Am I happy?",37,Drama,Ananth Ram,"Ananth Ram, Bhavani Sre, Mirchi Vijay, Elango Kumaravel, Kulappulli Leela",White Feather Studios,02-08-2024,2024,8,Friday,135,0,0,0,0,0,0,0.4318,0,0
1266734,Hot Spot,"A hopeful director with a secret plan, tells the story of his movie to a well-known but imperfect producer. The Director's stories reflect and question the Producer's beliefs, leaving the Producer confused by how the stories seem to connect with his own grudges.",43,Drama,Vignesh Karthick,"Kalaiyarasan, Sofia Manikandan, Janani Iyer, Ammu Abhirami, Gouri G Kishan",Unknown,29-03-2024,2024,3,Friday,122,0,0,0,0,0,0,0.5433,7,4
396997,Unakkul Naan,"Unakkul Naan plays out through the mind of a young boy who, while watching a film at the theater where his father works as a projectionist, is sent back to school by his father. The boy then embarks on a fantastical journey wherein he experiences the joy of childhood while also coming to understand the reality of human life and its elements. This is a highly experimental feature film was shot inside theatre.",73,"Drama, Documentary",Venkatesh Kumar G,"Master Sanjith, Karthik Nagarajan",Unknown,29-04-2016,2016,4,Friday,0,0,0,0,0,0,0,0.5531,0,0
1199638,Thiru.Manickam,"In today's digital world, Manickam, a man determined to live an honest life, is tested and troubled by his family, relatives and many others. What did Manickam do to find himself in such a situation? How does he overcome the trials that question his integrity? This story unfolds in a simple yet engaging and thrilling way, keeping you hooked till the very end",63,Drama,Nandha Periyasamy,"Samuthirakani, Ananya, Bharathiraja, Nassar, Thambi Ramaiah",GPRK CINEMAS,27-12-2024,2024,12,Friday,0,0,0,0,0,0,0,0.4474,6.5,2
930108,Ratham,A father grieving his late wife joins a team of journalists investigating a series of interconnected murders.,17,"Crime, Thriller",C. S. Amudhan,"Vijay Antony, Mahima Nambiar, Remya Nambeesan, Nandita Swetha, Jagan Krishnan",Infiniti Film Ventures,06-10-2023,2023,10,Friday,142,0,0,0,0,0,0,0.5091,6.3,6
347330,Lodukku Pandi,"The movie is named after Karunas' famous character in his debut movie Nandha starring Suriya and Laila. Lodukku Pandi character in Nandha made him popular overnight. Karunas has previously done lead roles in films such as Dindugal Sarathy, Ambasamudram Ambani etc. The film is produced by G Pictures.",48,"Drama, Comedy",Rajanish,"Karunas, Neha Saxena, Manobala, Ilavarasu, Kadhal Thandapani",Unknown,26-06-2015,2015,6,Friday,0,0,0,0,0,0,0,0.5244,0,0
1161766,Vaan Moondru,"Revoles around 6 characters Sujith, Swaathi, Joshua, Jyothi Meenakshi, Siva and Chitra an how they express their love and admiration for each other and cross paths to lead together with a life full of love that’s irrespective of age and norms.",41,"Drama, Romance, Family",AMR Murugesh,"Ammu Abhirami, Aditya Baskar, Vinoth Kishan, Abhirami Venkatachalam, Delhi Ganesh",Unknown,11-08-2023,2023,8,Friday,99,0,0,0,0,0,0,0.5081,7,1
365811,Om Shanthi Om,"A young man recovers from an accident and finds five people following him everywhere. When he confronts them, they tell him that they will leave him in peace once he fulfills their wishes. As he starts doing so, he learns why they are after him.",45,"Horror, Drama",Surya Prabaakar,"Srikanth, Neelam Upadhyaya, Junior Balaiah, Vinodhini Vaidyanathan, Siddharth Lama",8 Point Entertainment,30-10-2015,2015,10,Friday,142,0,0,0,0,0,0,0.4378,6.2,4
1226759,Rasavathi,"A former criminal doctor and his wife seek a tranquil life, but has to face a psychopathic police inspector hellbent on vengeance jeopardizes their relationship and to kill doctor just because he bumped into him accidentally.",36,"Drama, Thriller, Romance",Santha Kumar,"Arjun Das, Tanya Ravichandran, Sujith Sankar, G. M. Sundar, Ramya Subramanian",DNA Mechanic Company,10-05-2024,2024,5,Friday,148,0,0,0,0,0,0,0.4956,7.5,2
849622,Grandma's Cooking,"It’s Deepavali day and everyone is waiting for Anjelai’s famous Dum Biryani to be served. However, she and her daughter notice something amiss with the dish. Faced with a dilemma, Anjelai and her daughter must find a way to save Deepavali.",41,"Drama, Family",Laavania Krishna,"Sithira Thevi, Magalakshimi S.",Back to One (SG),31-12-2021,2021,12,Friday,14,0,0,0,0,0,0,0.5608,0,0
789075,E.P. KO 306,"Kodishwari, a 17-year-old girl is a topper at her board examination but, unfortunately, she fails at her NEET examinations. She decides to take justice into her hands as she goes up against the politicians and the education system.",38,Drama,Unknown,"Cheenu Mohan, sai aravindh",Unknown,20-01-2021,2021,1,Wednesday,120,0,0,0,0,0,0,0.5407,0,0
804614,Pei Irukka Bayamen,A couple stays in a haunted house and decides to ignore the presence of two ghosts when they realise that it is impossible to tame them.,26,"Horror, Comedy",S. Kaarthieswaran,"S. Kaarthieswaran, Gayatri Rema, Nellai Siva, Muthukalai, Niyathi Kadambi",Thilaka Arts,01-01-2021,2021,1,Friday,125,0,0,0,0,0,0,0.4701,0,0
1311247,7/G,"Rajiv and Varsha, a couple with a five-year-old son, Rahul, moves to a new flat where Varsha faces paranormal activities. Can Varsha fight against supernatural forces to save their dream house, or she decides to leave her house to save her family?",42,Horror,N Haroon,"Sonia Agarwal, Smruthi Venkat, Siddharth Vipin, Sneha Gupta, Subramaniam Siva",Dream House (in),05-07-2024,2024,7,Friday,140,0,0,0,0,0,0,0.5086,0,0
1540107,Ayynoorum Ayynthum,The bizarre journey of a 500-rupee note through 5 different characters and how they perceive it in their own ways.,20,,Stanzin Raghu,"Living Smile Vidya, T.M. Karthik, Lakshmi Priyaa",Accessible Horizon Films,30-04-2016,2016,4,Saturday,120,0,0,0,0,0,0,0.4918,0,0
1060532,Nandhan,An Underdog of a Rural village survives as much as obstacles that he can to overcome his societal status,19,Drama,Era. Saravanan,"M. Sasikumar, Suruthi Periyasamy, S. Mathesh, Mithun bose, Balaji Sakthivel",ERA ENTERTAINMENT,20-09-2024,2024,9,Friday,0,0,0,0,0,0,0,0.5211,0,0
1054716,Dhadha,,0,"Comedy, Drama",Guinness Kishore,"Nithin Sathya, Yogi Babu, Gayatri Rema, Nassar, Manobala",Unknown,09-12-2022,2022,12,Friday,0,0,0,0,0,0,0,0.4898,0,0
451434,Yemaali,"Yemaali is the story of Maali and his brother-from-another-mother, Aravind, and how they plan on killing Maali’s ex-girlfriend. They even call the ‘project’ Yemaali, a wordplay on both their names. But why do they want to kill this girl? Because she broke up with him, of course.",47,"Thriller, Romance",V. Z. Durai,"Samuthirakani, Sam Jones, Athulya Ravi, Balasaravanan, Singampuli",Latha Productions,02-02-2018,2018,2,Friday,147,0,0,0,0,0,0,0.4859,2.7,3
526077,Oru Kuppai Kathai,"Poongodi marries Kumar without knowing that he works with the corporation as a trash collector. Once she stumbles upon the truth, she shuns him and elopes with her neighbour, Arjun. Will Kumar succeed in bringing her back?",37,"Comedy, Drama",Kaali Rangasamy,"Dinesh, Manisha Yadav, Yogi Babu, Aadhira Pandilakshmi",Unknown,25-05-2018,2018,5,Friday,136,0,0,0,0,0,0,0.5324,4.75,4
1100454,Rajamagal,"Sundaram, a doting father, makes a promise to his daughter, Kanmani and he puts in great effort and faces numerous challenges to honour his commitment.",25,"Drama, Family",I. Henry,"Aadukalam Murugadoss, Bagavathi Perumal, Velina, Baby Prathiksha, Florent Pereira",Moon Walk Pictures,17-03-2023,2023,3,Friday,116,0,0,0,0,0,0,0.5051,0,0
733732,Thirupathisamy Kudumbam,"Thirupathisamy is the quintessential middle-class every man. He makes a living as a cab driver, and leads a happy life with his wife and three children. However, things are about to change forever for them following an unexpected incident.",39,"Drama, Romance",Suresh Shanmugam,"Aishwarya Lekshmi, Devadarshini, Mayilsamy, Jahin, Ameer",Unknown,13-12-2019,2019,12,Friday,148,0,0,0,0,0,0,0.4844,0,0
921115,Kattil,"The story revolves around the sentimental attachment of a family towards a cot that has been passed through the family for three generations. It has been their family’s companion through their ups and downs for around 250 years and everyone are attached to it emotionally. It has survived as a unperishable common identity link or reference passed from one generation to the next within the family. It was a place for last breadth for some and first breadth for some. Thus, the non living entity becomes a living one among the family members by the memories itched by it in their minds.The screenplay is based on how the antique cot , which the family emotionally revere lose it and how they struggle to recover the same , whether they succeed or lose it forever ,is the question which is answered in the plot.",143,Drama,E. V. Ganesh Babu,"E. V. Ganesh Babu, Srushti Dange, Semmalar Annam, Indra Soundar Rajan, Geetha Kailasam",Unknown,03-12-2021,2021,12,Friday,128,0,0,0,0,0,0,0.4918,0,0
1069953,Bommai Nayagi,"Velu, who works in a tea shop, fights for justice for his 9-year-old daughter, who has been subjected to sexual assault by two influential upper-caste men during a festive season.. However, when he realizes that people he trusts wanted to cover this up, he decides to fight for justice with the help of his Marxist-leaning friends.",56,Drama,Shan,"Yogi Babu, Baby Srimathi, Subathra Robert, Hari Krishnan, S. S. Stanley",Neelam Productions,03-02-2023,2023,2,Friday,123,0,0,0,0,0,0,0.4879,5.8,4
895077,Sabhaapathy,A young man who has a speech disorder ends up with a suitcase filled with money that belongs to a corrupt politician.,22,Comedy,R. Srinivasa Rao,"Santhanam, Preeti Verma, M. S. Bhaskar, Sayaji Shinde, Pugazh",Unknown,19-11-2021,2021,11,Friday,123,0,0,0,0,0,0,0.5188,5.4,8
613662,Pithala Maathi,"Two friends working as water suppliers find their reckless lives turned upside down when one of them mistakenly clashes with a newly appointed District Revenue Officer, who is a nymphomaniac leading a salacious secret lifestyle.",35,"Comedy, Romance",Manika Vidya,"Umapathy Ramaiah, Samskruthy Shenoy, Vinutha Lal, Balasaravanan, Vidyullekha Raman",Sri Saravana Film and art,14-06-2024,2024,6,Friday,144,0,0,0,0,0,0,0.4565,0,0
1329956,Pogumidam Vegu Thooramillai,A mortuary driver's life embarks on a lengthy expedition to transport a deceased individual who is the pride and honour of two feuding families.,24,"Thriller, Family, Drama",Micheal K.Raja,"Vimal, Karunas, Mery Rickets, Aadukalam Naren, Pawan",Shark 9 Pictures,23-08-2024,2024,8,Friday,132,0,0,0,0,0,0,0.408,7,4
870407,The Road to Kuthriyar,"Dhruv, a goodhearted but complacent wildlife researcher from the city, is faced with the task of conducting a 'mammal survey' of the 600-square-kilometre Kodaikanal Wildlife Sanctuary in Tamil Nadu. Armed with 40-year-old maps of the area and a GPS device, he must navigate the park on foot and he recruits a local tribesman from the area - Dorai, to serve as his guide. The severity of the task immediately becomes apparent to Dhruv. Aside from the physical challenge posed, he struggles with his wayward assistant. Not only is Dorai addicted to alcohol, but he also appears to be terrified of officials and uniforms. Through the course of their journey, however, the two forge an unlikely friendship and a relationship between equals. When an accident takes him to Dorai's village, the wool of 'civilisation' is lifted from Dhruv's eyes and his attitudes towards the marginalised are transformed.",146,"Drama, Documentary",Bharat Mirle,"Dhruv Athreye, Chinna Dorai",Unknown,08-10-2021,2021,10,Friday,115,0,0,0,0,0,0,0.4314,6,2
866370,Jango,A neurosurgeon who is stuck in a time loop tries to save his estranged wife from being killed by a mystery man.,22,"Science Fiction, Thriller",Mano Karthikeyan,"Satheesh Kumar, Mirnalini Ravi, Anitha Sampath, Hareesh Peradi, Velu Prabhakaran",Thirukumaran Entertainment,19-11-2021,2021,11,Friday,144,0,0,0,0,0,0,0.7173,4.8,4
1373984,Ghost Story 2,"Bala is a 20-year-old who has always been lazy. His father Raasikannan live like Korean culture, without worrying about him. Then one day mysterious supernatural activities happened in his house!",30,"Horror, Comedy",MURALIDHARAN,"AAKASH, AVINASH",AAHAAN PRODUCTIONS,01-01-2024,2024,1,Monday,27,0,0,0,0,0,0,0.5106,10,1
1086474,Ariyavan,"Jeeva, a kabaddi player rescues Jessie, a friend of his fiancée after she is taken advantage of by the gang. As Jeeva tries to protect other girls and subdue the gang, he is compelled to confront brutal and dreaded gangster Thuraipandi.",41,"Thriller, Action",Mithran Jawahar,"Ishaaon, Pranali Ghoghare, Daniel Balaji, Sathyan Sivakumar, Rama",MGP Mass Media,03-03-2023,2023,3,Friday,108,0,0,0,0,0,0,0.4396,9,1
1276166,Donut,"One fine morning, Deva sets out to enjoy his favorite treat—a donut. However, his peaceful moment is abruptly interrupted by the arrival of a stranger. What happens next forms the rest of the story.",34,"Thriller, Drama",Vidhun Chandragupthan,"KK, Adhee, Mukesh, Donut Krishna",Kaaliwood Productions,27-12-2024,2024,12,Friday,12,0,0,0,0,0,0,0.5486,0,0
676244,Karuthukalai Pathivu Sei,Karuthukalai Pathivu Sei  is a 2019 Indian Tamil-language critically acclaimed social crime thriller film directed by Rahul Paramahamsa. The film stars newcomer SSR Aryan in the male lead role and Upasana RC in the female lead role. The theme of the film is based on the challenges and issues confronted by women in the society due to social media.[1] Principal photography of the film commenced in late 2018. The film was released on 13 December 2019 and opened to mixed reviews,81,Thriller,Rahul Paramahamsa,"Upasana Rai, Aryan",RPM Cinemas,13-12-2019,2019,12,Friday,99,0,0,0,0,0,0,0.5486,4.5,2
1634666,Muga Naga,"When a person, driven by self-hatred and inner pain, harms others and betrays friendship in the name of revenge.",19,"Crime, Thriller",Jit Palanibalu,"Anish, Parvathy, Jit Palanibalu, Karate Raja, Ashok Tamil",Unknown,27-03-2026,2026,3,Friday,110,6909207.5,0,0.69,0,0,0,0.4582,0,0
821839,Manja Satta Pachcha Satta,"A politician and a corporate broker lock horns. As a result, the politician faces an Income Tax raid. On the same day, a couple of youngsters plan to rob an ATM to get attention. As the IT raid and the ATM robbery has some connection, the youngsters get caught. Everyone starts searching for a jackpot and what the jackpot is and what happens to it forms the rest of the story.",71,Comedy,Thumbakutti Bramoski,"Guru Somasundaram, Renu Soundar, Adithya Varman",Unknown,02-04-2021,2021,4,Friday,140,0,0,0,0,0,0,0.4496,0,0
349727,Padam Pesum,"Padam Pesum is an upcoming Indian Tamil crime thriller directed by Raghava, starring Sakthi Vasu, Poorna, Telugu actor Shankar and Priyanka Kothari in the lead roles.",26,"Romance, Crime, Thriller",Raghava,"Sakthi Vasu, Poorna, Priyanka Kothari, Vivek, Sithara",Unknown,31-12-2016,2016,12,Saturday,0,0,0,0,0,0,0,0.4805,0,1
1247584,Nalla Perai Vaanga Vendum Pillaigale,"A carefree youngster from a small town meets an assertive girl on a bike ride. What happens when true intentions are revealed? Will the trip change their lives better, good or worse?",32,Comedy,Prasath Ramar,"Senthur Pandian, Preethy Karan, Suresh Mathiyalagan, Thamilselvi, Poornima Ravi",Poorva Productions,08-03-2024,2024,3,Friday,115,0,0,0,0,0,0,0.4872,0,0
646008,Kaanal Neer,"A young couple move to the big city to avail the piece of land that has been promised to them, but are made to run around government offices in vain. Can they ward off predators and find a way to live in the city despite dire poverty?",47,"Drama, Family",Padmakumar M,"Prakash Bare, Hareesh Peradi, Priyanka Nair",Unknown,30-08-2019,2019,8,Friday,105,0,0,0,0,0,0,0.5249,6,1
640485,Rajavukku Check,"An emotional thriller directed by Sai Rajkumar, starring Cheran and Srushti Dange in the lead roles.",16,Thriller,Sai Rajkumar,"Cheran, Srushti Dange, Sarayu Mohan, Nandana Varma, Irfan",Pallatte Kokkatt Film House,24-01-2020,2020,1,Friday,121,0,0,0,0,0,0,0.6143,0,0
646341,Butler Balu,"Butler Balu is a Tamil movie starring Yogi Babu, Robo Shankar and R Mayilsamy in prominent roles. It is a drama directed by Suthir ML.",25,"Comedy, Drama",ML Sudhir,"Yogi Babu, Imman Annachi, Mayilsamy, Robo Shankar",Unknown,08-11-2019,2019,11,Friday,128,0,0,0,0,0,0,0.5161,0,0
1210047,Aranam,"The Story is set up in a villageAranthangi, where a zamindar lives with his prodigal son Mayavan. The zamindaradopted two fraternity sons Kathir and Sakthi.Mayavan, who always fights withhis father to register the zameen house to his name, dies unexpectedly. Peoplebelieve that Mayavan's spirit haunt the house.After the death of mayavanzamindar registered the zameen house to his fraternity sons. The same nightzamindar dies suddenly in that house. By the time Kanagu who is close to theZameendar uses some witchcraft tricks to conquer the bungalow.Kathir comes to live in thebungalow with his newly married wife. As they were living happily together someparanormal things happen and questions like what is the reason for thosesupernaturals? What was the cause of zamindar's death? arose.Kathir finds answer to these andmany other unanswered questions along with his younger brother Sakthi, how theyunveil the mystery and recovers from it; is told in a horror thriller genre inan unpredictable form.",152,"Horror, Crime, Thriller",Priyan,"Priyan, Varsha Saravanakumar, Laguparan, Keerthana kannadhasan",Thamizh Thiraikkoodam [in],05-01-2024,2024,1,Friday,0,0,0,0,0,0,0,0.5821,10,1
1026381,Saamaniyan,"Three young men plan a heist but find the bank already hijacked by elderly men. The public supports the elderly, exposing corruption among bank officials and igniting a wave of community fervor.",32,"Action, Drama",R. Rahesh,"Ramarajan, Leo Shivakumar, Radha Ravi, M. S. Bhaskar, K. S. Ravikumar",Etcetera Entertainment,23-05-2024,2024,5,Thursday,146,0,0,0,0,0,0,0.4724,0,0
1342270,Lemons Are Not Sour,"A young girl’s world transforms when her mother decides to remarry, setting off a profound journey of self-discovery, sacrifice, and the intricate interplay of love and familial bonds.",28,"Drama, Family, Romance",Marun,"Mekha Rajan, Aishwarya, PK, Vipin Lal",Sleeping Gypsy Films,02-09-2024,2024,9,Monday,38,434200,0,0.04,0,0,0,0.6816,0,0
532584,Andava Kaanom,A woman loses her 'Andaa' creates a huge ruckus in the entire village until she finds the precious vessel that belongs to her.,23,Drama,C. Velmathi,"Sriya Reddy, Vijay Sethupathi, Vinodh Munna, Munishkanth, Naveena Reddy",JSK Film Corporation,31-12-2020,2020,12,Thursday,116,0,0,0,0,0,0,0.4872,0,0
460226,Munnodi,"A boy grows up hating his brother and becomes an aid of a local don. The don’s relative, however, hates him. Meanwhile, a cop is waiting to take down all three.",31,"Thriller, Action",SPTA Kumar,"Harish Kumar, Yamini Bhaskar, Sithara, Suja Varunee, Sijoy Varghese",Swastik Cine Vision,02-06-2017,2017,6,Friday,146,0,0,0,0,0,0,0.4445,0,0
1229444,Marakkuma Nenjam,Coming-of-age school reunion drama in which students from the 2008 batch of a convent school are forced to get back to their school in 2018 and spend 3 months to take the board exams followed by a court order.,39,Drama,Raako.Yoagandran,"Rakshan, KPY Dheena, Malina Atul, Prankster Rahul, Swetha Venugopal",Filia Entertainment Pvt Ltd,02-02-2024,2024,2,Friday,0,0,0,0,0,0,0,0.5217,3,1
330407,Iravum Pagalum Varum,Iravum Pagalum Varum in an Indian Tamil film released on Mar 13th 2015,13,,Balasriram,"Mahesh, Ananya, A. Venkatesh, Jagan, Yuvarani",Unknown,13-03-2015,2015,3,Friday,0,0,0,0,0,0,0,0.5216,3,1
1301290,Anjaamai,"When Sarkaar’s son dreams of becoming a doctor, he gets unrelenting and unwavering support from his father. As bureaucratic errors and systemic obstacles threaten his future, a shocking turn of events propels him into a gripping quest for justice.",39,"Drama, Family",S.P. Subburaman,"Vidharth, Vani Bhojan, Rahman, Krithik Mohan, Rekha Sivan",Dream Warrior Pictures,07-06-2024,2024,6,Friday,121,0,0,0,0,0,0,0.4937,0,0
1456459,Leg Piece,"Four strangers' lives collide by chance, leading to a twist of fate that makes them millionaires overnight. As they adjust to their newfound wealth, they face unexpected challenges and discover hidden truths about themselves.",34,"Comedy, Drama",Srinath,"Yogi Babu, VTV Ganesh, Redin Kingsley, Ravi Mariya, Rajendran",Unknown,07-03-2025,2025,3,Friday,0,0,0,0,0,0,0,0.6016,8,1
1321874,Minmini,"When Praveenah arrives at a boarding school in Ooty, she discovers that her classmate Sabari is haunted by the crushing weight of survivor's guilt. Years later, their paths converge again on a thrilling Himalayan biking adventure, where Praveenah sets out to help Sabari confront his demons and find redemption from the suffocating grip of guilt.",55,Drama,Halitha Shameem,"Esther Anil, Pravin Kishore, Gaurav Kaalai, Aishwaryaa Ravi, Abhishek Krishnan",Stage Unreal Pvt Ltd,09-08-2024,2024,8,Friday,143,0,0,0,0,0,0,0.4575,6,1
1548586,Kutram Thavir,"Kutram Thavir is about Rudra, whose elder sister dies due to a fraudulent medical insurance scheme, leading him to discover a conspiracy that exploits the poor. Driven by grief and anger, Rudra seeks revenge and exposes the truth behind his sister's death.",42,"Crime, Thriller",Gajendra,"Rishi Rithvik, Aradhya, Sai Saindhivi, Saravanan, Boxer Dheena",Sree Sai Saindhavi Creations,26-09-2025,2025,9,Friday,0,0,0,0,0,0,0,0.4612,0,0
521907,Merlin,"An upcoming director wants to concentrate on the script that he is working on and wants to make a name. But he never gets any peace because he lives with a roomful of roommates who are so loud and brash all the time that he cannot concentrate on his work. So he comes up with a story of a ghost, who is an actress and haunts their place. The spirit soon comes to life and has an eerie resemblance to Marilyn Monroe. It turns their life upside down and instead of this apparition helping the director; it distracts him more than ever. He loses all his focus and is not able to complete his script, thereby unable to fulfill his dreams of becoming a successful writer. Does the ghost leave them alone in peace?",134,Drama,Keera,"Vishnu Priyan, Ashwini Chandrashekaran, Lollu Sabha Jeeva, Aadukalam Murugadoss, Singampuli",JSB Film Studios,23-02-2018,2018,2,Friday,110,0,0,0,0,0,0,0.4482,0,0
1259902,Yaavarum Vallavare,"Follows the events that take place in around 12 hours, from 6 pm to 6 am, in the lives of handful of people and propagates the idea that when a predicament arises, we need not await the arrival of a sole savior. Instead, common people who rise to the occasion are heroes by themselves.",54,"Drama, Thriller",N.A. Rajendra Chakravarthy,"Samuthirakani, Arundhathi Nair, Riythvika, Yogi Babu, Ramesh Thilak",11:11 Productions,15-03-2024,2024,3,Friday,125,0,0,0,0,0,0,0.5601,0,0
339366,Maha Maha,"Mathivanan relocates to Australia as a result of his job transfer. There he meets an Australian girl, Emily played by Melissa and falls in love. Meanwhile, Australia Police are in search of Emily who is claimed to be missing for the past 10 days. Meantime, Police find Emily’s dead body that was killed and buried in Vijay’s garden and hence he is arrested. Emily’s postmortem report says that she was murdered and was buried. Further it shocks the police as they find that Vijay had actually arrived at Australia, just a day before Emily’s murder. As a result, Vijay is released by the police. Following which, Vijay is all set himself to find about Emily, that who was she actually, who would have murdered her and what would have been the reason behind it, how is it possible for a deal girl to meet and speak wit him.. Finally, all these investigations result to unfold many interesting and shocking informations.",160,"Action, Thriller",Mathivanan Sakthivel,"Mathivanan Sakthivel, Melissa, Indira, Nizhalgal Ravi, Anupama Kumar",Sakthi Screens,06-03-2015,2015,3,Friday,145,0,0,0,0,0,0,0.4821,0,0
589964,K. D.,"As his children plot his death to claim their inheritance, an aging patriarch leaves home, befriending a spunky boy who adds direction to his life.",25,Drama,Madhumita,"Mu Ramaswamy, Naga Vishal, Yog Jappie, Badava Gopi",Yoodlee Films,22-11-2019,2019,11,Friday,119,0,0,0,0,0,0,0.4586,7.8,9
1586614,Kannagi Nagar,"Kutty and Meena lost their parents in the tsunami and live with their grandmother in Kannagi Nagar. Meena is kidnapped by 5 boys. He falls unconscious thinking that meena has raped and killed. With the help of a demented young charity founder, he survives and murders five people. Later, knowing that Meena is alive, he goes to Thailand in search of the meena and finds meena. But Meena scolds the kutti and sends him away asking him to be good. Because of meena decision kutti kill himself at one construction site.",91,"Romance, Thriller",R Dheena,"A Gautham, Deepa Umapathy, A Muthu Raj, Bala Singh",Rajeev Menon Studios,05-12-2025,2025,12,Friday,0,0,0,0,0,0,0,0.5515,0,0
1373673,TIGER,"A COP WHO TRY TO SAVE VELLORE CITY PEOPLE FROM A RUTHLESS PSYCHO KILLER WITH THE HELP OF HIS DOG ""TIGER"".",21,"Crime, Thriller",AAKASH,"AVINASH, AAKASH, TIGER, JAYAPRAKASH, YESHWANTH VISHAL",VELLORE FILM INDUSTRY,14-07-2019,2019,7,Sunday,35,0,0,0,0,0,0,0.5238,9,1
363181,Masala Padam,A producer challenges a bunch of social media reviewers who have torn his recent masala film to come up with a good script in six months.,26,"Action, Comedy, Romance, Drama",Laxman Kumar,"Shiva, Bobby Simha, Gaurav, Lakshmi Devy, Hyde Karty",Allin Pictures,09-10-2015,2015,10,Friday,109,0,0,0,0,0,0,0.5305,4,4
1514063,Jenma Natchathiram,"A team's treasure hunt leads them to a deserted bungalow, where they soon find themselves in a terrifying battle against paranormal dangers.",22,"Horror, Thriller, Drama",B. Manivarman,"Thaman Kumar, Malvi Malhotra, Maithreya Rajasekar, Raksha cherin, sivam",Amoham studios,18-07-2025,2025,7,Friday,0,0,0,0,0,0,0,0.4482,0,0
463477,143,"A carefree youngster moves to city for a better living upon his father's advice. There, he tries to win a girl's love in various ways. Will he succeed?",28,"Family, Romance",Rishi,"Rishi, Priyanka Sharma, Nakshathra Nagesh, Vijayakumar, K R Vijaya",Eyetalkies,26-12-2017,2017,12,Tuesday,117,0,0,0,0,0,0,0.4783,5,1
384556,Kubera Rasi,Kubera Rasi is a crime – thriller Tamil movie directed by R. Radhakrishnan. The film produced by I & B Movies,21,"Crime, Thriller",R. Radhakrishnan,"Roshan Basheer, Abhirami Suresh, Biju Isaaq, Thalaivasal Vijay",Unknown,18-10-2015,2015,10,Sunday,115,0,0,0,0,0,0,0.5053,0,0
562696,Monster,A compassionate man faces a test of his faith from a rat that shows no sign of leaving his home.,20,"Drama, Comedy, Family",Nelson Venkatesan,"S. J. Suryah, Priya Bhavani Shankar, Karunakaran, T. P. Gajendran, Cheenu Mohan",Potential Studios,17-05-2019,2019,5,Friday,139,0,0,0,0,0,0,0.5006,6.5,12
1485325,Angikaaram,"Inspired by true events, this film follows the journey of a man who has had enough, fights for recognition against a system shaped strictly by politics and power.",28,"Drama, Action",JP Thenpathiyan,"Kotapadi J Rajesh, Sindhoori Vishwanath, Mansoor Ali Khan, Rangaraj Pandey, Viji Venkatesh",Swastik vision,26-06-2026,2026,6,Friday,140,0,0,0,0,0,0,0.5197,0,0
543530,Meendum Oru Mariyathai,A girl who decides to commit suicide owing to personal issues befriends a septuagenarian who has been abandoned by his son. A 10-day trip to an exotic place changes their respective lives.,32,Drama,Bharathiraja,"Bharathiraja, Rasi Nakshatra, Joe Malloori, Mounica",Manoj Creations,21-02-2020,2020,2,Friday,115,0,0,0,0,0,0,0.5155,0,0
314693,The Strange Case of Shiva,"Shiva, a lonely designer gets obsessed with an image from a random encounter. Caught in a web of imaginary delusions, he awaits release by an arrival, from somewhere",28,Drama,Arun Karthick,"Rajesh Balachandiran, Kani Kusruti, Chinnu Kuruvila, Sridhar Pushpavanam",S. K. Cinemas,01-11-2015,2015,11,Sunday,80,0,0,0,0,0,0,0.4924,0,0
1296170,The Akaali,"A newly appointed I.O. who finds herself digging into the past regarding a 7-year-old case where occult gangs and forces have been responsible for a series of satanic killings in the city. With the help of an ex-cop, can she race against time, hierarchy and sanity to stop a rituals and solve the case?",54,Thriller,Mohamed Asif Hameed,"Nassar, Thalaivasal Vijay, Jayakumar, Vinoth Kishan, Swayam Siddha",PBS Productions (IN),31-05-2024,2024,5,Friday,145,0,0,0,0,0,0,0.6869,5,1
1081727,Thalaikoothal,"A man's long battle to save his comatose father is met with financial obstacles, and with his family suggesting euthanasia as the best possible option, his hopes of his father coming back to normalcy are tested.",36,"Drama, Family",Jayaprakash Radhakrishnan,"Samuthirakani, Kathir, Vasundhara Kashyap, Katha Nandi, Kalai Selvan",Y NOT Studios,03-02-2023,2023,2,Friday,142,0,0,0,0,0,0,0.492,6.3,3
1137761,Priyamudan Priya,"Priya, a beloved radio jockey, is set to marry and leave town after her final program. However, an obsessed fan takes her sister and nieces hostage, demanding she only hosts the show for him. To protect her family and keep her show going, Priya must navigate a perilous struggle against the psycho's twisted game.",54,Thriller,AJ. Sujith,"Ashok Kumar Balakrishnan, Leesha Eclairs, Suresh, Thalaivasal Vijay, Jeeva",Golden Glory Movies (IN),04-08-2023,2023,8,Friday,125,0,0,0,0,0,0,0.5224,0,0
926985,Pattampoochi,A murder convict facing a death sentence confesses that he is actually behind a series of unsolved murders. Can a cop with PTSD prove that he is actually telling the truth and keep his loved ones alive?,37,Thriller,Badri,"Sundar C, Jai Sampath, Honey Rose, Imman Annachi, Ajit Koshy",Avni Cinemax,24-06-2022,2022,6,Friday,135,0,0,0,0,0,0,0.4789,7,0
580545,Podhu Nalan Karudhi,The lives of a few people get affected when ego clash erupts between a few cut-throat loan sharks,18,Action,Zion,"Karunakaran, Santhosh Prathap, Thrigun, Yog Jappie, V. R. Anbuvel Rajan",A2 Film Corporation,08-02-2019,2019,2,Friday,145,0,0,0,0,0,0,0.502,2,1
463462,Oru Pakka Kathai,"A young couple, Meera and Saravanan, are all set to get married after their parents approve of their long-standing love. But all hell breaks loose when Meera reveals a secret.",30,"Family, Drama",Balaji Tharaneetharan,"Kalidas Jayaram, Megha Akash, P. V. Chandramouli, Jeeva Ravi, Chef Damodharan",Vasan Visual Ventures,25-12-2020,2020,12,Friday,124,0,0,0,0,0,0,0.4972,6,1
882397,Naai Sekar Returns,"Naai Sekar, who decides to make money by kidnapping dogs, learns about his pet dog which was taken away from their family during his childhood. Can he rescue his dog, which is considered as a lucky charm?",37,Comedy,Suraj,"Vadivelu, Rao Ramesh, Anandaraj, Munishkanth, Redin Kingsley",Lyca Productions,09-12-2022,2022,12,Friday,144,0,0,0,0,0,0,0.489,7.1,56
681645,Ettu Thikkum Para,"Ambedkar, a social activist, gets involved in the dark side of the government. As a result, his son and friends are killed. A lower caste individual desires to marry a girl from a higher caste. A woman leaves for Chennai to marry the man of her choice. A man is in need of Rs 20,000 to save his son's life. How these separate stories interact forms the rest of the story.",71,Drama,Keera,"Samuthirakani, Nithish Veera, Chandhini Tamilarasan, Munishkanth, Sampath Ram",Unknown,06-03-2020,2020,3,Friday,119,0,0,0,0,0,0,0.4643,0,0
1113768,Maatna Gaali,Two teens stumble upon a dead body right outside their house. What happens next forms the rest of the story.,20,"Crime, Comedy, Thriller",N Praveen,"Mukesh, KK, Boopathy Matesh, Bala Viknesh, Mithran",Kaaliwood Productions,27-09-2024,2024,9,Friday,36,0,0,0,0,0,0,0.6235,0,0
898558,Murungakkai Chips,"On their first night, a newly-wedded couple are forced to act with an agenda - while the guy has to remain celibate, the girl has ensure that they consummate the marriage. Who wins in the end?",36,"Family, Comedy, Romance",Srijar,"Shanthanu Bhagyaraj, Athulya Ravi, K. Bhagyaraj, Urvashi, Manobala",Libra Productions,10-12-2021,2021,12,Friday,142,0,0,0,0,0,0,0.5925,3.375,4
1241204,Ippadiku Kadhal,"A tale about two depressed souls from different regions who come together and find a connection. Their sadness starts to fade away as they spend time together, bringing happiness into their lives. But, of course, life isn't always easy. There's still a bit of baggage that they hold.",48,"Romance, Drama",Bharath Mohan,"Bharath Srinivasan, Janani Iyer, Sonakshi Singh Rawat, Bagavathi Perumal, G. Gnanasambandam",Meraki entertainment,09-02-2024,2024,2,Friday,103,0,0,0,0,0,0,0.4671,5,2
904704,Andhagan,"A piano player pretending to be visually-impaired, unwittingly becomes entangled in a number of problems as he witnesses the murder of a former film actor.",25,"Crime, Thriller",Thyagarajan,"Prashanth, Simran, Priya Anand, Karthik Muthuraman, Samuthirakani",Staar Movies,09-08-2024,2024,8,Friday,142,0,0,0,0,0,0,0.5167,7,2
400042,Saalaiyoram,Saalaiyoram is a hard hitting movie which shows the difference between high-society people and low class people. High class people throw away garbage daily. Low class people make a living out of cleaning their garbage.,35,,Unknown,"Pandiarajan, Raaj Verma, Sherein, Singampuli, Andreanne Nouyrigat",Unknown,29-04-2016,2016,4,Friday,0,0,0,0,0,0,0,0.448,0,0
1063245,Kathir,A troubled and abused teenager uses gambling as a coping mechanism but things take a dark turn when greed gets the better of him.,24,"Mystery, Drama, Thriller",N Praveen,"Kanchivan, Abrar, Bala Viknesh, Vidhun Chandragupthan, N Praveen",Kaaliwood Productions,31-01-2024,2024,1,Wednesday,25,918.5,0,0,0,0,0,0.5349,0,0
546380,Odavum Mudiyadhu Oliyavum Mudiyadhu,"A diverse group is trapped in a quirky theatre and ends up discovering its mysterious secrets. As they attempt to escape, a strange twist leaves them questioning reality.",28,"Horror, Action, Comedy",Ramesh Venkat,"Sathyamurthi .V, Gopi Aravindh, Sudhakar Jayaraman, Yashika Anand, Riythvika",Clap Board Production,15-12-2023,2023,12,Friday,111,0,0,0,0,0,0,0.4576,7,0
1169820,Kutty Devathai,"Kutti Devathai is a Tamil movie released on 21 Feb, 2020. featured Teja Reddy, Vela Ramamoorthy, M. S. Bhaskar and Baby Chavi as lead characters. Other popular actor who was roped in for Kutti Devathai is Vasu Vikram.",38,,k. alexander,"M. S. Bhaskar, Vela Ramamoorthy",Jai Shakthi Movies,21-02-2020,2020,2,Friday,0,0,0,0,0,0,0,0.5342,0,0
1049614,Rathasaatchi,"When a young Naxal Revolutionary (Activist) and a Policeman, from contrasting walks of life, meet at a point, it creates an extraordinary moment. An important question is being asked, which turnarounds the whole perspective.",34,"Drama, History",Rafiq Ismail,"Kanna Ravi, Elango Kumaravel, Charles Vinoth, Kalyan Kumar, Harish Kumar",Aha,09-12-2022,2022,12,Friday,123,0,0,0,0,0,0,0.4486,7,1
682097,Marina Puratchi,"Two aspiring reporters learn about the history and significance of jallikattu protest to secure a job in a private channel. The film begins with Sukanya (Shruti Reddy) and Parthasarathy (Naveen) attending an interview for the post of a reporter in a private channel. When the interviewer feels that they do not know much about the history of jallikattu and the protests which took place, he gives them two weeks' time to learn thoroughly about the bull-taming sport. The rest of the film is their presentation about jallikattu to the interview board.",91,Drama,M.S. Raj,"Naveen Kumar, Shruti Reddy",Unknown,13-12-2019,2019,12,Friday,76,0,0,0,0,0,0,0.5189,0,0
1515780,Bhoghee,,0,"Thriller, Drama",S Vijayasekaran,"Poonam Kaur, Swasika, Vela Ramamoorthy, M. S. Bhaskar, Sangili Murugan",Unknown,01-08-2025,2025,8,Friday,0,0,0,0,0,0,0,0.4997,0,0
1422285,Malargal Kaeten,Life has moments that leave us shattered with questions. The journey towards finding the lost love is one such.,19,,Nandha Kumar,"Kavya Anil, sanjoey, Santhosh Senthil, Naveen",Unknown,26-01-2024,2024,1,Friday,40,0,0,0,0,0,0,0.6588,0,0
1032662,Pistha,A man who specialises in stopping weddings enters a tricky situation where his own wedding faces threat.,17,"Comedy, Romance",M. Ramesh Bharathi,"Metro Shirish, Mrudula Murali, Arundhathi Nair, Chandhini Tamilarasan, Sathish",One Man Productions,07-10-2022,2022,10,Friday,124,0,0,0,0,0,0,0.6084,0,0
263508,Saaindhaadu Saaindhaadu,Saaindhaadu Saaindhaadu (In English ‘Play on Swing’) is an tamil comedy - romance movie. Direction by debutant Ghazali and movie produced by H3 Cinemas.,24,Romance,Aadharsh,"Aadharsh, Anu Krishna, Subbu Panchu, Shivani Bhai, Crane Manohar",Unknown,31-12-2016,2016,12,Saturday,0,0,0,0,0,0,0,0.4354,0,0
616123,Appathaava Aataiya Pottutaanga,Two elderly people fall in love with each other at an old-age home. They elope and try to get married which creates hilarious ruckus in their lives.,27,Drama,N Stephen Rangaraj,"Chandrahasan, Shanmugasundaram, Delhi Ganesh, Kathadi Ramamurthy, Sheela",Unknown,08-10-2021,2021,10,Friday,122,0,0,0,0,0,0,0.4812,0,0
883719,Echo,"Prakash's troubled marriage is plagued by a paranormal presence. Seeking help from a black magician, he uncovers a dark family secret. Things get interesting when the spirit's true identity and resolution unravels.",32,"Thriller, Horror",Nawin Ghanesh,"Srikanth, Vidhya Pradeep, Pooja Jhaveri, Ashish Vidhyarthi, Kaali Venkat",Unknown,21-07-2023,2023,7,Friday,110,0,0,0,0,0,0,0.5469,0,0
926882,Aadhaar,"A labourer approaches the police to find his wife, who has mysteriously gone missing just a day after delivering a baby. What has happened to her, and will justice be served?",31,Drama,Ramnath Palanikumar,"Karunas, Iniya, C. Arun Pandian, Riythvika, Dhileban",Vennila Creations,23-09-2022,2022,9,Friday,122,0,0,0,0,0,0,0.546,7,1
1507067,Akkenam,A brave cab driver and a released convict find themselves unlikely allies as they confront a greater evil that threatens to destroy many lives.,24,"Thriller, Crime",Uday K,"Keerthi Pandian, C. Arun Pandian, Adhithya Shivpink, Ramesh Thilak, MV Namritha",A & P GROUPS,04-07-2025,2025,7,Friday,0,0,0,0,0,0,0,0.4671,10,1
769118,Kavalthurai Ungal Nanban,A terrible series of events occur when a public employee unexpectedly enters a police station.,15,"Crime, Thriller",RDM,"Suresh Ravi, Raveena Ravi, Mime Gopi, Supergood Subramani, Sharath Ravi",Grass Root Film Company,27-11-2020,2020,11,Friday,122,0,0,0,0,0,0,0.5507,7.5,2
1102548,Shoot the Kuruvi,"The film starts by establishing the history of a don called Kuruvi Rajan, played by a convincing Arjai. Rajan rises to the top through hook and crook. Over time, he becomes a deadly villain, whose identity is known only by his victims. On the other hand, we are introduced to Sharif, who suffers from a terminal illness and wishes to tick items off his bucket list. How the two worlds meet forms the rest of the story.",77,"Comedy, Crime",Mathivanan,"Arjai, Ashiq Hussain, Shah Ra, Gypsy Nawin, Suresh Chakravarthy",Unknown,19-03-2023,2023,3,Sunday,127,0,0,0,0,0,0,0.4221,7,1
280161,Thottal Thodarum,"A desperate Madhu switches her photograph with that of a reporter who has to be killed, hoping that her family will get the insurance money. And, now, the assassin hired to murder the reporter is after her and will not rest until she is dead.",45,"Romance, Thriller",Cable Shankar,"Thaman Kumar, Arundhathi Nair, Vincent Asokan, Balaji Venugopal, Soodhu Kavvum Sivakumar",FCS Creations,23-01-2015,2015,1,Friday,126,0,0,0,0,0,0,0.4727,5,3
1421358,Bottle Radha,"When his wife sends him to rehab for his alcohol addiction without consent, Radha's world shatters, fuelling his desperate escape plan. Loneliness and estrangement from his family follow as he returns to his old ways.",35,Drama,Dinakaran Sivalingam,"Guru Somasundaram, Sanchana Natarajan, John Vijay, Pari Elavazhagan, Maaran",Balloon Pictures,24-01-2025,2025,1,Friday,149,0,0,0,0,0,0,0.595,6,1
1208898,Kuiko,"A commoner who rears camels in Saudi Arabia for a living. When his mother passes away in his hometown, he asks for her mortal remains to be preserved in a freezer box, till his arrival.",35,"Drama, Family",Arul Chezhiyan,"Vidharth, Yogi Babu, Sri Priyanka, Vinodhini Vaidyanathan, Ilavarasu",AST Films LLP,24-11-2023,2023,11,Friday,112,0,0,0,0,0,0,0.6491,0,0
886447,Kuruthi Aattam,"Shakthi, an attender in government hospital wins the friendship of Muthu, a son of kingpin in Madurai. His sudden death forces him to take revenge on the culprits who were responsible for the same.",34,"Action, Drama",Sri Ganesh,"Atharvaa Murali, Priya Bhavani Shankar, Radhika Sarathkumar, Radha Ravi, Kanna Ravi",Rockfort Entertainment,05-08-2022,2022,8,Friday,122,0,0,0,0,0,0,0.4783,6,3
599653,K-13,"While partying with his friends on a night, a young man bumps into a beautiful young woman. What first looks like a one night stand soon turns into a night that he cannot forget.",34,Thriller,Barath Neelakantan,"Arulnithi, Shraddha Srinath, Gayathrie Shankar, Yogi Babu, Vijay Kumar",SP Cinemas,03-05-2019,2019,5,Friday,103,0,0,0,0,0,0,0.5362,5.667,6
1504919,Vaaname Ellai,"A deeply introspective film that follows a man in his late 20s as he navigates a turbulent night filled with emotional triggers and personal revelations. Haunted by feelings of inadequacy, loneliness, and suppressed trauma, he finds himself spiralling into a state of inner chaos. The film delicately explores the fine line between giving up and reaching out, posing the question: When life overwhelms you, do you let it consume you, or do you gather the courage to seek help?",79,Drama,Subramaniam Sai,Harish Kumar,Unknown,27-06-2025,2025,6,Friday,26,78072.5,0,0.01,0,0,0,0.431,0,0
1503252,Thiruk Kural,"This film traces the culturally rich history of the Tamils through unique characters, offering a feel-good glimpse into the Sangam Era that flourished 2000 years ago.",26,Drama,A.J. Balakrishnan,"Kalai Cholan, Dhana Lakshmi, O. A. K. Sundar, Kottachi, Padine Kumar",Ramana Communications,27-06-2025,2025,6,Friday,138,0,0,0,0,0,0,0.3909,0,0
280115,Anjala,"Can a 100-year-old tea shop, which is more of a home for a group of regulars and a legacy for its soft-spoken owner, survive a road widening plan?",28,"Romance, Action, Drama",Thangam Saravanan,"Vimal, Nandita Swetha, Pasupathy, Imman Annachi, Aadukalam Murugadoss",Auraa Cinemas,12-02-2016,2016,2,Friday,112,0,0,0,0,0,0,0.484,5.5,4
1377961,Spirit of the Flesh,A new film by Sheik Althaf Hussain. The plot is unknown at this moment; currently in private screenings and festival submissions.,21,"Drama, Horror, Thriller",Sheik Althaf Hussain,Sheik Althaf Hussain,Alt2 Films,14-11-2025,2025,11,Friday,0,0,0,0,0,0,0,0.4837,0,0
430475,Balle Vellaiyathevaa,"A young man who moves into a village gets close to an old childless couple, and takes on the local big shot.",22,"Family, Comedy, Drama",Solai Prakash,"M. Sasikumar, Tanya Ravichandran, Rohini, Kovai Sarala, Leesha Eclairs",Company Productions,23-12-2016,2016,12,Friday,116,0,0,0,0,0,0,0.5083,4,2
881071,Devadas Brothers,"After their first heartbreaks, four jilted young men plan drastic ways to get back at the women who left them — and are in for a sobering lesson.",28,"Comedy, Drama",K. Janakiraman,"Ajai Prasath, Balasaravanan, Deepthi Manne, Dhruvva, Hari Krishnan",Unknown,03-09-2021,2021,9,Friday,98,0,0,0,0,0,0,0.5098,0,0
1387856,Parari,"Unfolds in rural Tamil Nadu, where two neighbouring villages grapple with a prolonged dispute over a small hill of symbolic significance. Caste disparities and economic challenges intensify the feud, manipulated by the cunning political heads seeking personal gain.The central figures Maran and Jai Kumar find themselves entangled in this web of conflict. Maran, hailing from a “Soo called”lower caste faces repeated attempts on his survival by Jai Kumar due to personal animosity. Despite Devaki's affection for Maran, Jai Kumar's interference in their love strains their relationship.The narrative takes an unexpected turn as political tensions arise when they migrate to a nearby city to work at a juice factory for their lively hood. However, they are forced to unite against political manipulation and violence unleashed on them. Will unity and humanity prevail over divisive politics.",134,Drama,Ezhil Periyavedi,"Harisankar, Sangeetha Kalyankumar, Guru Rajendran, Samrat Suresh, Pugazh Mahendran",Kala Films Private Limited,22-11-2024,2024,11,Friday,0,0,0,0,0,0,0,0.4829,0,0
474582,Pannam Pathinonnum Seyum,"Pannam Pathinonnum Seyum is a Tamil movie starring Bharani and Alisa Khan in prominent roles. The cast also includes Karate Raja and Yog Japee. It is a drama movie directed by Jayakrishna,with KJ Venkatraman as the editor, forming part of the crew.",42,"Crime, Drama",Jayakrishnan,"Yog Jappie, M. S. Bhaskar, Karate Raja, Alisha Ali, Pyramid Natarajan",Unknown,25-08-2017,2017,8,Friday,96,0,0,0,0,0,0,0.4152,0,0
1136223,Saayai,Starring Mukesh Kumar & KK,5,"Drama, Crime, Thriller",Shailesh Nathan,"Mukesh, KK, Balachandar, Badri",Unknown,07-07-2023,2023,7,Friday,15,417.5,0,0,0,0,0,0.5469,0,0
981768,Thudikkum Karangal,,0,"Action, Thriller",Veludoss,"Vimal, Misha Narang, Sathish, Suresh Chandra Menon, Sangili Murugan",Unknown,08-09-2023,2023,9,Friday,0,0,0,0,0,0,0,0.5291,4.5,2
1481505,Unnai Kaanadha Naan,"Aadharsh spends the entire day anticipating a call or message from Meghana, growing restless as the silence lingers. When she finally calls late at night, their long-awaited conversation takes a subtle but tense turn. Emotions simmer beneath the surface, and the moment quietly unravels into conflict. As misunderstandings grow, one question remains—can their bond withstand the strain?",57,Drama,Dhanush,"Raksha, Venkat",Paper Camera Productions,21-06-2025,2025,6,Saturday,12,8350,0,0,0,0,0,0.5273,0,0
1436911,Robber,A Crime Thriller From the Writer Of Metro(2016),8,"Crime, Thriller, Drama",SM Pandi,"Metro sathya, Daniel Annie Pope, Sentrayan, Deepa Shankar, Jayaprakash",Metro Productions,14-03-2024,2024,3,Thursday,0,0,0,0,0,0,0,0.4568,0,0
914605,Blood Money,A journalist from Tamil Nadu goes on a mission to save two men whose lives are at stake in Kuwait prison. Does she succeed?,24,"Mystery, Thriller",K. M. Sarjun,"Priya Bhavani Shankar, Metro Shirish, Kishore, Subbu Panchu, Supergood Subramani",Emperor Entertainment,24-12-2021,2021,12,Friday,90,0,0,0,0,0,0,0.6097,5.5,4
1362066,Seeran,"A village following certain rituals with caste based priorities , where Hero's family  gets side-lined due to the caste issues . Hero Goes to town and Develop himself as a rich person and comes back with stronger base to get his rights in the village.",45,"Action, Drama",Durai K Murugan,"James Karthik, Iniya, Sonia Agarwal, Aajeedh Khalique, Krisha Kurup",NETCO studios,04-10-2024,2024,10,Friday,0,0,0,0,0,0,0,0.4619,0,0
1215931,Aghori,Five young filmmakers who embark on a script writing session end up in a haunted house . The spirit in the house gives them various tasks  to perform based on a script and if not completed will end up dying. Will  they outsmart the evil spirit  or succumb is the culmination of the story .,55,"Horror, Action",D.S. Rajkumar,"Sidhu Sid, Sonu Gowda, Sayaji Shinde, Mime Gopi, Vetri Vijay",Motion Film Picture Inc,15-12-2023,2023,12,Friday,126,0,0,0,0,0,0,0.4803,0,0
330403,Vaanavil Vaazhkai,"A group of college students, led by a newcomer, tries to win the university championship. But first, they must make a song and dance about their friendship.",27,,James Vasanthan,"Jose Selvaraj, Janani Rajan, Shilvi Sharon, Jithin Raj, Cassandra Rachel",Unknown,13-03-2015,2015,3,Friday,0,0,0,0,0,0,0,0.4601,3,1
1184552,Aagayam Tholaindhu Pogum,"'Aagayam Tholaindhu Pogum' is a musical short film, which has a glimpse of unexpressed love.",15,Romance,Akilash Sooravally,"Sanjoey, Vidhya Shanmugam",FLAC Monkeys,18-06-2023,2023,6,Sunday,5,0,0,0,0,0,0,0.5517,0,0
1265979,Aalan,"""Aalan"" is a captivating tale that follows the life of a writer who discovers a deep connection to their past life, filled with tragic events and enduring love. As they delve into their memories, they unravel a story of heartache, resilience, and the power of love that transcends time. Through evocative storytelling, ""Aalan"" explores themes of fate, redemption, and the human spirit's capacity to overcome adversity. As the writer confronts their past, they are compelled to confront their present and embrace the possibility of a hopeful future.",87,Drama,R. Siva,"Vetri, Anu Sithara, Mathura, Hareesh Peradi, Vivek Prasanna",3S Pictures,18-10-2024,2024,10,Friday,0,0,0,0,0,0,0,0.525,0,0
329146,Rombha Nallavan Da Nee,"In an inebriated state, Baskar decides to commit suicide and shares his problems with a stranger. The man turns out to be a serial killer and starts killing those who troubled Baskar.",32,"Comedy, Crime",A. Venkatesh,"Senthil Kumar, Shruty Bala, Sarvajeeth, A. Venkatesh, Rekha",Unknown,06-03-2015,2015,3,Friday,118,0,0,0,0,0,0,0.4684,0,0
791338,Sinam,She was forced into prostitution. She is considered less than human. She is full of anger. Now she recounts her brutal life story to a documentary filmmaker.,27,Drama,Anand Murthy,"Sai Dhanshika, Bidita Bag, Livingston",Unknown,22-01-2021,2021,1,Friday,18,0,0,0,0,0,0,0.5109,2,1
1677611,Breakfast: Accept the Reality,"Divorcing couple Rishab and Lakshmi meet counselor Dr. Gangadevi, who recounts a film about Shantanu and heiress Janvi — on hearing that story the couple finds about an estranged person and the get to know about the relationship between them.",40,"Romance, Drama",Gandhi Krishna,"Raanav, Rosmin Thadathil",Prem Classic Pictures,24-04-2026,2026,4,Friday,142,0,0,0,0,0,0,0.3876,0,0
608550,Kannitheevu,"Four women, who reside in North Chennai, take on a few prominent political figures while dealing with a major issue in their locality. While the protest initially fetches them recognition, it eventually spells trouble for them.",36,"Thriller, Mystery",Sundar Balu,"Varalaxmi Sarathkumar, Subiksha, Aishwarya Dutta, Ashna Zaveri, Prudhviraj",Krithika Production,08-03-2023,2023,3,Wednesday,122,0,0,0,0,0,0,0.4716,0,0
412074,Love Guru,"Love Guru is an upcoming Indian Tamil film directed by Puthuraja, starring Saravanan and Sanchita Shetty. The film also stars Pasupathy, M. S. Bhaskar and Kalabhavan Mani in pivotal roles. The film, which is based on a real life incident, was shooting its final scenes as of November 2015.",49,"Comedy, Romance",Puthuraja,"Saravanan, Sanchita Shetty, R. Parthiban, Pasupathy, Aadukalam Murugadoss",Unknown,20-12-2017,2017,12,Wednesday,0,0,0,0,0,0,0,0.484,0,1
1055753,Pambattam,An efficient police officer and his son’s lives are gravely impacted when the former is appointed to investigate the mysteries surrounding a palace that's believed to be haunted by the spirit of a former queen. Will they be able to get to the bottom of it all and also manage to safeguard each other from trouble?,56,,V. C. Vadivudaiyan,"Jeevan, Mallika Sherawat, Yashika Anand, Suman Talwar, Saravanan",Vaithiyanathan Film Garden,23-02-2024,2024,2,Friday,130,0,0,0,0,0,0,0.6426,0,0
1372707,312,"A BACHELOR SEEKING A ROOM FOR A RENT , AFTER HE RENTED A ROOM HE FOUND A OLD MYSTERIOUS DOLL .",21,Horror,AAKASH,"AAKASH, AVINASH, ANU, ARUN",20th viva video,19-10-2018,2018,10,Friday,11,0,0,0,0,0,0,0.4402,7,1
602142,Kaadhal Munnetra Kazhagam,"Four fans of actors Rajinikanth, Kamal Haasan, Vijayakanth and Karthik respectively, pursue the same girl.",15,Drama,Manicka Sathya,"Prithvi Pandiarajan, Chandhini Tamilarasan, Singampuli, Ganja Karuppu, Siva Senathipathi",Blue Hills Production,10-05-2019,2019,5,Friday,112,0,0,0,0,0,0,0.4614,0,0
433253,Nermugam,Over half-a-dozen lover couples go missing and an Assistant Commissioner of Police takes up the investigation.,16,,Murali Krishna,"Adithya Menon, Delhi Ganesh, Pandiarajan, Meera Nandan, Rafee",Unknown,23-12-2016,2016,12,Friday,0,0,0,0,0,0,0,0.4447,0,0
1542842,Andha 7 Naatkal,,0,"Romance, Thriller",M. Sundar,"Ajitej, Shriswetha, K. Bhagyaraj, Namo Narayana",Bestcast Studios,12-09-2025,2025,9,Friday,0,0,0,0,0,0,0,0.482,0,0
527674,Pei Irukka Illaya,,0,"Comedy, Horror",Pa. Ranjith Kumar,"Livingston, Ponnambalam, Jothisha, Vijayakumar, Jangiri Madhumitha",Unknown,25-05-2018,2018,5,Friday,125,0,0,0,0,0,0,0.4832,0,0
739034,Kuthiraivaal,A man wakes up from a strange dream with a horse tail attached to his body and begins a mind-bending journey to disentangle the real from the imagined.,28,"Drama, Mystery",Shyam Sunder,"Kalaiyarasan, Anjali Patil, Chetan, Sowmya Jaganmurthy, Ravindra Vijay",Neelam Productions,18-03-2022,2022,3,Friday,125,0,0,0,0,0,0,0.5133,5.333,3
1149195,Yokkiyan,"the villain steals the protagonist's sperm sample and tortures the hero and the heroine, the protagonist fights the villain for his sperm and captures it or not?",27,Thriller,Saipraba Meena,"Jai Akash, Rs Kavitha, Kushi Mugar Ji, Arthi Suresh, Java Sundaresan",Moon star pictures (IN),21-07-2023,2023,7,Friday,121,0,0,0,0,0,0,0.5009,0,0
926027,Vasco Da Gama,"In a dystopian world where good is bad and bad is good, an honest man is sent to a bizarre prison.",21,"Comedy, Thriller",R.G. Krishnan,"Nakul, K. S. Ravikumar, Arthana Binu, Vamsi Krishna, Anandaraj",5656 Productions,02-08-2024,2024,8,Friday,125,0,0,0,0,0,0,0.466,4,2
729057,Hawala,"A underworld gangster based action movie which revolves around main 2 characters, one named Muscal Bhai, is a 9 killer by profession and the other one named Naama a local goon living on hafta vasool and local rowdism who is ambitious to become a don one day... These 2 characters meet and become friends who later on get involved in hawala business and attract rivalry with a don by name Rana who is ruthless... What happens next is the climax of the movie.",83,"Action, Crime, Thriller",Ammith Rao,"Kamil Shaikh, Mangam Srinivas, Ammith Rao",Unknown,31-07-2020,2020,7,Friday,137,0,0,0,0,0,0,0.4062,0,0
1153514,Raakadhan,"A Police Officer Named Ajmal is Assigned to a Double Murder Case at a Modeling Spa Center. Arjun and Austin Were Murdered Victims in This Case. Alex is a Character Who Surrenders as Guilty in This Case. During the Investigation Ajmal Discovers More Informations About the Politics of Modeling and Also Where the Murder Case is Portrayed Entirely by the Modeling Network. This Story Strongly Conveys ""Cultural Degradation in This Society is Not Only for Women but Also for Men"". The Story is Narrated From Two Various Perspectives.  Raakadhan Means a Demon. And Also Raa Means Night and Kadhan Means a Man. Thereby It Includes Another Meaning Like Nocturnal Male",110,"Crime, Thriller",Dinesh Kalaiselvan,"Vamsi Krishna, Riyaz Khan, Dinesh Kalaiselvan, Vignesh Baskar, Gayatri Rema",Marudham Productions (IN),21-07-2023,2023,7,Friday,114,0,0,0,0,0,0,0.4789,0,0
1409767,Arjun,"A young guy tries to enter in his college cricket team despite of the politics from the senior players. It portrays his emotions, excitement, and challenges as he navigate the competitive world of cricket while also highlighting the camaraderie and motivation among the group. Music plays a backdrop to their journey, reflecting hope and determination despite setbacks and disappointments.",59,Drama,Sreekanth San,"Aswanth, Prabhuraam, Ahmed Nisath Arshad, Lalith Kumar, Kirthic Babu",AD621,15-03-2024,2024,3,Friday,14,0,0,0,0,0,0,0.4474,0,0
915932,Meendum,,0,Drama,Saravana Subbiah,"Kathiravan, Saravana Subbiah, Anagha, Pranav Raayan, Yaar Kannan",Hero Cinemas,31-12-2021,2021,12,Friday,130,0,0,0,0,0,0,0.4736,9,1
1372725,ENPA,"Akilan who afraid to talk with his father about failed marks scored in exam , how Akilan is faced this problem with his father and his crazy brother Mukilan .",30,"Comedy, Drama",MURALIDHARAN,"AVINASH, AAKASH",NON CORONA PRODUCTIONS,01-04-2020,2020,4,Wednesday,12,0,0,0,0,0,0,0.4132,10,1
1063981,Trap,"When three friends spot a part-time job offer online, they decide to apply for it. What happens next forms the rest of the story.",24,"Thriller, Mystery, Horror",Mukesh,"Mukesh, Kanchivan, Haresh Babu, Abrar, Vidhun Chandragupthan",Kaaliwood Productions,13-01-2023,2023,1,Friday,21,0,0,0,0,0,0,0.5291,0,0
1256581,Singappenney,Story of a 15-year-old Thenmozhi who has to fight against several obstacles in her journey to become a national-level athlete.,20,,J. S. B. Sathish Kumar,"Shilpa Manjunath, Aarthi Saravana Kumar, A. Venkatesh, Prem, Samuthirakani",Unknown,20-06-2024,2024,6,Thursday,124,0,0,0,0,0,0,0.5557,0,0
855204,The Seed,"Vidhai is based on a real-life incident - a medical blunder in Singapore, where a semen sample was mixed up during an IVF procedure.",24,Drama,Saleem Hadi,"Vignesh Wadarajan, Divya Anujan",Unknown,15-10-2015,2015,10,Thursday,10,0,0,0,0,0,0,0.5015,0,0
1258940,Veppam Kulir Mazhai,"The story revolves around Petthaperumal and Paandi in the village of Maaviduthukotai, Sivangangai. They both are a happily married couple for some time until the pressure of conceiving a baby falls on them and thereafter affect their emotional and physical bond. The societal stigma of not conceiving a baby is thrust on a woman. The fake masculine identity crisis thrust on a man. How as a married couple they overcome the society burden of back biting and the shame through various pressures from the closed circles to the outer circle. The heat cold and finally the rain of love unfolds in this movie Veppam Kulir Mazhai.",106,Thriller,Pascal Vedamuthu,"Dhirav, Ismath Banu, M. S. Bhaskar, Rama, Dev Habibullah",Hashtag FDFS Productions,29-03-2024,2024,3,Friday,132,0,0,0,0,0,0,0.3806,0,0
956103,Maya Puthagam,"An aspiring filmmaker, Guru, plagued by recurring dreams of a magical book and a serpent, ventures into a mysterious forest palace. What unfolds is a tale of ancient curses, invisible protectors, and cinematic ambitions colliding with supernatural forces.",38,"Horror, Thriller",Rama Jayaprakash,"Ashok Kumar Balakrishnan, Srikanth, Abarnathi, Aadukalam Naren, Madhan Kumar Dhakshinamoorthy",Jaguar Studios,19-07-2024,2024,7,Friday,122,0,0,0,0,0,0,0.7304,5.9,4
530649,Kilambitaangayaa Kilambitaangayaa,Four sexagenarians plan to kidnap a child for ransom. A police officer tries his best to nab the gang who hides in a forest.,24,"Comedy, Drama",Razak,"K. Bhagyaraj, Mansoor Ali Khan, Powerstar Srinivasan, Ashmitha Subramaniyam, R. V. Udayakumar",Unknown,15-06-2018,2018,6,Friday,118,0,0,0,0,0,0,0.4234,0,0
1542905,Mr. Zoo Keeper,A zookeeper dedicated to taking care of wild animals finds himself in a difficult situation with law enforcement officials.,19,"Comedy, Drama",J. Suresh,"Pugazh, Shirin Kanchwala, Imman Annachi, Singampuli",J4 Studios,01-08-2025,2025,8,Friday,0,0,0,0,0,0,0,0.4525,0,0
1637907,L.S.S: Love Subscribe Share,"Shiva is an Intelligent. Smart College boy, Pooja a pretty young girl from a rich family study in the same college, Pooja falls in love with Shiva behalf of his kindness and gentility. Pooja decides to meet her Divorcee Mother living in Kashi, then Pooja going to Kashi with Shiva to meet her mother. Unfortunately Pooja met with an accident and hospitalized in Brain dead condition. Police takes Shiva to custody. Pooja’s Father Manipal and Uncle Sunil rushes to Kashi on search of Pooja, then all four go in search for Pooja all around the Kashi and Find her in Hospital at last in a brain dead condition. What happens next? Is she recovered from Brain dead condition, is the joins with Shiva? Is the twisted climax of the story.",130,"Romance, Drama",R. Mahalakshmi Murugan,"Aadhav Krishna, Simran Advani",JB Films,20-02-2026,2026,2,Friday,0,0,0,0,0,0,0,0.5148,0,0
1170125,Thuritham,"Maari, a cab driver falls in love with his regular passenger, Vanathi, who does not reciprocates. Maari accepts the fate and ready to move on, but circumstance offers Maari a chance to accompany Vaanathi on a bike journey to drop her at her native place, the duo takes the thrilling and hazardous bike-trip.",53,"Thriller, Romance",V. Srinivasan,"Sandiyar Jegan, Eden Kuriakose, Balasaravanan, Ramachandran Durairaj, A. Venkatesh",Dream Focus,02-06-2023,2023,6,Friday,107,0,0,0,0,0,0,0.4177,0,0
1434866,"neram, kaalam; koodum",A man meets his college crush after years.,8,"Romance, Drama",Anirudh Sriraman,"Harini Sundararajan, Athul Prabhakaran",Unknown,14-02-2025,2025,2,Friday,9,0,0,0,0,0,0,0.4059,0,0
1371925,Zombie Encounter,A COP KILLS ZOMBIES TO SAVE THE WOLRD.,8,"Action, Horror",AAKASH,"AAKASH, AVINASH",VELLORE FILM INDUSTRY,15-07-2018,2018,7,Sunday,2,0,0,0,0,0,0,0.4121,6,1
371180,Maharani Kottai,"Richard purchases an old bungalow called Maharani Kottai. It is supposely haunted. In spite of the warning from the people around him, he buys the bungalow for a thrill.",29,,Unknown,"Richard Rishi, Senthil, Ganja Karuppu, Powerstar Srinivasan, Ganesh",Unknown,07-10-2015,2015,10,Wednesday,0,0,0,0,0,0,0,0.419,0.5,1
1063476,Pulvaaliraghu,"The fan's self-sacrificing blades dance in the air, generating a refreshing breeze that wipes away the sweat of others and brings solace on a scorching day.",26,Drama,Sheik Althaf Hussain,"Pulvaaliraghu, Al Hassan irfaan",Unknown,21-11-2021,2021,11,Sunday,2,0,0,0,0,0,0,0.6963,0,0
1198516,License,A middle class House wife Asking A fir arms License to safety Precautions.,13,Drama,Ganapathy Balamurugan,"Rajalakshmi Senthil Ganesh, Vijay Bhaarat, Radha Ravi, Natarajan jeevanantham, Pazha Karuppaiah",JRG Productions [In],03-11-2023,2023,11,Friday,118,0,0,0,0,0,0,0.4587,7,1
1430122,Adhu Vaangina Ethu Elavasam,This film is focused on how others are affected by the mistakes made by a few people. What happens as a result.,22,"Comedy, Romance",SK. Senthil Rajan,"KPY Ramar, Pooja Sri, Kalaiyarasan Kannusamy, Supergood Subramani",Sreeja Cinemas,14-02-2025,2025,2,Friday,0,0,0,0,0,0,0,0.5161,0,0
1091003,Akkaran,Veerapandi is an Ordinary Wrestler Living in Madurai and Has Two Daughters in Which His Second Daughter Priya is Killed by Two Unknowns. How He Takes Revenge on Them in a Different Way is the Rest of the Story,39,"Thriller, Crime",Arun K Prasad,"M. S. Bhaskar, Kabali Vishwanth, Venba, Namo Narayana, Akash Premkumar",Kundram Productions,03-05-2024,2024,5,Friday,107,0,0,0,0,0,0,0.4271,0,0
1494648,ALT,"The plan of 3 Thieves to loot 10 million cash intercepts with A Lady leaving the town after a murder to do something secret, which all ends up to a mysterious end.",32,Mystery,Jeffrey Samuel C,"Sarath Kumar, Sujith, Abinaya, Jeffrey Samuel C, Elayaraja",Fraternity Motion Pictures,13-06-2025,2025,6,Friday,10,40915,0,0,0,0,0,0.4261,0,0
1217271,Kadathal Kaaran,"A bride was captured by the people of the village who share the stolen things equally. Having shared the bride's jewels evenly, they're also thinking about sharing the bride. How the bride's boyfriend saves her from this chaos forms the crux of the story.",44,,Unknown,Renuka,Unknown,04-12-2020,2020,12,Friday,0,0,0,0,0,0,0,0.5621,0,0
992402,Vidai,"When two friends are unable to study for their upcoming exam, they decide to steal the exam paper from their teacher’s house to pass the test. What happens next forms the story",32,Thriller,N Praveen,"Mukesh, Kanchivan, Abrar, Lathish",Kaaliwood Productions,30-06-2022,2022,6,Thursday,13,0,0,0,0,0,0,0.4231,0,0
1498631,Holocaust,"When aspiring filmmaker Jeni stumbles upon a secluded bungalow in Kerala, it feels like the perfect setting for her next horror film. But as she explores the eerie property, she discovers a mysterious box, identical to one from her script. What begins as an uncanny coincidence quickly spirals into a living nightmare. Each day brings new horrors, and with only six days remaining, Jeni must unravel the dark secrets buried within the house or become part of its sinister story forever.",81,"Horror, Mystery",Vishnu Chandran,"Jayakrishnan, Charmila, Nandan Unni",Unknown,13-06-2025,2025,6,Friday,79,0,0,0,0,0,0,0.4957,0,0
532432,Kannakkol,,0,"Comedy, Romance",V. A. Kumaresan,"Bharani, Karunya Ram, Ganja Karuppu, Raveena Daha",Unknown,15-06-2018,2018,6,Friday,109,0,0,0,0,0,0,0.5185,0,0
1223985,Mathimaran,"A movie that describes dwarfism with thrill and twists. The film explores themes of love, resilience, and mystery",18,"Crime, Drama",Mantra Veerapandian,"Ivana, Venkat Senguttuvan, M. S. Bhaskar, Aadukalam Naren, Bava Chelladurai",Unknown,29-12-2023,2023,12,Friday,125,0,0,0,0,0,0,0.4401,8,1
934322,Saayam,A realistic take on the issues while talking about downtrodden people in a derogatory manner.,15,"Action, Romance",K. Antony Samy,"Vijay Vishwa, Shiny, Seetha, Ponvannan, Bose Venkat",Unknown,04-02-2022,2022,2,Friday,149,0,0,0,0,0,0,0.3954,0,0
270770,Mahabalipuram,"The life of Panja, an orphan and a sculptor, revolves around Sathish, Othavada, Kuppan and Sammy, all of whom reside in Mahabalipuram and are close to each other. The only other person Panja considers himself close is Durai, a politician and criminal, who saved him from death when he was a boy. Panja shows his gratitude to Durai by occasionally helping him with his anti-social activities. When Sathish chooses to marry the love of his life, Sangeetha , much against the wishes of their parents, his four friends help him do so. Life is pleasant for a while with Panja too falling in love with Mahalakshmi a college student who moves into the area. However, their lives take a tumultuous turn when the friends chance upon a sleaze video which shocks them out of their wits and results in the death of the newly wed couple. Soon, more dark deeds and disturbing developments follow...",154,"Crime, Thriller",Don Sandy,"Karunakaran, Ramesh Thilak, Karthik Sabesh, Prem Kumar, Angana Roy",Unknown,13-03-2015,2015,3,Friday,110,0,0,0,0,0,0,0.424,5,2
1595744,Yaru Potta Kodu,"In a village bound by the shackles of untouchability and superstition,  a courageous teacher and  his students embark on a perilous quest for social justice, sparking a revolution that will transform their lives and their village forever.  In the heart of rural India, a heroic educator dares to challenge the status quo , inspiring a movement that will awaken a community  and the villain to its own power and demand change. As they fight for their rights and confront the entrenched forces of oppression, they ignite a beacon of hope that will illuminate a brighter future.But will their courageous be enough to overcome the darkness of the past, or will the shadows of oppression silence their voices forever?  This will be the climax of the movie.",126,Drama,Lenin Vadamalai,"S. M. Prabakaran, Meghali Meenakshi, Lenin Vadamalai, Tuhin Che Guevara, Oviyan S",Teachers Stick Productions,12-12-2025,2025,12,Friday,0,0,0,0,0,0,0,0.5628,0,0
1324017,Kapil Returns,"Ashok, a father, envisions his 14-year-old son, Bharath, as an engineer while his wife, Meera, dreams of him becoming a doctor. The grandpa wishes for him to be a collector. However, Bharath, who is constantly engrossed in mobile games, aspires to be a cricketer. What fate awaits Bharath's dreams in the climactic turn of events?",55,Drama,Srini Soundarajan,"Srini Soundarajan, Saravanan, Riyaz Khan, Vaiyapuri",Unknown,03-11-2023,2023,11,Friday,112,0,0,0,0,0,0,0.4723,0,0
766425,Endravathu Oru Naal,"Thangamuthu, a farmer, loves his cattle the most, and leads a happy life with his wife Rasathi. But, an unfortunate incident turns their lives upside down.",26,Drama,Vetri Duraisamy,"Vidharth, Remya Nambeesan, Raaghavan Murugan, Ilavarasu, Rajesh Balachandiran",The Theatre People,21-02-2021,2021,2,Sunday,110,0,0,0,0,0,0,0.4329,4,1
1475924,Ambi,"Mild-mannered electrician Sundharam is mistaken for a lucky superhero after staying at an MLA’s house. The MLA tries to marry him to his modern daughter, who initially resists but slowly falls for his kind nature. Amidst chaos, comedy, and a villain’s plot, love and truth triumph.",46,Comedy,Bosser J Elvin,"Robo Shankar, Ashwini Chandrashekaran, Ramesh Khanna, Imman Annachi, Ganja Karuppu",T2 Media,09-05-2025,2025,5,Friday,0,0,0,0,0,0,0,0.4365,0,0
1109057,Yaanai Mugathaan,"Ganesha, an autorickshaw driver is an ardent devotee of Lord Ganesha. While he is an extremely religious person, he is unscrupulous in his day-to-day life. One day he finds he can't see his favourite God anymore and starts experiencing strange things after the disappearance of an idol at his place.",50,"Comedy, Fantasy",Rejishh Midhila,"Yogi Babu, Ramesh Thilak, Urvashi, Karunakaran, Naga Vishal",Unknown,21-04-2023,2023,4,Friday,127,0,0,0,0,0,0,0.5257,7,1
1094441,1000,Manikandan who is desperately in search of money to settle his debts finds a $1000 note. What happens next forms the rest of the story,25,"Crime, Comedy",Vidhun Chandragupthan,"Mukesh, KK, Ramesh, Haresh Babu, Bala Viknesh",Kaaliwood Productions,29-06-2023,2023,6,Thursday,17,0,0,0,0,0,0,0.5061,0,0
1319882,Sarakku,,0,Drama,Jayakumar J,"Mansoor Ali Khan, Yogi Babu, K. Bhagyaraj, Redin Kingsley, Rajendran",Raj Kennedy Films,29-12-2023,2023,12,Friday,150,0,0,0,0,0,0,0.4629,0,0
399137,Jambulingam,"A villager becomes a magician's apprentice and travels to Japan, and accidentally rescues a little girl who has been kidnapped.",20,Adventure,Hareesh Narayan,"Gokulnath, Anjena Kirti, Kumki Ashwin, Sukanya, Erode Mahesh",Unknown,13-05-2016,2016,5,Friday,125,0,0,0,0,0,0,0.4199,2,1
919229,Theerpugal Virkkapadum,"Honest, Virtuous and hardworking Nalan Kumar, chief gynecologist of Govt. hospital is shattered by the violence inflicted upon his dear one's. His pleas and appeals is mocked off by authority, but he has his own plan for justice.",38,"Thriller, Action",Dheeran Arunkumar,"Sathyaraj, Smruthi Venkat, Harish Uthaman, George Mariyan, Madhusudhan Rao",Altari Movies,31-12-2021,2021,12,Friday,0,0,0,0,0,0,0,0.5007,0,0
1170089,Noodles,"Harish and Sheela as a couple, who get into a small tiff with the local inspector. When the fight gets out of hand, they are forced to deal with Madhan, who is enquiring Police officer in the case.",38,Thriller,Madhan Kumar Dhakshinamoorthy,"Harish Uthaman, Sheela Rajkumar, Madhan Kumar Dhakshinamoorthy, Thirunavukkarasu, Vasant Marimuthu",Rolling Sound Pictures (IN),08-09-2023,2023,9,Friday,106,0,0,0,0,0,0,0.4498,5.5,2
367846,144,"A small-time thief and a car driver collude with an artist to steal the gold hoarded by a jeweller, taking advantage of the curfew implemented in their village.",28,"Romance, Comedy, Drama",G. Manikandan,"Shiva, Ashok Selvan, Oviya Helen, Sonu Gowda, Munishkanth",Thirukumaran Entertainment,27-11-2015,2015,11,Friday,0,0,0,0,0,0,0,0.3605,5.2,6
1292141,Dandupalayam,"Dandupalayam is a Tamil crime thriller based on true incidents involving the notorious Dandupalyam gang. With over 350 thefts, 150 murders, and 90 rape attempts, the story uncovers hidden truths.",30,"Crime, Thriller",Tiger Venkaat,"Sonia Agarwal, Vanitha Vijayakumar, Tiger Venkaat, Supergood Subramani, Birla Bose",Venkaat Movies,07-06-2024,2024,6,Friday,142,0,0,0,0,0,0,0.4554,0,0
527670,Vayakkattu Mappilai,,0,Drama,Vimal Murugan,"Jothisha, Vetrivel",Unknown,01-06-2018,2018,6,Friday,122,0,0,0,0,0,0,0.5988,0,0
495530,Aaraam Thinai,"Aaramthinai’ is the upcoming Tamil horror film, which is expected to hit the screens soon in the year of 2018.",20,,Unknown,"Ravi Mariya, Rajendran, Lavanya",Unknown,31-12-2018,2018,12,Monday,0,0,0,0,0,0,0,0.379,0,0
1141052,Erumbu,"A boy, Muthu, by mistake loses a one-gram ring, the only gold their family possesses and goes on a mission along with his sister Pachayammal take the help of their neighbor Chittu, decide to earn some money to make up for a lost gold ring and replace it before his family returns home.",53,"Drama, Family",Suresh G,"Monekha Siva, Rithvik, Charle, Suzane George, M. S. Bhaskar",Blockbuster Productions,16-06-2023,2023,6,Friday,104,0,0,0,0,0,0,0.3888,6.5,2
1506282,Gandhi Kannadi,"An ambitious young event planner named Kathir sees a big opportunity when an elderly man, Gandhi, hires him to plan his 60th wedding anniversary. As their dreams and desires intertwine, their journey becomes a moving tale of love, conflict, and hope.",41,"Drama, Action",Sherief,"KPY Bala, Namita Krishnamurthy, Balaji Sakthivel, Archana, Amudhavanan",Adhimulam creation,05-09-2025,2025,9,Friday,126,0,0,0,0,0,0,0.4999,0,0
950264,Scissors,Micheal is bullied in school until one day when he seeks vengeance.,12,"Action, Drama",N Praveen,"Mukesh, N Praveen, Abrar, Haresh Babu, Surya",Kaaliwood Productions,14-03-2019,2019,3,Thursday,12,0,0,0,0,0,0,0.5919,0,0
1103932,Baba Black Sheep,"Two rival school gangs come under the same management and are forced to co-exist, leading to several changes in their lives. As things progress, the students not only become close to each other but also teach the value of life, literally.",41,"Comedy, Drama",Rajmohan Arumugam,"Ammu Abhirami, Vigneshkanth, Suresh Chakravarthy, Abhirami, Vinodhini Vaidyanathan",Romeo Pictures,14-07-2023,2023,7,Friday,119,0,0,0,0,0,0,0.5135,7,1
1310987,Singapore Rajini,"After his mother's sudden death, Singapore Rajini goes to India to learn barbering and there he meets three women.",19,"Drama, Romance, Comedy",Arivu K Saaminatann,"Singapore Rajini, Rishika, Rose Nas, Swathi Lodha, Anvitha",Unknown,12-12-2019,2019,12,Thursday,99,0,0,0,0,0,0,0.3614,0,0
582288,Goko Mako,"An adventurous road trip of two lovers is being captured on camera by a crazy video crew, along with an insane group of musicians who intend to turn this footage into a music video for a music company contract.",39,"Adventure, Drama, Romance, Comedy",Arun Kanth,"Danusha, Ram Kumar, Ajay Rathnam, Java Sundaresan, Delhi Ganesh",InfoPluto Media Works,14-02-2019,2019,2,Thursday,96,0,0,0,0,0,0,0.5014,0,0
329141,Manal Naharam,"Manal Naharam is a 2015 Tamil language Indian feature film written and produced by M.I.Vasanthkumar and directed by Oru Thalai Ragam Shankar starring Prajin Padmanabhan, Gautham Krishna, Thanishka, Varuna Shetty, VK, Jaise Jose, Jijesh Menon and Shankar himself.",38,,Shankar,"Prajin Padmanabhan, Gautham Krishna, Thanishka Prakash, Varuna Shetty, Jaise Jose",Unknown,27-02-2015,2015,2,Friday,0,0,0,0,0,0,0,0.4623,4,1
1709970,Alagana Mamiya,"A drunkard dies, leaving his family without any support. The mother raises her only daughter while facing severe financial crisis. How the female child, the heroine, manages her life and overcomes the struggles forms the core of the story.",39,"Comedy, Drama",R. Sathiyamoorthi Jeyaguru,"R. Sathiyamoorthi Jeyaguru, Muthukalai",Unknown,05-06-2026,2026,6,Friday,0,0,0,0,0,0,0,0.4073,0,0
407515,Ka Ka Ka Po,The life of a young and charming girl who possesses 'special powers' turns topsy-turvy after she encounters an unexpected incident.,20,,P. S. Vijay,"Sakshi Agarwal, Karunas, Singampuli, Sangili Murugan, Subbu Panchu",D. N. S Movie Production,10-07-2016,2016,7,Sunday,0,0,0,0,0,0,0,0.5043,5,3
1373952,HEROIC,A THREE JOBLESS YOUNGTERS EACH GOT A UNIQUE SUPER POWERS FROM THE EARTH SOUL TO PROTECT  EARTH FROM THE UPCOMING CATASTROPHE .,22,"Action, Science Fiction",AAKASH,"AVINASH, AAKASH, BHUVANESHWAR, PRAGADISH, YESHWANTH VISHAL",UNIVERSAL SHORT FILMS,01-05-2022,2022,5,Sunday,46,0,0,0,0,0,0,0.3873,10,1
1114742,Peranbum Perungobamum,"The story follows the protagonist's three phases of life, and the antagonists, the caste heads of the village whom he avenges for the wounds and sufferings he and his beloved endured in the past.",34,Drama,S. Sivaprakash,"Vijith Bachan, Shali Nivekas, Mime Gopi, Aruldoss, Deepa Shankar",Vau Media Entertainment,05-06-2025,2025,6,Thursday,0,0,0,0,0,0,0,0.3819,0,0
1308200,Bayamariya Brammai,"An interview between Jagadish, an assassin and Kabilan, a writer slowly unfolds and reaches a crescendo where the morals of the two men intertwine. Jagadish's body of work begins to inspire Kabilan to bring out the lost artist in him and his readers. While the humanitarian perspective which Kabilan shares has an impact on Jagadish, who begins seeking redemption through a life of morality built in his imagination.",68,"Crime, Drama",Rahul Kabali,"Guru Somasundaram, Harish Uthaman, John Vijay",69 MM Films,21-06-2024,2024,6,Friday,88,0,0,0,0,0,0,0.458,0,0
996270,Madurai Manikkuravar,"Mani, a hot blooded and aggressive villager, had earned many enemies, waiting for a chance to eliminate him. On his wedding day he is lured into a trap and brutally assaulted and killed. As the family grieves, arrives Raja the new cop on the block and Mani’s look alike.",49,"Action, Drama",Raajarishi,"Harikumar, Madhavi Latha, Suman Talwar, Radha Ravi, Saravanan",Unknown,31-12-2021,2021,12,Friday,122,0,0,0,0,0,0,0.4848,0,0
1514325,Muthal Pakkam,,0,"Crime, Thriller",Anish Ashraf,"Vetri, Shilpa Manjunath, Thambi Ramaiah, Redin Kingsley, Magesh Das",Unknown,01-08-2025,2025,8,Friday,0,0,0,0,0,0,0,0.4529,0,0
1055061,Powder,"A tale of five breathtaking and ravaging events occurring in one night. Samy murdering the man who cheated his daughter; A bunch of youngsters murder a local politician, butcher and transporting his remains in tea cans; A doctor is driving away hours before her wedding to settle an unfinished business; Parattai an out of work make-up man gets his hands dirty to earn some money; and there’s a burglar duo, and then there’s a cop,  Raghavan NM, who tries hard to bind these threads together.",85,"Thriller, Crime, Drama",Vijay Sri G,"Nikhil Murugan, Vidhya Pradeep, Vaiyapuri, Vijay Sri G, Anithra Nair",Unknown,25-11-2022,2022,11,Friday,120,0,0,0,0,0,0,0.4294,0,0
1005751,Kettavanu Per Edutha Nallavanda,"In the heart of North Madras,  Mahat, a fearless and street-smart guy, falls for Aishwarya Dutta, a spirited young woman who is kept under strict control by her uncle, Annachi, one of the richest and roughest businessmen in the area. Mahat with the help of his quirky and loyal elder friend Motta Rajendran, sets out on a hilarious and daring mission to win her love—while dodging her uncle’s watchful eyes and ruthless ways.Meanwhile, a self-proclaimed pirate and treasure hunter, Yogi Babu, believes he is the long-lost brother of Jack Sparrow. On his quest for hidden riches near a remote resort, he stumbles upon an unexpected treasure—a bear that falls in love with him! As Yogi Babu desperately tries to escape the bear’s affection, his treasure hunt takes an unpredictable turn, leading to a chaotic and side-splitting chain of events.",139,"Romance, Comedy, Action, Fantasy",C. Prabhuram,"Mahat Raghavendra, Yogi Babu, Aishwarya Dutta, Sakshi Agarwal, Rajendran",Varnalaya Cine creations,04-04-2025,2025,4,Friday,0,0,0,0,0,0,0,0.3896,0,0
382705,Kadavulukku Nandri,"Sri Sivasakthi Marriamman Movies announced the movie titled ""Kadavulukku Nandri"" who directed by Pon Magesh. Staring Magesh, Mounika, Kottachi, Sarvesh, yuva, Siva, Prakash, Pakkoda Pandi, and others. Music by maria manogar, cinematography by Chandransamy.",34,"Comedy, Drama, Family, Romance",Pon Magesh,"Pon Magesh, Mounika, Kottachi, Tamizh",Sri Sivasakthi Mariamman Movies,01-05-2016,2016,5,Sunday,0,0,0,0,0,0,0,0.4475,0,1
1476437,Suttaa Thale Enakku,A powerful tycoon partners with Margaya Island`s kingpin to smuggle a highly valuable package across international borders. Chaos ensues when so called local gangsters and a group of tourists join forces to stop them.,34,"Action, Comedy, Crime",Thanesh Perrabu,"Pavitran Muniandy, Risheekesan Nair, Viknes Perrabu, Shamaaraj Shanker",Sai Nanthini Movie World,15-05-2025,2025,5,Thursday,116,29225000,0,2.92,0,0,0,0.598,0,0
345540,Acharam,Acharam is a tamil movie.Ganesh and Rekha are doing the lead roles in this movie.,15,"Thriller, Crime",Mohan Krishna,"Ganesh Venkatraman, Poonam Kaur, Munna Simon, Rekha, Gnanadesh Ambedkar",Dhaaru Nisha Movies,19-06-2015,2015,6,Friday,0,0,0,0,0,0,0,0.477,4,1
893955,Vanam,"An art college student tries to find the reasons behind the mysterious deaths of the people who have stayed in a hostel room, with help from a documentary filmmaker.",29,"Thriller, Mystery, Horror",Srikantan Anand,"Vetri, Smruthi Venkat, Anu Sithara, Vela Ramamoorthy, N. Azhagamperumal",Sakthi Film Factory,26-11-2021,2021,11,Friday,134,0,0,0,0,0,0,0.4651,8,1
1211752,Seri... Ippo Enna Panlam?,"""Seri... Ipo Enna Panlam?"" from Tamil literally translates to ""Alright... What do we do now?""  A short film about three blokes who decide on what movie to watch for the night. What do they pick, and do they end up watching that? Or is there something else in store for them",51,"Comedy, Drama",Sriram Jagathisan,"Sharath Venkateswaran, Anam Saatvik Reddy, LC Vigneshwaran, Pranav Balakrishnan, Sriram Jagathisan",Projekt Kino Se7en,30-11-2023,2023,11,Thursday,11,4175,41750,0,0,37575,900,0.4291,10,2
1075867,Meippada Sei,"Four ignorant boys were surviving their life with the support of parents in Tanjore village, one of them (Muthupandi) falling in love, thereby, opposition occurring, cause of lower & upper casting and racism, then how he got marry with his girlfriend moreover, to escaping from their parents, the couple has decided to moved towards Chennai along with friends of muthupandi, After arrival at Chennai before start-up of their life over there, unfortunately, they found the injured hand of the someone’s body in dead condition at the back side of their residence, scared and reported to the nearby police station, accordingly, they got assaulted by concerned local gangster. The Meippada Sei Climax would be illustrated: Whether the criminal has been punished by Indian law? Or Ignorant / village people? And how are they rejoining their families? The movie will be a family entertainer and contains the 4 fights & 4 songs, moreover with the message of sexual harassment/ abuse for society.",160,Family,Velan D.S.W.D.F.D,"P.R.Tamil Selvam, Raj Kapoor, O. A. K. Sundar, V. I. S. Jayapalan, Aadhav Balaji",SR HARSHITH PICTURES,27-01-2023,2023,1,Friday,118,0,0,0,0,0,0,0.3941,0,0
794113,Naanum Single Thaan,Uday meets an ambitious and independent girl named Shweta and ends up falling in love with her. After she refuses to date him he sought advice from a love guru.,30,"Drama, Comedy",R. Gopi,"V R Dinesh, Deepti Sati, Rajendran, Manobala, Rama",Unknown,12-02-2021,2021,2,Friday,117,0,0,0,0,0,0,0.4975,0,0
1171243,Lucky Man,"Murugan, a man labelled always as unlucky from his childhood gets a car as a prize from a 'Lucky' draw. His life turns upside down when he locks horns with an honest but arrogant Assistant Commissioner Sivakumar and the car gets nicked mysteriously.",43,"Comedy, Drama",Balaji Venugopal,"Yogi Babu, Raichal Rabecca Philip, Veera Bahu, R.S. Shivaji, Abdool Lee",Think Studios,01-09-2023,2023,9,Friday,134,0,0,0,0,0,0,0.4934,4.7,3
384072,9 Thirudargal,"9 Thirudargal (nine thieves) is a Tamil language comedy movie directed by Vijay Paramasivam and starring Saran, Akansha Mohan and Y. G. Mahendra.",23,,Vijay Paramasivam,"Akansha, Y. G. Mahendran, Ragasiya, Singampuli",Unknown,07-09-2015,2015,9,Monday,0,0,0,0,0,0,0,0.4657,2,1
1269642,Vaa Pagandaya,Both hero and heroine are in love. The problem is that the villain does not like this. What did the villagers do?,22,Romance,Jayakumar Balaraman,"Vijaya Dinesh, Arthika, Ajit Koli, Powerstar Srinivasan, Kadhal Sukumar",Oli revelation (IN),12-04-2024,2024,4,Friday,122,0,0,0,0,0,0,0.4222,0,0
1026883,KADAL,A girl standing alone in the beach remembers moments with her ex at the same place .Yet even in solitude she finds peace,23,Music,Muhammed Ashiqu,"Niya babu, Sakshi K S",d factory designs,23-09-2022,2022,9,Friday,4,1002,0,0,0,0,0,0.4064,0,0
1142657,Crimes and Diamonds,A failed diamond smuggling mission leads to multiple events of chaos.,11,Crime,Vidhun Chandragupthan,"Mukesh, Boopathy Matesh, S Kishore Kumar, Bala Viknesh, Gunpoint Dinesh Kumar",Kaaliwood Productions,24-07-2024,2024,7,Wednesday,41,0,0,0,0,0,0,0.4682,0,0
1149164,Rayar Parambarai,,0,"Comedy, Romance",T. Ramanath,"Krishna Kulasekaran, Saranya R Nair, Kasturi Shankar, Anandaraj, Anshula Dhawan",Chinnasamy Cine Creations,07-07-2023,2023,7,Friday,125,0,0,0,0,0,0,0.4162,0,0
1738601,Kaikuttai Rani,,0,Drama,Devayani,Niharika V.K.,Unknown,17-01-2025,2025,1,Friday,20,0,0,0,0,0,0,1.0658,0,0
1430470,Otha Votu Muthaiya,"Muthaiya, who is a mainstay in a political party, contests the election and loses by a margin of one vote. Muthaiya was not given a chance to contest the by-election again. In the end, he contested as an independent and won the Member of legislative assembly election",47,"Comedy, Drama",Sai Rajagopal,"Goundamani, Yogi Babu, Rajendran, Ravi Mariya",Cine Craft Productions,14-02-2025,2025,2,Friday,0,0,0,0,0,0,0,0.4603,0,0
1051508,Dum Dum Dumeel,"A guy who is about to get engaged and eventually get married, goes to an island for a holiday with his friends only to be entangled in unfortunate events with a gang of robbers. This will lead him to change his entire perspective on his life and life decisions.",49,"Comedy, Crime, Romance",Deepban M. Vignesh,"James Devan Arokisamy, Vicran Elanggoven, Yuvaraj Krishnasamy, Vikadakavi Magen, Kuben Mahadevan",Rhythm Heights Sdn. Bhd.,03-11-2022,2022,11,Thursday,125,0,0,0,0,0,0,0.4567,9,1
1446897,EMI,"The hero of our story takes a car, a bike, and an EMI for his girlfriend, believing that EMI is an easy loan. After a few months, he loses his job, so he is unable to pay the EMI, and he is in trouble. As a result, his friends who have been cheating on him are also affected. In the end, our hero pays EMI and brings his familyThe theme of this EMI film is ""Recover your friends or not?""",80,"Family, Drama",Sadasivam Chinnaraj,"Sadasivam Chinnaraj, Sai Dhanyaa, Pandi, Aadhavan, Perarasu",Sabari Productions,04-04-2025,2025,4,Friday,126,0,0,0,0,0,0,0.4195,0,0
818109,Mathil,"Laxmikanthan, a common man, takes on a corrupt politician after he damages the wall of his house for an election campaign. Can Laxmikanthan find justice?",25,Drama,Mithran Jawahar,"K. S. Ravikumar, Mime Gopi, Kathadi Ramamurthy, Swaminathan, Jangiri Madhumitha",Unknown,14-04-2021,2021,4,Wednesday,104,0,0,0,0,0,0,0.419,6,1
1423330,Vallan,A suspended cop investigates a businessman’s murder that links to his missing fiancée. The case reveals money laundering through religious trusts and a hidden truth about a child’s death.,29,"Action, Crime, Thriller",Mani Seiyon,"Sundar C, Tanya Hope, Hebah Patel, Kamal Kamaraju, Abhirami Venkatachalam",VR Della Film Factory,24-01-2025,2025,1,Friday,122,0,0,0,0,0,0,0.4886,0,0
1403357,Antha Naal,"A film director, his assistants and the cook go for a story discussion in a palatial bungalow. There, they discover footage of a family trapped by an unidentified ""maskman.""",29,,Unknown,Imman Annachi,Unknown,13-12-2024,2024,12,Friday,98,0,0,0,0,0,0,0.4102,0,0
1002007,Sivi 2,A group of you-tubers exploring a haunted asylum have to face the wrath of ghost existing there for years.,19,"Horror, Thriller",K. R. Senthil Nathan,"Tej Charanraj, Yogi, Bhalajie, Java Sundaresan, Swathi",Thulasi Cine Arts,22-07-2022,2022,7,Friday,125,0,0,0,0,0,0,0.4205,0,0
866338,Call Taxi,"Santhosh is a call taxi driver in Chennai. Advocate Ashwini is a regular customer in his cab. Their friendship soon turns into love. Meanwhile, a gang of four members is involved in murdering cab drivers. One day Ashwini’s father wants to meet Santhosh. Since he had a trip to Pondicherry, he gives it to his friend and goes to meet her father. However, his friend gets killed by the notorious gang during the trip. Was Santhosh able to find the people who are the reason behind his friend’s death, did their love succeed forms the rest of the story.",99,,Pa. Pandiyan,"Rajendran, Madhan Bob, Santhosh Saravanan",Unknown,27-08-2021,2021,8,Friday,0,0,0,0,0,0,0,0.408,0,0
959976,TORROT,If dreams arrive in sleep where do we arrive in dreams?,11,"Science Fiction, Mystery",Praveen Chezhian,"Joseph Wesley, Sanjay, Harshavarthan M K, Charan Teja",Unknown,05-11-2021,2021,11,Friday,36,0,0,0,0,0,0,0.5669,0,0
1517511,Accused,,0,"Drama, Comedy",Prabhu Srinivas,"Udhaya, Ajmal Ameer, Yogi Babu, Jahnvika Kalakeri",Jaeshan Studios,01-08-2025,2025,8,Friday,134,0,0,0,0,0,0,0.5938,0,0
330411,Thoppi,"A young man from a community of robbers aspires to become a cop and acts as an informer. However, the local inspector and a minister are keen to see him out of their way.",34,Drama,Youreka,"Murali Ram, Raksha Raj, G. M. Kumar, Aruldoss, Youreka",Unknown,06-03-2015,2015,3,Friday,0,0,0,0,0,0,0,0.3702,5,1
919316,Manamagizhselvan,Inspired by many incidents from my friends bridegroom period we wanted to present it to the  audience in a crispy & light hearted  clean family entertainer,26,Comedy,Harish Sundarajan,"Chandran, Omganesh, Palaniappan, Saravanan",Talent Media Production,01-12-2021,2021,12,Wednesday,52,1085.5,0,0,0,0,0,0.5936,0,0
1245864,Operation Laila,"Surya, a sincere police officer, has a twin brother, Ravi, who becomes a beloved Drill Master at a school. Ravi falls in love with teacher Anjali. They encounter a ghost named Laila, seeking revenge for her murder. As Laila targets the school's staff, Surya must stop her or risk losing more lives.",52,"Horror, Thriller",A. Venkatesh,"Srikanth, Siddhika Sharma, Imman Annachi, Vincent Asokan, Baboos",Selrin Production (IN),22-02-2024,2024,2,Thursday,124,0,0,0,0,0,0,0.4029,0,0
527668,Mohana,,0,Comedy,Ra Anand,"Rajendran, Powerstar Srinivasan, Kalyani Nair",Unknown,01-06-2018,2018,6,Friday,104,0,0,0,0,0,0,0.4066,10,1
1321835,Park,"A DTH shop couple’s romance takes a supernatural turn when they stumble into a park while fleeing thugs. Possessed by the spirits of a murdered couple seeking revenge, they must break free from their rage-filled state by avenging the spirits’ deaths.",41,"Thriller, Horror",E.K.Murugan,"Thaman Kumar, Swetha Dorathy, Pandi, Neema Rai, Rekha Suresh",Akshaya Movie Makers,09-08-2024,2024,8,Friday,117,0,0,0,0,0,0,0.4407,0,0
1285929,Amma's Pride,"""Amma’s Pride"" chronicles Valli’s unwavering support for her trans daughter, Srija, as she navigates the trials and tribulations of falling in love, getting married, and fighting for state recognition of her marriage in a traditional small town in South India. When societal pressures push Srija’s marriage to the edge, Valli clings to the hope of a miracle.",57,Documentary,Shiva Krish,"Srija, Valli, Arun Kumar",Unknown,26-05-2024,2024,5,Sunday,21,0,0,0,0,0,0,0.4251,0,0
1534309,Kumaara Sambavam,,0,"Drama, Comedy",Balaji Venugopal,"Kumaran Thangarajan, Paayal Radhakrishna, Balasaravanan, Elango Kumaravel, G. M. Kumar",Unknown,12-09-2025,2025,9,Friday,125,0,0,0,0,0,0,0.6333,0,0
824446,Just Fucked,"""The dilemma, to or not to abort a baby arises among a couple who are in live-in relationship, conflicting over their Cultural/political/economical ideologies, the voice of women in a modern relationship.""",31,Drama,Joshi,"Sudharshan Govind, Shrisha",Unknown,25-03-2021,2021,3,Thursday,16,0,0,0,0,0,0,0.3767,8,1
1432145,Dinasari,"Shakthivel, a devoted son and brother, lives a simple life until greed for wealth leads his family into turmoil. When Shivani, a kind-hearted woman from America, enters his life.",29,"Romance, Comedy",G. Sankar,"Srikanth, Cynthia Lourde, Radha Ravi, Chandhini Tamilarasan, M. S. Bhaskar",Cynthia Production House,14-02-2025,2025,2,Friday,0,0,0,0,0,0,0,0.4873,0,0
372217,Sagunthalavin Kadhalan,"Sagunthalavin Kadhalan is an upcoming tamil film of Director P V Prasath, Kadhalil Vizhunden Fame, produced under the banner of Prasath Studios. P V Prasath himself plays the lead role. Music is composed A J Daniel and P V Prasath. Editing done by V T Vijayan and cinematography bu A Rasamathi. Art by Sahu.",54,"Thriller, Drama, Romance",P. V. Prasad,"P. V. Prasad, Muktha George, Pasupathy",Prasath Pictures,15-04-2016,2016,4,Friday,0,0,0,0,0,0,0,0.4767,0,0
1210674,Sooragan,"Egan, a Suspended Police Officer With a Disorder, Investigates the Deaths of Dhivya and Others. In a Pursuit for Justice, He Discovers a Criminal Network Involving Vips. Egan Faces Dangerous Criminals, a Kidnapping, and a Deadly Showdown, Ultimately Redeeming Himself.",40,"Crime, Action, Thriller",Sathish Geetha Kumar,"Karthikeyan Vinayagam, Subiksha, Pandiarajan, Suresh Chandra Menon, Reshma Pasupuleti",3rd Eye Cine Creations [in],01-12-2023,2023,12,Friday,96,0,0,0,0,0,0,0.3782,0,0
679051,Irumbu Manithan,"An action film directed by Disney, starring Santhosh Prathap, Ganja Karuppu and Anitha Sampath in the lead roles.",18,"Comedy, Romance",Disney,"Santhosh Prathap, Archana, Ganja Karuppu, Madhusudhan Rao, Anitha Sampath",Unknown,28-02-2020,2020,2,Friday,133,0,0,0,0,0,0,0.4669,0,0
933699,Raid,"Prabhakaran, a daring cop, wants to ensure peace in the city by eliminating all the gangsters brings a  confrontation between him and Dali, an ambitious and ruthless gangster.",28,"Action, Thriller",S.P. Karthi,"Vikram Prabhu, Sri Divya, Daniel Annie Pope, Rishi Rithvik, Ananthika Sanilkumar",Open Screen Pictures,10-11-2023,2023,11,Friday,125,0,0,0,0,0,0,0.4476,2,1
484606,Konjam Konjam,"Gokul Krishnan to keep his family members happy and even to earn money, the guy starts his life at the place of Kerala border with the help of Appu Kutty. There, Gokul falls in love with Divya , but her stepmother against to their love. Parallel, Gokul’s sister Priya Mohan, who gets injured in the ear drum while using mobile when it was charged up. Now, continually Gokul’s family faces a lot trouble. On all these issues, how Gokul comes out and starts to lead a happy life is the balance script.",92,"Crime, Romance, Family, Drama",Uday Sankaran,"Gokul Krishnan, Priya Mohan, Mansoor Ali Khan, Appukutty, Jangiri Madhumitha",Unknown,22-09-2017,2017,9,Friday,123,0,0,0,0,0,0,0.4707,0,0
1156579,COMPANION,"An old man aged around 60 plus, forgets his entire identity including name and home after fainted while morning walk. People are not interested to help him since no one knows him and he has nothing but basic mobile with no contacts or call history. But an old lady decides to help to find his identity and home. Whether she is able to take him to home or not.",69,Drama,Vignesh Paramasivam,"Pasupathi Raj, Leela Samson",Unknown,10-08-2023,2023,8,Thursday,25,0,0,0,0,0,0,0.4713,0,0
1070557,Maatrangale Vidai,Mathesh investigates the mystery behind the death of a well-known artist Shan through his unfinished paintings,16,"Music, Drama",Vignesh,"Mithran, Sriram, Ansari, Shirin, Lehaa",Vignesh Pictures,06-01-2023,2023,1,Friday,40,3757.5,0,0,0,0,0,0.4942,0,0
1373085,Ghost Story,AN ASSISTANT DIRECTOR WHO CONVINCE HIS DIRECTOR TO MAKE A HORROR FILM . THEN HE CHALLENGED TO MAKE HIS OWN HORROR FILM AGAINST HIS DIRECTOR.,25,"Horror, Comedy",MURALIDHARAN,"AAKASH, AVINASH, TAMIZHARASI",AAHAAN PRODUCTIONS,10-02-2019,2019,2,Sunday,7,0,0,0,0,0,0,0.4043,8,1
1540782,Kaayal,"A girl, much into anti suicidal campaigns commits suicide after six months of self-imposed marital bondage. What reflections do her death leave on her family and loved ones? This film, in a nutshell, is a journey of her ashes from Pondicherry to Dhanushkodj  to be immersed by her family. The boy with whom she had been in love joins the journey at a juncture and what happens then is the film.",71,"Drama, Family",Dhamayanthi,"Lingesh, Gayathrie Shankar, Anumol, Ramesh Thilak, Swagatha S. Krishnan",J Studios,12-09-2025,2025,9,Friday,0,0,0,0,0,0,0,0.3927,0,0
1154485,Sync,A group of friends connecting on a video call are haunted by the spirit of the girl they hit-and-run on their way back from a road trip.,27,"Drama, Horror",Vikas Anand Sridharan,"Kishen Das, Monica Chinnakotla, Naveen George Thomas, Soundarya Bala Nandakumar, Sheela Vishwanath",Unknown,21-07-2023,2023,7,Friday,77,0,0,0,0,0,0,0.4273,7,2
1269773,Oru Thavaru Seidhal,"Evicted from their flat and desperate for cash, a group of friends, including an aspiring filmmaker, find themselves at Chennai's Koyambedu junction. A chance encounter sparks a risky scheme to earn quick money, but their path is fraught with deception and unforeseen consequences. Did their gamble pay off, or did they fall victim to their own ambitions?",57,"Crime, Thriller",Mani Dhamodharan,"M. S. Bhaskar, Upasana Rai, Namo Narayana, Ramachandran Durairaj, Paari",Unknown,05-04-2024,2024,4,Friday,123,0,0,0,0,0,0,0.4385,0,0
1470470,Bleat!,"An elderly Malaysian-Tamil couple discovers their male goat, set for ceremonial slaughter, is pregnant. Torn between faith and the expectations of their community, they struggle to decide whether to slaughter it or face the wrath of the gods.",38,"Drama, Comedy",Ananth Subramaniam,"Tharmasegaran Maniam, Pannerselvam Evarani, Dhanesh Alagarsu, Charvine Mailvaganam, Big Boy",idiosync,19-05-2025,2025,5,Monday,15,0,0,0,0,0,0,0.4261,0,0
1499814,Kuyili,"The Story Unfolds Through an Intricate, Multi-character Narrative With Alternating Perspectives. Kuyili, a Woman From a Small, Oppressed Village, Initially Lives an Ordinary Life. After the Tragic Death of Her Husband Due to Alcoholism, She is Left to Raise Her Child Alone. Through Her Brother, She Learns That Many Women in Their Community Have Suffered Similar Losses. Determined to Bring Change, Kuyili Joins the Communist Party, a Political Movement Dedicated to Achieving Socio-economic Justice and Eliminating Systemic Exploitation.",78,Drama,P Murugasamy,"Lizzie Antony, Thasmika Lakshmanan, Pudhupettai Suresh, Hello Kandasamy, Ravicha",BM Film International,04-07-2025,2025,7,Friday,0,0,0,0,0,0,0,0.4443,0,0
1402008,Paavakoothu,"Rajesh is in love with a girl named Amudhamozhi in college. She tells him to read a book called Paavakoothu and then tells him what she wants. The book describes stories from different angles, such as Theru koothu, stage play, and cinema. After reading it, he goes to talk to her.",51,"Drama, Romance",AR Raajesh,"Pradeep Selvaraj, Ranjana Thiyagarajan, Vijay Murugan, Cyril saga Johny, Saraswathy Ramesh",White Town Films,24-04-2026,2026,4,Friday,85,0,0,0,0,0,0,0.3333,0,0
1375396,Deepavali Bonus,"Deepavali Bonus is nativity drama, Showcasing Madurai,which is a the city of Celebration and Cheers.The Story revolves around Ravi, Geetha and their Son Sachin. Their life dung Festival season, the way they manage their livelihood and expenses graceful with their values and bonding The people they come across and huddles they face and whether the get they basic rights of family needs during the festival celebrated by the whole City.",70,"Family, Drama",Jeyabal .J,"Vikranth, Riythvika",Sri Ankali Parameshwari Production,25-10-2024,2024,10,Friday,0,0,0,0,0,0,0,0.3897,0,0
935526,Kanmani Paappa,"Karthik and his wife Kannamma, whose dream is to buy a house on their own receive a property detail from a broker. While visiting the house mentioned in kodaikanal, they get astonished because the house they saw was already in a painting done by their daughter Kanmani.",47,"Thriller, Horror",Manivarman,"Miya Sree, Manasvi Kottachi, Thaman Kumar, Kottachi, Singampuli",SMS Pictures,02-08-2024,2024,8,Friday,130,0,0,0,0,0,0,0.4512,0,0
927917,White Rose,"Grieving widow Divya, determined to rescue her kidnapped daughter, confronts a psychopathic killer and seeks police help. ACP Vetri, realizing he's connected to Divya's plight, faces a moral dilemma. Can Divya evade the killer and save her daughter, and will Vetri find redemption by aiding her?",46,"Crime, Thriller",K Rajashekar,"Anandhi, R. K. Suresh, Rooso Sreedharan, Vijith, Baby Nakshatra",Poombarai Murugan Productions [IN],05-04-2024,2024,4,Friday,117,0,0,0,0,0,0,0.4233,0,0
1062993,Jasper,"Mr.J is an elderly, arrogant, and drunkard man who lives alone. Harish, a young bank manager, and his wife and children, join his life as neighbours. Harish is kidnapped by Vincent's team, and his wife approaches Jasper for rescue her husband. Mr.J embarks on a journey with Harish's little boy in order to save Harish from his old rival, Pastor Edward. He enlists the assistance of his old buddies on his travels. They're talking about his past, including his relationships with Seema, Harish, and Edward. Shankar Sharma, an investigating police officer, is looking into the background of Mr.J and his team, Pastor Edward, and the real purpose for the kidnapping. The thrilling adventure will give the answers to the following questions: did Mr.J save Harish? What is Mr.J's relationship with Harish and his family? Has Shankar Sharma successfully completed the case?",141,,Unknown,"Vivek Rajagopal, Aishwarya Dutta, Lavanya Anbazhagan, Raj Kalesh, Prasant Murali",Unknown,23-12-2022,2022,12,Friday,139,0,0,0,0,0,0,0.388,0,0
1069549,Aruva Sanda,,0,"Action, Drama, Family",Aadhirajan,"V. Raja, Malavika Menon, Soundara Raja, Aadukalam Naren, Saranya Ponvannan",White Screen Production,30-12-2022,2022,12,Friday,136,0,0,0,0,0,0,0.4384,0,0
1232301,Addiction,"When two close friends are approached to sell drugs by a stranger, one of them agrees and the other one disagrees. How their choice has made an impact on their lives forms the rest of the story, discussing about how one’s choice about drugs can make a huge difference in one’s life",52,Drama,Vidhun Chandragupthan,"Mukesh, N Praveen, Maadhavan Ramesh, Varshan Sasikumar, Balachandar",Unknown,28-10-2023,2023,10,Saturday,3,0,0,0,0,0,0,0.5072,0,0
1222718,Tik Tok,Three friends starting a business are haunted by a ghost who wants to know his killer. They must solve the mystery to save their lives and their venture.,28,,Unknown,"Rajaji Manickam, Priyanka Arul Mohan, Sushma Raj, Tha. Muruganantham, Madhusudhan Rao",Unknown,29-12-2023,2023,12,Friday,180,0,0,0,0,0,0,0.4178,0,0
1257416,Idi Minnal Kadhal,The story is spun with guilt and repentance of the characters and unknowingly they undo the wrong that they all had done against each other in the aftermath of an accident. They all realize that rarer action is in virtue than vengeance.,42,"Action, Drama",Balaji Madhavan,"Ciby Bhuvana Chandran, Bhavya Trikha, Jay Adithya, Yasmin Ponnappa, Jagan",Pavaki Entertainment,29-03-2024,2024,3,Friday,130,0,0,0,0,0,0,0.4366,0,0
1493747,Paramasivan Fathima,"Two feuding villages, Hindu dominated Subramaniapuram and Christian dominated Yokopuram, face a series of wedding night murders that have both communities pointing fingers, lead to the revelation of spirits seeking justice for past religious conflicts.",35,"Drama, Crime",Esakki Karvannan,"Vimal, Chaya Devi, Esakki Karvannan, M. S. Bhaskar, Cool Suresh",Unknown,06-06-2025,2025,6,Friday,143,0,0,0,0,0,0,0.458,3,1
1295246,Bujji at Anupatti,"In a village Uthukuli a girl Durga and her elder brother Saravanan live with their parents. The family lives in a farm house of the landlord Shiva and were farmers for him. One day Durga and Saravanan find a kid on their way to home and taken with them. They named it as Bujji. Drunkard father of the children sold the kid for his drink. Knowing this Durga was upset and eith her urge saravanan and durga start a journey to get back bujji home. On their way they met Dharshini an orphan girl living as a maid with one family. Later she becomes an acquaintance with them, The trio identified the whereabouts of the kid but need money to get it back. Mean while Shiva came to know the children are missing from home. The journey of Shiva searching the children and the journey of Children saving a kid are the rest of the plot.",156,Drama,Raam Kandasamy,"Karthik Vijay, Lavanya Kanmani, Meena Gopalakrishnan, Kamal Kumar, Pranithi Sivasankaran",Kavilayaa Creations (in),31-05-2024,2024,5,Friday,0,0,0,0,0,0,0,0.4539,0,0
1452088,Pugai Padam,A smoking addict in recovery fights the temptation to relapse,10,,Bala Suresh Babu,"Nishanth Naidu, Jayanth V",Movie Buff,21-03-2025,2025,3,Friday,11,0,0,0,0,0,0,0.5718,0,0
1225102,Kumbaari,Friendship of young people and the love between a brother and sister.,12,"Romance, Comedy",Kevin Joseph,"Vijay Vishwa, Naleef Gea, Mahana Sanjeevi, John Vijay, Saravanan",Royal Enterprises [in],05-01-2024,2024,1,Friday,115,0,0,0,0,0,0,0.4411,0,0
1474485,Ka.Mu - Ka.Pi,"An ideal lovers departs by respecting each other's differences. A resemble situation approached differently before and after the marriage by Anbu and Anu. Who met in an IT company fell in love, married though the parents opposed. They lived happily until the emotional and ego conflicts arises. The love drama unfolds emotional imbalances of young generation's marriage life.",58,,Unknown,"Saravana Kumar, Saranya Ravichandran",Unknown,04-04-2025,2025,4,Friday,0,0,0,0,0,0,0,0.402,0,0
975223,Haraa,"Ram (a) Ibrahim, who is grieving the loss of his daughter after she dies by suicide. He goes on a mission to uncover secrets and avenge her death.",28,"Action, Thriller",Vijay Sri G,"Mohan, Anumol, Yogi Babu, Charu Haasan, Rajendran",JM Productions Private Limited (IN),07-06-2024,2024,6,Friday,138,0,0,0,0,0,0,0.4567,6,1
644548,Girls of Paadhai,Documentary about a women's refuge in southern India.,8,Documentary,Natalia Preston,,Unknown,01-11-2019,2019,11,Friday,90,0,0,0,0,0,0,0.349,0,0
1616817,Members of the Problematic Family,"A man dies young. Funeral rites – yes; mourning – not so much. A death that stirs and shakes things up. A film that shows the violence of family relationships with uncanny subtlety and verve, the pendulum of void and solace.",41,"Drama, Family",R Gowtham,"Karuththadaiyaan, Ara. Ajith Kumar, Kanchana Senthil, T Paneer Selvam, Saravana Siddharth",Labyrinth Narratives,18-02-2026,2026,2,Wednesday,105,0,0,0,0,0,0,0.5334,9,1
402539,Kadhal Agathee,"Kadhal Agathee is a 2015 Romance Tamil movie directed by Shami Thirumalai and produced by Ramaiah Cine Creations. Kadhal Agathee movie stars Harikumar, Aisha Azim, Mamtha in the lead role.",30,,Unknown,"Harikumar, Aisha Azim, Mamta Mohandas, Pandiarajan",Unknown,17-06-2016,2016,6,Friday,0,0,0,0,0,0,0,0.4341,0,0
1390306,Lineman,"Lineman movie is about the life of Subbaiah and his son Senthil, who deals with electricity and engineering invention. He wants to give his invention to society and government to save life's of people who work as a Lineman.",39,Drama,M Udhaikumar,"Charle, Jegan Balaji, Saranya Ravichandran, Aditi Balan, Kadugu Ramamoorthy",Madras Stories LLP,22-11-2024,2024,11,Friday,109,0,0,0,0,0,0,0.419,0,0
1212917,Thee Ivan,"A woman gets pregnant before the love season is over. She decides to get married and leaves the town before her pregnancy is revealed to the world. Her boyfriend dies in an unexpected accident. How is she going to get through the rest of her life, in accordance with the concept of “if a man does an evil, only his life will be spoiled. But a women does an evil, her entire family will be spoiled”. It is a story that conveys a profound idea that ignorance is the root of arrogance and servitude",94,"Family, Drama",T. M. Jayamurugan,"Karthik Muthuraman, Suman Jayamurugan, Sukanya, Arthika, Hemanth Menon",Manithan Cine Arts [in],08-12-2023,2023,12,Friday,177,0,0,0,0,0,0,0.4807,0,0
1381674,Iravinil Aatam Par,School Students Are Drugged And Sexually Harressed. They Take It As A Video And Extort Money . A Hero Who Lost His Wife And Daughters. The Intresting Story Line Is How He Becomes A Police Inspector And Brings Down The MOB. The Story Is On Action Crime Thriller Genre,49,"Crime, Thriller, Action",A. Tamil Selvan,"K.S.Udhaya Kumar, Gracy Thangavel, Saravanan, Priya Asmitha, N. Rajenthiran",RSV Movies (in),08-11-2024,2024,11,Friday,0,0,0,0,0,0,0,0.3712,0,0
953643,Muthal Manithan,,0,Drama,Rajarajadurai,"Aadukalam Naren, Kausalya, Karate Raja, G. Marimuthu, 'Super Good' Lakshmanan",Unknown,04-03-2022,2022,3,Friday,129,0,0,0,0,0,0,0.4796,0,0
1410452,My Father & His Celluloid,"As his father lies critically ill in hospital, the director recreates the possible scenario when his parents meet for the first time. A tribute to the filmmaker’s father, a traveling projectionist, through the films, sights and sounds of his work and times.",42,,Daven Raghavan,,Unknown,27-10-2024,2024,10,Sunday,10,0,0,0,0,0,0,0.4561,0,0
895131,Sweet Biriyani,A delivery boy's soulful experiences in a day.,8,Drama,Jeyachandra Hashmi,Balaji Venugopal,Unknown,05-03-2021,2021,3,Friday,24,0,0,0,0,0,0,0.5608,0,0
1688710,டே 11,"Five youngsters become addicted to a mysterious fantasy game that grants every wish instantly. As reality begins to blur, one girl suddenly disappears and is presumed dead. Realizing the game holds the truth, the others re-enter it to uncover its hidden rules.  They discover every wish comes at a cost and must make a painful sacrifice to bring her back forever changed by the consequences of their desires.",68,"Horror, Thriller",Sritika J.,"Maddy Manoj, Swetha Abirami, Ravichandran K., Adarsh Madhikanth, Thamizh V.",BRG Jaganathan Pictures,08-05-2026,2026,5,Friday,116,0,0,0,0,0,0,0.5331,0,0
1481551,Rajaputhiran,"Chellaiyah, a 60-year-old farmer, sees agriculture as a sacred calling and opposes his son Pattamuthu working for others. But when unforeseen circumstances push Pattamuthu to secretly take a job under a man named Linga, he soon finds himself trapped in illegal money dealings. As Pattamuthu struggles, Chellaiyah steps in to save his son and bring him back to his roots.",60,"Family, Drama",Mahaa Kandan,"Prabhu, Vetri, Krishnapriya, Komal Kumar, Mansoor Ali Khan",Crescent Cine Creation,30-05-2025,2025,5,Friday,0,0,0,0,0,0,0,0.4045,0,0
1372636,TEN RUPEES NOTE,A COLLEGE BOY TRYING TO GET SOME LUMP OF MONEY FROM HIS DAD.,13,Comedy,MURALIDHARAN,"AAKASH, AVINASH",AMAITHIYO AMAITHI,19-10-2018,2018,10,Friday,2,0,0,0,0,0,0,0.3755,9,1
1132466,The Flowers and the Gemstones,"Skanda Puranam (from mythology) tells the story of Kanyakumari who threw into the sea, the flowers and gemstones kept for her marriage with Shiva. It is said to have coloured the shores. When the last Maharaja of Travancore dynasty travelled through Kanyakumari, he was awed by the exquisite garland made of Oleander flowers and called it Manikkamalai - the ruby garland. Ever since, a family in Thovalai village of Kanyakumari has been weaving Maharaja's favourite garland every morning, to be sent to his Palace temple. The dynasty ended long ago and state borders were marked in modern India. Yet, the custom holding the two lands, in Kerala and Tamil Nadu, remains intact.",112,Documentary,Sriram Raja,,Films Division of India,26-07-2019,2019,7,Friday,25,0,0,0,0,0,0,0.4571,0,0
1448133,Love's Green Patch,"Best friends Raja and Deva are so close that they often share the same twin bed. When Raja finally feels comfortable enough to come out as gay to his bestie, the dynamics of their relationship begin to change.",38,,Keerthivasan B,"Dhilip Khana, Devakrishnan, Mohamed Nafeel, Vandhana Varghese",Unknown,01-01-2024,2024,1,Monday,15,0,0,0,0,0,0,0.387,0,0
330409,Aivaraattam,"A village's junior and senior teams compete against one another for the cup in a football tournament. But there's more at stake here as the team has stepbrothers playing against each other, and warring brothers as coaches.",37,,Mithun Manickam,"Dushyanth Jayaprakash, Nitya Shetty, Niranjan Jayaprakash, Jayaprakash, Rajapandi",The Vibrant Movies,13-03-2015,2015,3,Friday,0,0,0,0,0,0,0,0.4231,5,1
1275781,The Proof,"The story revolves around a trial of a girl's gruesome murder case, the clandestine consequence of which is the notorious drug trafficking scandal and its cover-up. The trial gets over and the verdict of the court in this significant case is also out but in favour of those who indulged in this heinous crime.The acquitted conspirators were about to celebrate their victory. But the story is replete with many nail-biting twists and turns, when the scenes begin to unfold with another girl getting locked up in her own house by her boyfriend for the reasons unknown and the girl happens to be aware of the crucial truth behind the above-said criminal case. She endeavours to extricate herself from the precarious lockdown like situation she is facing inside her locked room and bring the concealed truth to light. Her heart-rending struggle inside the room without food and water and her efforts to get the much-awaited justice to the victim in the climax form the crux of the movie.",167,"Action, Crime, Thriller",I Radhika,"Sai Dhanshika, Rudhvir Vadhan, Mime Gopi, Ashok Kumar Balakrishnan, Riythvika",Golden Studios (IN),03-05-2024,2024,5,Friday,0,0,0,0,0,0,0,0.4234,0,0
1137661,uyirvarai iniththaai,Two young Tamil immigrants have settled in Denmark but are faced with many different situations where their new Danish lifestyle and their native Tamil culture clash with each other. Now they must try to find their path through these two different cultures.,42,"Comedy, Romance",K.S. Thurai,"Vashanth Sellathurai, Narvini Dery",Unknown,06-11-2015,2015,11,Friday,130,0,0,0,0,0,0,0.489,0,0
1286651,Padikkada Pakkangal,"In Yercaud, a heroine visiting for a shoot clashes with a fake reporter who confesses to blackmailing women. Seeking revenge for her sister's murder, she takes evidence from him, kills him, and delivers it to the police. The evidence implicates many in similar crimes, leading to a government crackdown.",49,Thriller,Selvam Mathappan,"Yashika Anand, Prajin Padmanabhan, George Mariyan, Muthu Kumar, Aadhav Balaji",Smoviepark,17-05-2024,2024,5,Friday,0,0,0,0,0,0,0,0.3875,0,0
536451,Thottam: The Garden,"Tired of his job as a temporary teacher, Prabha decides to resign without his father's knowledge and leaves the estate with his wife, Sumathi. One day, the estate people learn that the developer's company has bought over the estate land for development purposes. Representing the estate people, Prabha's father, Maniam, searches for a lawyer to defend their rights. However, the fight is halted when Maniam passes away. Not willing to see the estate disappear, Prabha returns to continue his father's fight.",81,"Drama, Family",Arangkannal Rajoo,"K. S. Maniam, Singai Jegan, Aghilvarman",Blueye Productions,23-11-2017,2017,11,Thursday,155,0,0,0,0,0,0,0.4021,0,0
914032,Oomai Sennai,"A man who works for a seedy private detective decides to turn over a new leaf, but ends up antagonising the men behind his last assignment, and gets entangled in a web spun by greedy politicians, corrupt cops and ruthless gangsters.",41,"Action, Crime, Thriller",Arjunan Ekalaivan,"Michael Thangadurai, Sanam Shetty, Gajaraj, Jayakumar, Arul D. Shankar",Life Goes On Pictures,10-12-2021,2021,12,Friday,120,0,0,0,0,0,0,0.47,9,1
1097021,Irumban,"Office, who belongs to hunter tribe, falls in love with Jain girl Mahima, whose life ambition is to become Nun. Office's friends kidnap Mahima into sea, to help their friend's Love. The Boat journey becomes adventurous and romantic and later dangerous due to goons with mission to eliminate office and his friends.",52,"Action, Drama",Keera,"Junior MGR, Aishwarya Dutta, Yogi Babu, Sentrayan, Shaji Choudhary",Lemuria Movies,10-03-2023,2023,3,Friday,132,0,0,0,0,0,0,0.4205,7,1
450736,Toilet,"Manual Scavenging is an all India Phenomenon. However, the Government of India is kind enough to enact Prohibition of Employment as Manual Scavengers and their Rehabilitation Act and implementing many schemes. But none of them failed to work as the caste system is paramount in the so called democratic constitutional India. This film Kakkoos elaborates on the deplorable status.",59,Documentary,Divya Bharathi,,Unknown,14-06-2017,2017,6,Wednesday,109,0,0,0,0,0,0,0.3842,0,0
1483184,Placebo,,0,Comedy,Emrys Charukesh,"Saranya Narayanamoorthy, Charan Dasyam, Vijay Vignesh, Kunjan Bhavsar, Kk Rao",Saranya Narayanamoorthy,22-06-2025,2025,6,Sunday,0,83500,0,0.01,0,0,0,0.4892,0,0
991709,7 ¹/²,Yeman and chithra guptham coming earth to take one human soul but unfortunately some chain incidents happen and after that they take human soul or what happened next to them,30,"Comedy, Fantasy",Naveen Venkat,"Finally Bala, Finally Raj, Finally Vanniyarasu, Sriram",Dream Screen Film Factory,31-12-2022,2022,12,Saturday,20,0,0,0,0,0,0,0.4708,0,0
869453,Ashvamithra,"A disillusioned speech therapist entering a child's world to heal her, also finds himself healing in an unpredictable turn of events.",21,Drama,Unknown,"Harish Uthaman, Tareetha ET, Mageswari Arunagiri, Living Smile Vidya",Unknown,31-08-2021,2021,8,Tuesday,0,0,0,0,0,0,0,0.3768,0,0
1499525,Good Day,"Shanthakumar, a textile employee,  humiliated and beaten on his birthday, driven by rage and a need for justice,  decides to throw himself a very different kind of birthday party. Intoxicated and aimless, He embarks on a darkly comic walk through the night towards redemption.",44,"Thriller, Comedy",Aravindhan,"Prithiviraj Ramalingam, Kaali Venkat, Myna Nandhini, Bose Venkat, Bagavathi Perumal",Unknown,27-06-2025,2025,6,Friday,0,0,0,0,0,0,0,0.3952,0,0
1199604,Moothakudi,Villagers protest against the opening of a liquor shop in Moothakudi since alcohol claimed many lives in the 1970s. Will the liquor shop open or will Moothakudi remain a dry village?,31,"Action, Family",Ravi Pargavan,"Tarun Gopi, Prakash Chandra, Anvisha, Raj Kapoor, K R Vijaya",The Sparkland,03-11-2023,2023,11,Friday,0,0,0,0,0,0,0,0.3676,0,0
1312487,Scars of Tomorrow,"Muttrupulliyaa is a Sri Lankan film about four individuals of Tamil descent living in Sri Lanka after the end of the Sri Lankan Civil War in 2009. This is the first film from Sri Lanka to describe this period  The story of Muttrupulliyaa is told through a former female Tamil tiger rebel living in Jaffna with her three children and her husband missing after he surrendered to the Sri Lankan army,[1] a historian living in the Vanni; an environmental activist from Colombo and a young journalist from Chennai who travels to Sri Lanka.",93,Drama,Sherine Xavier,,The Social Architects,18-01-2016,2016,1,Monday,105,20875000,0,2.09,0,0,0,0.5203,0,0
1393146,Paraman,"Paraman is a farmer, and his partner is Sadai. To seize Paraman’s land, Sadai prepares a fake document and uses the police to threaten him. However, Paraman manages to recover the land through the court, experiencing a brief moment of relief. But before he can fully enjoy this peace, the government issues a notice to take over the land for a bypass road. The lawyer discovers that this scheme is connected to the fake document prepared by Sadai. In response, Paraman once again approaches the court to fight this conspiracy.As a result, Paraman’s family loses their home. His son is sent to prison, and his daughter-in-law is forced to leave the house. Paraman and his wife, Kannathaal, are left alone in their small cottage, isolated and in despair. Did Paraman win? Or did the conspiracy win? is the end.",139,"Family, Drama",J. Sabarish,"Supergood Subramani, Vaiyapuri, Pazha Karuppaiah, Hello Kandasamy, Vetrivel Raja",Infinite Pictures [in],29-11-2024,2024,11,Friday,132,0,0,0,0,0,0,0.3162,0,0
1700251,Kaalam 2026,"*Kaalam* is an emotional relationship drama that explores love, misunderstandings, and the emotional distance that grows when communication fails. Through realistic conversations and relatable moments, the film captures the struggles of modern relationships and the impact of timing, emotions, and unspoken feelings.",42,"Drama, Romance",Unknown,"tony, Tharun, Sandhya, Sreeya",skyline studios,22-05-2026,2026,5,Friday,31,41750,25050,0,0,-16700,-40,0.364,0,0
1084130,Kuttram Purinthal,"After a family is killed by mysterious individuals, a man driven by mental anguish takes justice into his own hands. He aims to punish the killers and those who caused them to escape the law.",35,Crime,Disney,"Aadhik babu, Archana, M. S. Bhaskar, Abhinaya, Arul D. Shankar",Amaravathy Film Studios,24-02-2023,2023,2,Friday,115,0,0,0,0,0,0,0.3796,0,0
1477007,En Kadhale,"Helen, a young English woman from London, falls in love with Deena, a fisherman boy from a coastal village in Tamil Nadu. Their love faces many struggles as some people try to separate them.The story follows their emotional journey and the challenges they face for their love. Will their love succeed?",51,Romance,Jayalakshmi,"Lingesh, Katpadi Rajan, Divya Thomas, Leya, Madhusudhan Rao",Skywanders entertainment,09-05-2025,2025,5,Friday,0,0,0,0,0,0,0,0.3596,0,0
1225852,Mangai,"Strangers Aadavan and Mangai, travel together in a car for long hours. The story revolves around the unexpected incidents they are facing due to love and lust.",27,Drama,Gubenthiran Kamatchi,"Anandhi, Dushyanth Jayaprakash, Adithya Kathir, Shivin Ganesan",JSM Pictures  (IN),01-03-2024,2024,3,Friday,118,0,0,0,0,0,0,0.4173,0,0
1275125,Kannethire,"Amudhan, a prisoner,  endeavours to meet his brother after 8 long years wait. However, his plans are interrupted when a gang knows about his arrival.",25,"Drama, Thriller",Vignesh,"Hariessvar, Ansari, Mithran, Sameer, Sri Haran",Quadzen Studios,12-04-2024,2024,4,Friday,29,0,0,0,0,0,0,0.4261,0,0
855138,Sea,"Set in the future on the island of Pulau Ubin, two brothers are forced to evacuate their house and leave behind their childhood as sea levels rise dangerously. The film is a thought-provoking meditation on climate change and how it can affect livelihoods and relationships.",45,Drama,Parthiban Mayalagan,"Panneer Selvam, Jayaram Ramaiya",Unknown,12-06-2018,2018,6,Tuesday,12,0,0,0,0,0,0,0.3872,0,0
1374673,Enthiran Spoof,"DR.VASIGARAN CREATES A ROBOT ""CHITTI"" , AFTER THAT DR.BORA RE-CREATES CHIITTI AS A EVIL ""ROBOT"".",15,Comedy,MURALIDHARAN,"AVINASH, AAKASH",qurantine webseries,27-05-2020,2020,5,Wednesday,24,0,0,0,0,0,0,0.3562,0,0
1005176,Mohammad Saadh,An Art and a Short Film in which the director records his childhood experiences and memories through the mischievous activities of a boy named Mohammad Saadh.,26,Drama,Sheik Althaf Hussain,Mohammad Saadh,Unknown,11-03-2023,2023,3,Saturday,2,0,0,0,0,0,0,0.414,0,0
814790,Mayathirai,"A love failure guy , who is addicted to drugs and incidents that happens in his hallucinations creats an illusion of looping.",22,"Horror, Fantasy, Thriller",T. Sampath Kumar,"Ashok Kumar Balakrishnan, Sheela Rajkumar, Chandhini Tamilarasan, Kadhal Sukumar, Bava Lakshmanan",SSNC Movies,05-08-2022,2022,8,Friday,126,0,0,0,0,0,0,0.4164,0,0
1569960,Magudi,"The official Facebook page describes it as a full-length feature film made by local artists. Actor Komalaa Naaidu, who plays a character named Oviya, promoted the film as an ""exciting film featuring a powerful story and a stellar cast",39,Comedy,Unknown,,Unknown,17-07-2025,2025,7,Thursday,0,0,0,0,0,0,0,0.3408,0,0
1393972,Dappankuthu,"Pandi is a dancer from Madurai who performs folk dances. He and his troupe go to towns around Madurai to perform folk dances. His maternal uncle, Dharmalingam, is a broker who books actors for performances. Dhanam, a native of the same town, decides to go and perform in Pandi's performances. But Dharmalingam opposes Dhanam from joining Pandi's troupe. This leads to a conflict between Pandi and Dharmalingam. e. What is Dhanam 's background? Why Dharmalingam opposed she should not perform dance. The plot is based on these question",88,Drama,R. Muthu veera,"Sankara Pandian, Dheepthi Raj, Kadhal Sukumar, Andrews",Modern Digitech Media LLP,06-12-2024,2024,12,Friday,0,0,0,0,0,0,0,0.4309,0,0
1351919,Grandma,,0,"Horror, Thriller, Mystery",Shijin Lal,"Sonia Agarwal, Vimala Raman, Hemanth Menon, Charmila",Unknown,02-02-2022,2022,2,Wednesday,0,0,0,0,0,0,0,0.3352,0,0
1062399,Project C (Chapter 2),An unemployed youngster gets a job that puts his life in a Topsy Turvy Game.,15,"Crime, Action",VNO,"Sri, Vasudha Krishnamoorthy, Java Sundaresan, Ramjee, Balaji Venkatraman",SHARK FIN STUDIOS,23-12-2022,2022,12,Friday,0,0,0,0,0,0,0,0.3854,0,0
536934,Bodha,"A youngster becomes a gigolo to make his acting dream come true. When his friend offers him a chance to earn crores by stealing money from his client's house, he accepts it and gets into deeper problems.",37,"Comedy, Crime",Suresh G,"Vicky, Mippu Swamy, Shanmugasundaram, Kalloori Vinoth, Raju Easwaran",50/50 Films,20-07-2018,2018,7,Friday,108,0,0,0,0,0,0,0.4046,6.5,1
418283,Rail,"Rail revolves around Sunil, who dies in an accident. Sunil's family gathers for his funeral, but during this time, Sunil's cash bag disappears. Chellama suspects Muthaiya, who lies to Chellama about the cash bag. In the end, Muthaiya has a change of heart because of Sunil's daughter and returns the cash bag to the family.t",55,"Drama, Family",Unknown,,Unknown,21-06-2024,2024,6,Friday,115,0,0,0,0,0,0,0.3731,0,0
1356882,Dhil Raja,"The clash between a middle-class family and wealthy, powerful youths escalates dramatically after an unexpected death. The family, now hunted by the powerful, must go to extreme lengths to protect themselves. With nowhere to turn, the ordinary man finds hope in his admiration for Rajini, revealing that even the powerless can become heroes when pushed to their limits.",58,"Action, Drama",A. Venkatesh,"Vijay Sathya, Sherin Shringar, Vanitha Vijayakumar, Imman Annachi",Golden Eagle Studio's,27-09-2024,2024,9,Friday,0,0,0,0,0,0,0,0.3571,0,0
1638094,TAXILA,"When Earth is obliterated, its shattered fragments and encoded legacy are cast across the stars. Light-years away, a barren world, Taxila, awakens as Earth’s remnants seed it with life, turning humanity’s end into the universe’s next beginning.",37,,Sathish Ramakrishnan,"Sathish Ramakrishnan, S.S RAMAN, Alagumuthu, Jaishree, Rajkumar",RR CREATIONS,10-04-2026,2026,4,Friday,110,9185000,0,0.92,0,0,0,0.3697,0,0
994726,Sembula Cheru,"Sembula Cheru is an experimental hyperlink short film. In a 1990s Tamil Nadu remote village, Guru had to struggle for his love from three robbers, which ultimately does a good thing to a stranger.",34,Drama,Dharshanraj,"Neeshanth, Sunil Karthik, Edwin, Ram, Rajagopal",AVR Productions,30-10-2022,2022,10,Sunday,28,31646.5,0,0,0,0,0,0.4829,10,1
1190348,Nightingales in the Cocoon,"From Dharavi's slums to Navi Mumbai's heights, a couple sheds their past. Two kids find a discarded keyboard, sparking unexpected joy. Amid urban contrasts, they learn that discarded dreams can still sing anew.",33,,Praveen Giri,"Dharshan, Roshan",Unchained Pictures,27-10-2023,2023,10,Friday,5,0,0,0,0,0,0,0.4561,0,0
1258117,Amigo Garage,"Rudra an Adolescent Boy, Who Has Always Been Fascinated by Getting Into Amigo Garage. His Life Further Takes a Turn One Fine Day When He Enters Amigo Garage and Meets Anand. The Movie Further Unravels the Unpleasant Consequences, Twists and Turns in Rudra’s Life.",44,"Action, Thriller",Prasanth Nagarajan,"Mahendran, G. M. Sundar, Athira Raj, Deepa Balu, Dasarathi Narasimhan",People Production House (in),15-03-2024,2024,3,Friday,112,0,0,0,0,0,0,0.396,0,0
1103885,Ellam Mela Irukuruvan Paathuppan,Life of a man changes drastically when he happens to get a powerful device created by the aliens. To take back their creation aliens visit the earth and both of them battle it out.,34,"Science Fiction, Action, Adventure, Comedy",U. Kaviraj,"Aari Arjuna, Shaashvi Bala, Boxer Dheena, Bagavathi Perumal, Rajendran",Rowther Films,26-03-2023,2023,3,Sunday,133,0,0,0,0,0,0,0.3882,0,0
864235,Kombu,"Kombu is a 2020 Indian Tamil-language horror comedy film, written and directed by E Ibrahim. The film features Lollu Sabha Jeeva, Disha Pandey, Pandiarajan, Ganja Karuppu, Swaminathan, Gayathri, Ambani Shankar, and Nellai Shiva.",33,,Unknown,,Unknown,11-12-2020,2020,12,Friday,112,0,0,0,0,0,0,0.3911,0,0
501375,Saranalayam,"Saranalayam is a Tamil movie released on 26 Jan, 2018. The movie is directed by Irasu Jaganathan and featured Ashwin Kumar and Sri Priyanka as lead characters",27,"Thriller, Action, Romance",Irasu Jaganathan,"Ashwin Kumar, Sri Priyanka, Singampuli",GO Productions,26-01-2018,2018,1,Friday,126,0,0,0,0,0,0,0.3848,0,0
1243237,Birthmark,"Set in 1999, Lieutenant Daniel returns home six months after being abducted in a war zone and finds that his six month old pregnant wife, Jennifer suffers from health complications. He decides to take her to a natural birthing village for her delivery. As the event unfolds in the birthing village, they become aware of an impending danger deliberately directed at the baby.",63,"Thriller, Drama",Vikram Shreedharan,"Shabeer Kallarakkal, Mirnaa, Porkodi Senthil, Indirajith, Deepthie Orientelu",Sapiens Entertainment [in],23-02-2024,2024,2,Friday,123,0,0,0,0,0,0,0.5379,0,0
371366,Sevili,,0,"Family, Romance",Ra. Ananth,"Shakeela, Advaitha",MKM Audios,31-01-2016,2016,1,Sunday,0,0,0,0,0,0,0,0.3159,0,0
1169726,Pachai Vilakku,Ashwin Kumar (Maran) is a professor and a PhD holder in road safety. He also works as a part-time traffic warden in tandem with cop Vijay (Imman Annachi) to create road safety awareness.,33,,Maran,"Maran, Dheesha, Imman Annachi, Tara, Roopika",Digithink Media Works,03-01-2020,2020,1,Friday,0,0,0,0,0,0,0,0.4369,0,0
424819,Nunnunarvu,A dentist trainee going to Australia for his exam. He experience unexplained feelings. The story centers around the consequences leading as a result of the unexplained feelings.,27,,Unknown,"Indira, Mathivanan Sakthivel, Dinesh",Unknown,30-09-2016,2016,9,Friday,0,0,0,0,0,0,0,0.3468,0,0
1060041,Estate,"A journalist, along with her colleagues, decides to investigate the Covelone Estate, which is believed to be haunted. What follows is a series of events that puts their lives in danger.",31,"Horror, Thriller",Karthik Vilvakrish,"Kalaiyarasan, Ashok Selvan, Remya Nambeesan, Sunaina, Daniel Annie Pope",Divine Productions,09-12-2022,2022,12,Friday,116,0,0,0,0,0,0,0.3794,4,1
1267253,Aalakaalam,"Jai, a bright college student, lives with his strong-willed mother Yasodha, and has supportive girlfriend Tamizh. Their lives take a tragic turn when Jai, coerced by his fellow students, descends into alcoholism.",32,Drama,Jaya Krishnamoorthy,"Easwari Rao, Jaya Krishnamoorthy, Chandhini Tamilarasan, Tiger Thangadurai, Deepa Shankar",Shree Jai Productions (IN),05-04-2024,2024,4,Friday,136,0,0,0,0,0,0,0.3714,0,0
1421232,Artist,"An aspiring actor battles insecurity and the pressure of delivering a challenging dialogue, ultimately discovering that embracing his true self is the key to unlocking his potential.",27,Drama,Akash Selvaraj,"Rajvi Deeraj Ravindran, Akash Raj Narayanan, Gaurav Suresh, Dhanusha Senthilkumar, Atish H",Filmbro Pictures,23-01-2025,2025,1,Thursday,5,2505,0,0,0,0,0,0.3963,0,0
521858,Veerathevan,"Veera Thevan Tamil Movie Starring Kaushik, Meenalotchani, Karate Gopalan in the lead roles.",13,Drama,Veeran Selvarasu,"Kaushik, Meenalotchani, Karate Gopalan",GS Movies,19-01-2018,2018,1,Friday,0,0,0,0,0,0,0,0.3464,0,0
1705789,Little Hearts: Madness of Love,"A broke, desperate filmmaker fakes a public proposal to chase online fame. It goes viral, turning into real love, real fallout, and a harsh choice feed the algorithm or protect his heart in a world where emotions are content, at any cost",42,"Romance, Comedy, Family, Music",Noyal Laison,"Noyal Laison, Rupesh Viswanathan",Last Take Pictures,22-10-2026,2026,10,Thursday,103,0,0,0,0,0,0,0.3568,0,0
1239753,Aathmika,"Tamil Movie featuring Aanath Nag, Aishwarya and Jeeva Ravi in prominent roles.",12,"Horror, Thriller",Unknown,,Unknown,08-12-2023,2023,12,Friday,94,0,0,0,0,0,0,0.3948,0,0
1177080,En 6 Vaathiyaar Kaalpanthatta Kuzhu,Vathiyar raises his voice against the authorities to change the fate of a good person but ends up sacrificing his life for their future welfare.,25,Drama,S Hari Uthraa,"S.Sharath Kumar, Ayraa, Ganja Karuppu, Sona Heiden, Gajaraj",Unknown,15-09-2023,2023,9,Friday,123,0,0,0,0,0,0,0.3834,0,0
522263,Munthal,,0,Drama,Stunt Jayanth,"Appu Krishna, Muksha, Rajendran, Nizhalgal Ravi",Harvest Moon Motion Pictures,20-04-2018,2018,4,Friday,0,0,0,0,0,0,0,0.3888,0,0
1468864,Alert,"In Chennai, four boys are mysteriously murdered, while several young women die in similar road accidents. A newly appointed female officer begins investigating the cases. During the inquiry, a shocking connection surfaces when the inspector meets the doctor conducting the post-mortems.  What links the murders and accidents? Why is the inspector startled by the doctor? And who is behind these deaths—and why?",62,"Crime, Thriller",Ravi Subramaniam,"Inigo Prabhakaran, Aishwarya Dutta, Sekar seetharaman, Vinodh Munna, Suzane George",Unknown,23-05-2025,2025,5,Friday,120,0,0,0,0,0,0,0.3997,0,0
1155082,Oongi Adicha Ondra Ton Weightu Da,"The nimalan who is arrested by police for serial killing, he disagrees that he never committed any crime. The story unfolds the crimes happened in the city, who is the real killer? Why he does?",35,"Crime, Drama",Siva G,"Siva G, Himasree",Arthanareeswara media works (IN),25-08-2023,2023,8,Friday,0,0,0,0,0,0,0,0.319,0,0
1372774,Back To School,Kabir a man who came to Revisit his old school to meet his friend Varma .after he went  to  the  school he got re - life of his school life .,31,"Action, Science Fiction",AAKASH,"ROHITKUMAR, AVINASH, YESHWANTH VISHAL, PRAGADISH, DK VIGNESH",VELLORE FILM INDUSTRY,08-12-2019,2019,12,Sunday,5,0,0,0,0,0,0,0.3562,9,1
1539028,Strangers,"A conversation between a stranger and a bystander unfolds in a bustling Chennai train, past and present collide, and actions ripple through lives.",23,Drama,Praveen Chezhian,"Paul Akhil, Ramya MV, Joe Ann Julia, Larissa Rayappa, Rajan Joel",Avant Dreams,15-08-2024,2024,8,Thursday,8,0,0,0,0,0,0,0.3282,0,0
1726517,Makkale Chumma Okaarunge,This is the story of a regular guy who often locks horns with his father because of their differing views in life.,22,,K. Kavi Nanthan,,Unknown,14-11-2020,2020,11,Saturday,80,0,0,0,0,0,0,0.4233,0,0
1402096,Kuzhanthaigal Munnetra Kazhagam,"Aathimoolam ,a politician, battles rival Chanakya, guided by his ambitious son Pallavan. Pallavan befriends Alexander, his half-brother, in a comical clash of school politics leading to national politics.",28,,Shankar Dayal.N,"Yogi Babu, Senthil, Subbu Panchu, Imaya Varman, Advaith Jai Masthan",Meenakshi Amman Movies,24-01-2025,2025,1,Friday,0,0,0,0,0,0,0,0.486,0,0
1554304,Francis: Chapter 1,"Francis' father raises his voice for an important issue and ends up being killed by those involved in the issue. In this situation, Francis keeps himself away from everything, thinking that his sister's life is more important than avenging the people who killed his father. One day, his sister's husband gets into trouble with the gang. To save him, Francis turns into a complete beast and takes revenge on all those who caused his father's death.",76,Action,Infant raj,"Infant raj, Prathyangira Rose, Umar Khan, Aarudhran, Prem Kumar",White Town Films,25-12-2025,2025,12,Thursday,100,1419500,0,0.14,0,0,0,0.4515,0,0
1109009,Ripupbury,"Sathyaraj falls in love with Kayal, from different caste than his and becomes target of a caste fanatic ghost. Sathyaraj with his two friends encounter the ghost and are tasked with trapping it using a monkey toy imbued with the spirit of a dead police dog.",46,"Comedy, Horror",Na. Arun Karthik,"Mahendran, Arati Podi, Kaavya Arivumani, Srrini, Noble K. James",AK The Talesman,14-04-2023,2023,4,Friday,142,0,0,0,0,0,0,0.3992,0,0
881193,Roommate,"When Santhosh learns that his ex-girlfriend is getting married, he decides to get a reprisal by pushing an escort Saranya into a locked newly built space called Manhattan. Will she survive without water, food and electricity?",36,,Unknown,,Unknown,01-09-2021,2021,9,Wednesday,0,0,0,0,0,0,0,0.3615,10,1
1473098,Yaman Kattalai,"Guru Commits Suicide Because Guru Steals the Jewels of Kamali, Who is About to Get Married, and Tries to Commit Suicide Because She is in This Situation Because of Him. In Emalok Yaman Asks Him to Give Him Life Again and Ask Him to Marry Kamali and Eventually Guru Himself Marries Kamali.",52,"Comedy, Romance, Drama",S. Rajasekar,"Anbu Mayilsamy, Chandhrika Revathi, Charle, Sundarrajan, Nalini",Shellammal Movie Makers,09-05-2025,2025,5,Friday,0,0,0,0,0,0,0,0.5589,0,0
1277333,Travel La Oru Kadhal,"Love is same for everyone. But everyone's love experiences are different, so many different love story films have been released in Tamil. In that way, 'Zhagaram' director Krish has made an official announcement about his next film",37,"Romance, Drama",Krish,"Lee, Nivetha, Vaikom Vijayalakshmi",Desanthiri Productions,19-04-2024,2024,4,Friday,117,0,0,0,0,0,0,0.3752,0,0
596420,Spot,The movie starts with a chase sequence. A girl is being chased by a bunch of goons as assigned by a dreaded politician. Four boys come to her rescue and she is taken away by them in a car. She falls in love with one of the boys. What happens from there is the rest of the movie.,58,,Unknown,,Unknown,08-03-2019,2019,3,Friday,119,0,0,0,0,0,0,0.3783,0,0
1197605,Ra Ra Sarasukku Ra Ra,"The story tells the story of three women caught up in a random murder and their struggles to escape. The scenes are exciting and comedic. The problems caused by the prevailing callboy culture are told with humor. It will be a story full of crime, action and horror, full of thrilling action and clichéd incidents. After seeing the chats and free scenes of the young men and women in the ladies hostel in the film, the Chennai Zonal Officer said that he could not give a censor certificate to this film, so we went to the Mumbai Revising Committee and bought an A certificate with cuts",106,"Romance, Comedy",Keshav Depur,"Karthik Pamidimukkala, Kalloori Vinoth, Gayatri Patel, Vishweshwar Akula, Deepika Paul",Sky Wanders Entertainment,03-11-2023,2023,11,Friday,115,0,0,0,0,0,0,0.3968,0,0
782286,Magizhvan,"The tale of two gay lovers, caught in a situation where coming out (about their relationship) seems to be the only way out. The biggest issue – they belong to different religions and come from ‘orthodox’, middle class families. The movie realistically journeys through their lives post this decision, emphasising on the need for confidence, perseverance and limitless love in such relationships.",62,,Mani Shankar Iyer,,Unknown,26-07-2015,2015,7,Sunday,56,0,0,0,0,0,0,0.3852,0,0
1011736,Padam - The Film,Three sets of college students react to a pending film assignment,11,"Comedy, Drama",Adithya Muthukumar,"Shreyas Subramanian, D Sachin Abhishek, Lokesh Adithya, Santhosh SK, Amirdha A",Film Fanatic Lot,19-08-2022,2022,8,Friday,10,5761.5,35070,0,0,29308.5,508.7,0.3391,0,0
1274124,Rooban,"The hero and his wife live in a village lying within a dense forest.Since they are childless several years after their marriage, the village considers them unfortunate and avoids inviting them to any occasions.One day, the hero finds an orphaned baby; he decides to raise him up and brings him home. At the same time, a tiger enters the village. Since the arrival of the baby coincides with that of the tiger, the people get enraged and blame the couple for bringing bad luck to the village.The normalcy of the village is affected.Forest officers enter the village and impose restrictions on the villagers in order to catch the tiger.Some of the villagers who have vowed pilgrimage to Lord Ayyappan await to begin their journey to the temple.The forest officers forbid them from getting out of the village until the tiger is caught.This causes the villagers to become even more furious on the orphaned child.Were the officers successful in catching the tiger?Did the devotees make it to the temple?",168,,Ayyappan Subramani,"Vijay Prasath, Gayatri Rema, Charle, KPY Ramar, Karur Elang Karthikeyan",AKR Future Films,20-04-2024,2024,4,Saturday,0,0,0,0,0,0,0,0.2882,0,0
1597781,Pechi,"A polio-stricken shepherd, Mariyappan, learns of his mother’s death and undertakes a harsh journey home with only a goat for support. Blocked by caste discrimination and crushed by poverty, he pushes through heat and humiliation",35,Drama,Abilash Selvamani,"Rajamuthu, PECHI MUTHUPANDIAN, Jawahar Sakthi",Vijay Sethupathi Productions,12-12-2025,2025,12,Friday,29,0,0,0,0,0,0,0.4529,0,0
1457187,The First Puff,Each and Every puff matters,5,"Adventure, Drama",Gopi Krishnan Dev,"Gopi Krishnan Dev, Santhosh P, Kaushik K, Joseph Rex Young, Emayan",Unknown,05-03-2025,2025,3,Wednesday,8,167,7765.5,0,0,7598.5,4550,0.3542,0,0
374627,Naalu Peru Naalu Vithama Pesuvanga,Naalu Peru Naalu Vidhama Pesuvanga is an upcoming 2016 Tamil movie directed by L. Madhavan. It stars Indrajith and Devika in lead roles.,23,"Romance, Comedy, Drama",L. Madhavan,"Indrajith, Devika Madhavan, Singamuthu, Swaminathan",Sree Krishna Talkies,01-01-2016,2016,1,Friday,0,0,0,0,0,0,0,0.3771,0,0
804419,First Vacation,A migrant worker stays in a hotel for the first time in his life - except it isn’t really a vacation for him.,23,Drama,Amelia Tan Meiya,"Dennis Thomas, James Ng Jun Yaik",Little Red Ants Creative Studio,15-11-2020,2020,11,Sunday,13,0,0,0,0,0,0,0.3735,0,0
1643764,Kurangu Kaila Poo Maalai,"The film revolves around Kavitha as she tries to defame the name of a luxurious businessman, who was accused of harassing a woman. After the businessman learns about Kavitha's intentions he decides to play it along, only to get her into trouble.",42,Drama,Unknown,Risha,Unknown,08-01-2016,2016,1,Friday,0,0,0,0,0,0,0,0.3482,0,0
1607699,Metro Kadhal,"A boy and a girl meet unexpectedly in metro, going forward unknowingly they develop feelings for each other, how will their inner self make them realise they are in love, will they confess their feelings.",35,"Romance, Drama",Elangovan Selvaraj,"Bhuvaneshwari, Shyam Rk, Prem Kumar, Harinee",Kalyani E Enterprises,01-11-2025,2025,11,Saturday,45,0,0,0,0,0,0,0.3662,0,0
1571507,Therincha Kadhalinga,"Karthi falls in love with a village girl named Pechi,and brings her to Chennai. Karthi suspects Pechi of having illicit relationship with his friends. Pechi does not like Karhik""s suspecting character,as a result she returns to her village and marries Surender.",41,"Romance, Drama",Gajendran Mayandithevar,"Kiran T Joseph, Vipin Aruchamy, Shadulpran Shaji, Ajanya Ramachandran",Agri Land Films,13-02-2026,2026,2,Friday,132,0,0,0,0,0,0,0.315,0,0
1726516,Kanmani Anbodu Kathalan,"Kanmani Anbodu Kathalan is an 2020 Malaysian TV movie that the story revolves around Kathalan, an oversized and lovable guy who always keep his surroundings joyful. Meanwhile, Kanmani is also someone who's avoiding marriage due to some mysterious reason. Their first meet somehow led to a second meet-up, that's when things revealed about Kanmani.",54,,K. Kavi Nanthan,,Unknown,14-04-2020,2020,4,Tuesday,79,0,0,0,0,0,0,0.4182,0,0
1320909,Pitha 23:23,The story is about how a deaf and mute ten-year-old boy rescues a kidnapped business tycoon and his older sister in a festival crowd.,24,"Crime, Thriller",S. Sugan Kumar,"Aadesh Bala, Anu Krishna, Java Sundaresan, Sri Ram Chandarasekar, Arulmani",Unknown,26-07-2024,2024,7,Friday,93,0,0,0,0,0,0,0.3512,0,0
1561399,EMPTY BAG,"A rich man, driven by greed, kidnaps a poor boy from his home. After two days, the boy wakes to find his sexual organ has been stolen.",27,Thriller,JEYA GOKUL RAJA,JEYA GOKUL RAJA,READY TAKE ACTION,02-10-2025,2025,10,Thursday,7,0,0,0,0,0,0,0.282,0,0
1156615,The Flame,"In 1965, an Indian family, whose men have been loyal servants of the British Royal Air Force, are faced with a life-changing offer of British citizenship as a reward for their years of service. The anglophone father is determined to follow his colonial masters back to England, while his newly-wed son yearns to build a new life in Singapore with his pregnant wife. Their conflict studies the notion of state and identity in a time of post-independence uncertainty.",78,Drama,K. Rajagopal,"T. Sasitharan, Nithiyia Rao, N. Vighnesh, Fatin Amira",Akanga Film Asia,24-07-2015,2015,7,Friday,15,0,0,0,0,0,0,0.3559,0,0
1579773,The Final Seconds,What if every moment in life came with a second chance?,11,"Thriller, Mystery",Rathina Vel Manickam,Mohamed Musthakem,Unknown,30-06-2022,2022,6,Thursday,2,0,0,0,0,0,0,0.3589,0,0
921130,Ainthu Unarvugal,,0,Drama,Gnana Rajasekaran,"Shreya Anchan, Sujitha, Sriranjini, Sathyapriya",Unknown,26-11-2021,2021,11,Friday,106,0,0,0,0,0,0,0.3734,0,0
1654365,Sweet Rogue Killer,"After destroying the Forelli empire, SRK discovers that the last surviving Forelli bloodline is secretly rebuilding its power through corruption and political influence. As a dangerous conspiracy threatens the township once again, SRK launches a final mission to expose the truth, eliminate the heir, and end the Forelli legacy forever.",50,"Action, Crime, Comedy, Mystery",Karthick Ravichandran,"Karthick Ravichandran, Pranav Kumar, Dinesh R K, Akash G, Dhushyanth A",Blue Phoenix Studios,19-07-2026,2026,7,Sunday,40,4425.5,0,0,0,0,0,0.3662,0,0
939932,Sandikuthirai,Few unlawful men threaten to destroy the lives of young students involved in an intimate photograph which later turns into a murder.,22,"Drama, Thriller, Comedy",Anbumathi,"Rajkamal, Manasa Radhakrishnan, Ganja Karuppu, Bonda Mani, Delhi Ganesh",Unknown,05-08-2016,2016,8,Friday,126,0,0,0,0,0,0,0.4366,0,0
1005781,Polama Oorgoolam,This movie is inspired by a real-life incident that happened in North Chennai. A veteran football player embarks on a journey to fulfill the desire and dream of his ladylove. The film narrates his experience of his journey comprising many interesting events he encounters on his journey. This journey is filled with some unexpected twists and surprises along with the racy football game moments that will keep the viewers engrossed throughout.,71,Drama,Nagaraj Bai Durailingam,"Praboojith, Aadhirajan",Unknown,23-06-2022,2022,6,Thursday,131,0,0,0,0,0,0,0.3782,7,1
1257293,Unarvugal Thodarkadhai,"Karthik who had multiple relationships in his life goes through a breakup and impulsively marries Priya, who has never had a relationship. Will this marriage lead to eternal love between them?",31,"Romance, Drama",Balu Sharma,"Hrishikesh, Sherlin Seth, Saathvika Raj, Sriranjini, Padmaja Lanka",Super Talkies,08-03-2024,2024,3,Friday,111,0,0,0,0,0,0,0.3642,0,0
947897,Raaja Live in Concert Expo 2020 Dubai,"Shri. Ilaiyaraaja is an Indian film industry conductor, arranger, lyricist, and singer. Also widely regarded as one of the greatest Indian composers, he's often credited for introducing Western musical sensibilities into the Indian film musical mainstream.",36,Music,Unknown,"Ilaiyaraaja, S.P.B. Charan, Mano, Karthik, Madhu Balakrishnan",Expo 2020 Dubai,05-03-2022,2022,3,Saturday,180,0,0,0,0,0,0,0.3709,0,0
1085182,Sethaan Da Sekar'uh,This story revolves around a group of short film makers whom get in trouble when caught by a gangster.,19,"Action, Crime, Comedy",Vignesh,"Hari Narayanan Suresh, Yuvaraj Mohan, Vignesh, Mithran, Hariessvar",Vignesh Pictures,28-02-2022,2022,2,Monday,16,0,0,0,0,0,0,0.3432,0,0
1137178,Kabadi Bro,"A kabadi champion, who breaks any rule to win anything in life crosses line with a police officer,who bends any rule to catch a criminal.",25,,Sathish Jayaraman,"Sujann Chandru, Priya Laal, Singampuli, Manobala, Shanmugasundaram",Anjhana Cinemas,23-06-2023,2023,6,Friday,122,0,0,0,0,0,0,0.3736,0,0
1204932,Va Varalam Va,"To live a luxury life hero and his friend Kidnap 40 Innocent Children,Will they succeed in leading a wealthy life or not is the content",25,"Comedy, Thriller, Drama",Suresh Babu .R,"Balaji Murugadoss, Mahana Sanjeevi, Redin Kingsley, Gayatri Rema, Mime Gopi",S.G.S creative media [in],01-12-2023,2023,12,Friday,0,0,0,0,0,0,0,0.3602,0,0
372647,Ilakku,"A top cop (Madhusudhanan) with the help of a special team tries to arrest Veerappan (Navin) who is hiding in the forest. During the process, he kills a spy and therefore he is removed from the operation. He is moved into Police Training Academy.",44,"Action, Drama",B. Madhusudhan Reddy,"B. Madhusudhan Reddy, Devi",Unknown,17-11-2015,2015,11,Tuesday,103,0,0,0,0,0,0,0.3397,1,1
855163,Stitches,"Thaiyal revolves around the difficult life of a single mother and her son. With the very little that she has, she helps him the most that she can.",28,Drama,Laavania Krishna,"Lucas Ashwin Clamence, Kalaiyarasi Kulamdavelu, Tharmeswaran Ravindran, Kessler J. Surendran, Gunaseelen",Unknown,29-11-2017,2017,11,Wednesday,10,0,0,0,0,0,0,0.2867,0,0
1188355,Pudhu Vedham,"A divorced lady and her son sing songs and beg to make money. Once, Raja asks to marry her on the condition that she leaves her son behind. She agrees and Arumgam, the son, grows up as an orphan. What will happen when a girl he likes gets pregnant with someone else's child?",53,Drama,Rasavikram,"J Vignesh, Ramesh Thilaganathan, Varunika, Imman Annachi, Scissor Manogar",Vital Moviescast [IN],13-10-2023,2023,10,Friday,0,0,0,0,0,0,0,0.3523,0,0
1483125,Myyal,"Maddasamy, a village thief, accidentally encounters Alli, an outcast tribal girl. Their love transcends societal barriers as they aspire for a better life amidst adversity. However, fate intervenes, separating them until an unexpected twist reunites them beyond mortal realms.",39,,APG Elumalai,"Sethu, Samriddhi Tara, P.L. Thenappan, Supergood Subramani, C.M. Bala",Iconcinecreations LLP,23-05-2025,2025,5,Friday,0,0,0,0,0,0,0,0.3366,0,0
738871,Praaptham,Tamil Arasan son of Pandiyan who takes revenge on Aadhi son of Iisan. Who was the only reason for Pandiyan's death.,21,Drama,Dani,"Jk, Rambabu, Abhishek, Nagarathinam",Unknown,19-04-2020,2020,4,Sunday,21,0,0,0,0,0,0,0.3323,0,0
1100945,Siruvan Samuel,A boy in a village in southern Tamil Nadu hopes to get a cricket bat by collecting trump cards. How does this obsession impact his life and that of those around him?,32,"Family, Drama",Sadhu Burlington,"Ajidhan Thavasimuthu, Vishnu K G, Mersin, Aparna",Countryside Films,12-05-2023,2023,5,Friday,90,0,0,0,0,0,0,0.3529,0,0
848549,The Mirage of Dragonfly,"Anbu a young writer deals with his own problems. Lack of external support and making himself socially isolated he gets into a mental illness which he can’t deal with anymore. Being avoided by his close friend and getting hurt by an extramarital affair, he takes an important decision to save him.",51,Drama,Rathesh Kowsalya,"ShreeRaj, Aarthi, Ajith Vignesh",Unknown,11-12-2020,2020,12,Friday,90,0,0,0,0,0,0,0.3434,0,0
1432647,Un Aasai Mugam,‘Un Aasai Mugam’ is an independent and crowd funded Tamil feature fılm shot over 90 days - in the live and buzzing public spaces of Chennai and its suburbs.,29,Drama,Unknown,,Unknown,07-02-2025,2025,2,Friday,56,0,0,0,0,0,0,0.3001,0,0
1740942,Photographer,"Photographer follows Veera, a troubled and obsessive photographer determined to prove his worth in a world that has long dismissed him. Driven by ambition and haunted by a painful past, he ventures deep into Mathikettan Solai, a mysterious reserve forest, to capture a rare and elusive natural phenomenon that could change his life forever.",54,"Fantasy, Mystery, Thriller",Ashraf A,"Ashraf A, Janani Samathanam, Karunakaran, Devi Mahesh, Aadukalam Naren",ABS Entertainments,07-08-2026,2026,8,Friday,0,0,0,0,0,0,0,0.285,0,0
1538926,Dalit Subbaiah: Voice of the Rebels,"Dalit Subbaiah, directed by Giridharan MKP and produced by Yaazhi Films in collaboration with Pa. Ranjith's Neelam Productions, won the Best Longform Documentary Award at the 17th International Documentary and Short Film Festival of Kerala (IDSFFK). The film traces Subbaiah's life and struggles, celebrating his legacy in revolutionary music and activism",51,Documentary,MKP Gridaran,"Pa. Ranjith, Arivu, Dalit Subbaiah, Manoj Leonel Jahson",Yaazhi Films,17-09-2025,2025,9,Wednesday,89,584500,0,0.06,0,0,0,0.3467,0,0
1467593,NISAPTHAM,"Two brothers KARNAN and VISHNU try to listen to the voice of their mother, who died when they were children, their attempt ends in an unexpected event.",27,"Drama, Family",SAKTHIVIGNESH N,"JEYA GOKUL RAJA, SAKTHIVIGNESH N, PRAVEEN R",READY TAKE ACTION,17-10-2024,2024,10,Thursday,21,2004,0,0,0,0,0,0.3387,0,0
886020,EVANESCENCE,Evanescence is 2021 Sci-fi Fantasy Drama Short Film which is Written and Directed by L.S.MADHESH.,15,"Science Fiction, Fantasy, Drama",L.S. MADHESH,"L.S. MADHESH, R.JOSEPH, Krishna Singh, Sai Theja",Unknown,15-10-2021,2021,10,Friday,30,167,0,0,0,0,0,0.4325,0,0
1220568,Ini Oru Kadhal Seivom,Ini oru kadhal seivom is a love story that deals with the perception and ideology of a young man owing to his understanding about relationship in general and how his ideology changes with his love experience forms the crux of the story.,42,"Romance, Comedy",S. Hariharan,"Ajay Balakrishna, Suveta Shrimpton, KPY Thidiyan, Manu Parthiban, Vignesh Shanmugam",Epic Theatres,07-06-2024,2024,6,Friday,0,0,0,0,0,0,0,0.3188,0,0
1191434,Rambai Sonna Kadhai,Ruben is stuck in the complexities of his own mind. His aversion - his decisions - it's impact,18,Drama,Diwakar Vijayakumar,"Uvais Khan, Dharshini, Nijo, Padmapriya Vijayakumar",Kathaikaaran,25-01-2024,2024,1,Thursday,15,11690,0,0,0,0,0,0.4004,0,0
1053930,Valentine @3,"An anthology of stories following three gay men in different stages of their journey through life and love. The first story narrates a teenager’s feelings towards his school and college crush, and his mother’s understanding of his sexuality. The second story deals with two gay men deciding to get married in an unexpected context. The third story will follow a conversation between a cab driver and his passenger.",68,,Mani Shankar Iyer,"Shylaja Chetlur, Shriviyas, Rajkumar, Mohan Kumar Mallika, Pradeep K Vijayan",Unknown,13-11-2022,2022,11,Sunday,112,0,0,0,0,0,0,0.353,0,0
1034553,Aramudaitha Kombu,"Lingadurai Ayya is a Kind hearted person in the village Vaeliyur , He spent all his money and wealth for the people and helping villagers and needy people. Some of Transgenders find an youngman Kumaresan who fell unconscious on the village road to Lingadurai Ayya’s house . Lingadurai taking care of him and offers shelter food . Murugavel is a caste leader didn’t likes Kumaresan and sees him as an enemy, then giving lot of troubles to Kumaresan. One day when Kumaresan is out of village, Murugavel started a caste organization and created riots between castes.. In this struggles Kumaresan’s Pet cattle Appu slashed there after Kumaresan commits suicide and died.",111,Drama,Jackson Raj,"A.K Anand, Jesi Rathnavathy",US FRUITS THANGADURAI,28-07-2023,2023,7,Friday,127,0,0,0,0,0,0,0.3285,0,0
415100,Chocobar,"Horror, Drama",2,,Unknown,,Unknown,26-08-2016,2016,8,Friday,0,0,0,0,0,0,0,0.3282,0,0
1593718,Tapes Of Kannimedu,"When Arjun, a whistleblowing journalist exiled to work as a radio jockey in an isolated town, discovers a serial killer is on the loose, he becomes the police’s only stand-in while the remaining officers leave to bring backup—forcing him to confront a buried 20-year-old truth as the night unfolds.",49,"Thriller, Mystery, Crime",Nikil Sharan Devarakonda,"Ram, Vaishnavi Chellapandi, Hari, Nithya Venkat, Akshaya S Iyer",Trust Me Productions,19-07-2025,2025,7,Saturday,35,0,0,0,0,0,0,0.375,0,1
1485655,Restart Restart,Due to a tragic accident protagonist loses his best friend and ends up with hallucinating his dead friend due to un Acceptance and guilt of blaming himself for his death. When protagonist tries to restart his life his hallucinating friend becomes a alter ego takes control of him and make sure that he exists by making protoganist like a puppet,60,Thriller,Amarnaath,"Amarnaath, Azurudeen, Keerthana gopa, Keerthiraman",SG Productions,07-03-2025,2025,3,Friday,45,12525,0,0,0,0,0,0.3957,10,1
1248209,Sathamindri Mutham Tha,"This is a mystery thriller involving the hero, a killer for hire and the heroine. The heroine is involved in a hit and run case and is rescued by the hero. She becomes amnesiac and he takes her home and keeps her with him. Her husband lodges a complaint with the police that his wife is missing. There is a vengeful Inspector of police who wants to kill the hero he being a killer. This then becomes a story of conflict and entanglement between the characters. What happens to the hero, the heroine who suffers in amnesia, her husband and the policeman gets resolved in the climax.",107,"Romance, Thriller",Rajdev,"Srikanth, Priyanka Thimmesh, Hareesh Peradi, Viaan Mangalaserry, Niharika Patro",Celebright Productions (IN),01-03-2024,2024,3,Friday,0,0,0,0,0,0,0,0.3431,0,0
1124628,Rider Rukmani,"Rider Rukmani , a solo Woman rider on her way back home from her long scheduled trip has a phone conversation with her dad , who talks to her about how much he enjoyed watching the film “Kadaisi Vivasayi“.",39,Drama,Guhan,"Jesey Rukkmani, Kavitha Ravi",Unknown,09-05-2023,2023,5,Tuesday,23,0,0,0,0,0,0,0.3132,0,0
1365528,Tractor,A tribal village farmer who is living self-sufficiently has lost his peace due to recent social developments and private-sector scams.,20,Drama,Ramesh Yanthra,"Prabhakaran Jayaraman, Sweetha Pradhap, Jayalakshmi Pillaiyarpatti, Gowardhan Sathya",Yanthra Studio,17-12-2024,2024,12,Tuesday,109,0,0,0,0,0,0,0.2955,0,0
1498740,Jillu,"A trans woman coerced into sex work from a young age longs for dignity and a peaceful life. Her path is marked by systemic violence, police brutality, societal stigma, and romantic betrayal. Featuring real trans women in lead roles, the film presents a raw and compassionate portrait of resilience and the ongoing struggle for justice and recognition.",57,Drama,Divya Bharathi,"Dharini, Sudha, Revathy, Lakshaya, Shallu",Sunhall Media Private Limited,29-09-2024,2024,9,Sunday,0,0,0,0,0,0,0,0.3735,0,0
1115656,Password,An IT employee is kidnapped to a secluded room and his legs are locked in an immovable chair. Along him in the room is a dead body and a laptop with an internet connection.,34,Thriller,Kannan,,K Studios,10-11-2020,2020,11,Tuesday,86,0,0,0,0,0,0,0.3339,0,0
1140564,Bell,"A blind man, who is also the descendant of an ancient saint, tries to safeguard the medicinal secrets of nature from a greedy-yet-influential physician. To what extent will he go to protect it?",33,"Mystery, Thriller",R. Vengat Bhuvan,"Guru Somasundaram, Nithish Veera, Sridhar, Swetha Dorathy, Jack Arunachalam",Brogan Movies,09-06-2023,2023,6,Friday,112,0,0,0,0,0,0,0.3565,0,0
885969,Dopamine : A reason For Addiction,Dopamine is Film based on Addiction,6,Drama,L.S. MADHESH,L.S. MADHESH,Unknown,25-09-2020,2020,9,Friday,5,0,0,0,0,0,0,0.3677,0,0
1501962,Unn Kangalin Vattathil Naan,"Short play on when a couple grows too comfortable with each other, difficult questions begin to surface, echoing between the present and the future. But will they ever find the answer to the ultimate question: What is love?",38,"Romance, Drama, Music, Mystery",Ezhil Arasu M A,"Muthalagi, Mithun",Crispcat2160p,16-09-2025,2025,9,Tuesday,12,0,0,0,0,0,0,0.2792,0,0
573346,Uzhaikkum Paadhai,"Kaadhal Paadhai is a romance-cum-road movie, but the best parts are neither the romance nor the road trip.",18,Romance,Unknown,,Unknown,01-01-2018,2018,1,Monday,130,0,0,0,0,0,0,0.3223,0,0
1452794,Baby & Baby,Two couples traveling to introduce their newborns to grandparents accidentally switch babies along the way.,15,Comedy,Unknown,,Unknown,14-02-2025,2025,2,Friday,2,0,0,0,0,0,0,0.3837,0,0
1446442,Blue Night,"Fate, sometimes coincidence, makes love bloom in Unexpected ways!..",9,Drama,S.P.Bhaskaran,"Praveen Kumar, Mohammed Jasir",Unknown,11-03-2021,2021,3,Thursday,6,0,0,0,0,0,0,0.3594,0,0
1225033,Route No 17,"Set in three different time periods between 1990 and 2020, ""Route No 17"" unfolds a revenge thriller narrative as trespassers venture into the closed-off path, only to face a fate shrouded in mystery.",33,,Unknown,,Unknown,29-12-2023,2023,12,Friday,0,0,0,0,0,0,0,0.3432,0,0
1620037,Joe's Cafe,A breezy tale of love!,5,"Animation, Romance, Drama",Joel Reubenraj,"Charles Kanakaraj, Joel Reubenraj",CJRR Studios,03-12-2025,2025,12,Wednesday,25,0,0,0,0,0,0,0.3315,0,0
1198674,Jenni,A 9 years boy gets a traditional wooden toy of a female figure from the site where the digging works are going on. Chandru keeps the toy in his room against the protest of his parents.,36,,B.Nithianandam,,Unknown,01-05-2023,2023,5,Monday,97,0,0,0,0,0,0,0.3117,0,0
1223603,Eppura,Eppura is a Tamil movie based on six stories.It takes place in one night in Puducherry .A movie called 'Eppura' has been made by hyperlinking the story with dark comedy.,30,Comedy,AR Raajesh,"Vijay Murugan, Pradeep Selvaraj, Kartikshiva, Kalai kaviyarasan, Nathoshiya Saint Julien",White Town Films,29-03-2024,2024,3,Friday,0,0,0,0,0,0,0,0.2853,0,0
1213811,Aayiram Porkaasugal,"When two men accidentally come across a thousand gold coins, their lives change forever and so do the lives of those around them.",23,"Comedy, Romance, Drama",Ravi Murukaya,"Vidharth, Arundhathi Nair, Saravanan, George Mariyan",Unknown,22-12-2023,2023,12,Friday,125,0,0,0,0,0,0,0.3323,7.5,6
1511535,UNAKKU PIDITHA ENNAI,"Rajan and Rachel were teenage lovers — wild, intense, and heartbreakingly toxic.  What started as love quickly turned into something destructive, leaving behind wounds that time couldn’t fully heal.  Years later, Rachel returns to Chennai. Unexpected. Unannounced.  Rajan, weighed down by life and memories, is no longer the boy she knew. He’s stuck — numb, lost, and living in the shadows of what was.  She hasn’t come to fix the past.  But her presence brings it all back — every word, every silence.  And with it, a quiet, aching question:  “If we met now… softer, older, quieter… would you still choose me?”  ‘Unnaku Piditha Ennai’ is a tender heartbreak story about the kind of love that arrives too early…  and the unspoken longing that remains long after it’s gone.",129,Romance,RAJINIKANTH SK,"Santhoshini, Kowshik kabilan, Venice dhas, Cristyy",SEGAPPU THOPPI,10-07-2025,2025,7,Thursday,40,4175,835,0,0,-3340,-80,0.5433,0,0
970196,The confession of a motor,A motor narrates the events and a murder that happened in its room with its own innocent perception of the world. The film also explores about the duality/double standards of men.,31,"Mystery, Drama, Animation",Geethan gunaratnam,"Geethan gunaratnam, V. R. Amirtha raj, Muthu sudar, Nivetha",Nostalgia pictures,18-09-2021,2021,9,Saturday,16,1670,835,0,0,-835,-50,0.3963,0,0
1115217,Chaaya Maaya,Two old acquaintances run into each other in a coffee shop and are forced into having  a conversation.,18,Romance,Suvetha Gunasekaran,"Sanjoey, Ishu",Unknown,04-07-2022,2022,7,Monday,10,8350,0,0,0,0,0,0.2916,10,1
1457217,nee vekkam kori,A girl who wants to dance,6,Music,Gopi Krishnan Dev,Lasya,Unknown,31-03-2025,2025,3,Monday,2,0,0,0,0,0,0,0.3579,0,0
1719774,Suitcased,"When a struggling student discovers his late father left him a locked pendrive containing a massive fortune in Bitcoin, he and his friends must crack a highly secure password with only one attempt remaining—unknowingly holding the key to a long-buried family secret.",42,"Drama, Comedy, Family",Bharath Rikkesh,"Krishanth, Varun, Yogesh SD",4FS,25-06-2026,2026,6,Thursday,7,0,0,0,0,0,0,0.2891,0,0
1234471,Navayuga Kannagi,"Daughter who chose the path of revenge on her father after her marriage to honor her past love, which was shattered by religious and caste diversities, Where the husband becomes victim between father's love and daughter's revenge...",37,,Unknown,,Unknown,24-12-2024,2024,12,Tuesday,0,0,0,0,0,0,0,0.345,0,0
644271,2 Glasses of Milk,Two writers. Two ideologies. One meeting.,6,Drama,Thiyagesh Ramalingam,"Maathevan, Ismail",Unknown,04-01-2019,2019,1,Friday,15,0,0,0,0,0,0,0.3144,0,0
1279019,Ingu Mirugangal VaazhumIdam,"John works in Security Guard Office and is raising his only daughter, Jenny, as a Mother and Father. Genie, who has an inordinate affection for her father, looks after John like a mother. Her boyfriend Madam takes Jeni alone and rapes and murders her along with his friends. John takes revenge on his daughter's murderer and eventually goes insane",59,"Crime, Thriller",S. Sasikumar,"Fine John, Sreedevi Unnikrishnan",Finejohn Pictures,26-04-2024,2024,4,Friday,108,0,0,0,0,0,0,0.3152,0,0
1540478,Madurai 16,A Group Of Friends Taking Revenge Against The Oppression Of Power And Money,13,Thriller,John Thomas,"Jerome Vijay, Rishi Misty, Vimal, Dhuruvan, Madurai Prasanna",JS Films,12-09-2025,2025,9,Friday,103,0,0,0,0,0,0,0.3437,0,0
754977,Tamani,"A police officer is investigating the case of a missing girl when he finds a gold chain. Investigations related to the gold chain led to the discovery of several violent crimes in which a boy was killed in a robbery, another boy was killed by a group of bullying teenagers and a transgender individual was injured in an acid attack.",60,"Crime, Drama",Unknown,,Unknown,16-10-2020,2020,10,Friday,92,0,0,0,0,0,0,0.3142,0,0
535479,Mangai Maanvizhi Ambugal,"A girl waits for her lover to regain his memory, lost due to an accident.",15,"Drama, Comedy, Romance",Vino,"Mahi, Prithvi Vijay",Road Train pictures,13-07-2018,2018,7,Friday,93,0,0,0,0,0,0,0.3266,0,0
1620127,Du.Ri.Me,"However, the results indicate a horror-comedy telemovie titled Du Ri Me (often indexed under social media, specifically Instagram, around late 2025/early 2026) arriving as a Pongal special in January 2026.",30,"Horror, Comedy",Unknown,,Unknown,17-01-2026,2026,1,Saturday,0,0,0,0,0,0,0,0.2945,0,0
1437273,Manidham,"Manidham is an Emotional and Thought-provoking Dramathat Challenges Viewers to Reflect on Their Own Lives and the Impact of Their Choices.He Film Follows Krishnaraj, a Middle-aged Schoolteacher and Devoted Family Man,whose Sudden Death Forces Him to Confront the True Consequences of His Life Decisions, Even as His Restless Spiritremains Bound to His Home.",53,Drama,J. Bruno Savio,"Krishna Raju K., Madhunika Rajalakshmi, Kalaimamani Sellappa Jegashanmugam, Yatra Srinivassan, Lakshmi Narayanan",Your backers productions,07-03-2025,2025,3,Friday,0,0,0,0,0,0,0,0.4372,0,0
1470598,CrowShit,Two Strangers sharing the moments of hope and stays being strangers itself.,12,"Drama, Comedy",Unknown,"Varshini Priya, Bharath Waatch",Waatch The Pucker,04-01-2025,2025,1,Saturday,5,83.5,0,0,0,0,0,0.4236,0,0
1581313,Ananya's Call,"Faced with an impossible encounter in her own home, a young woman must race against time to stop a tragedy that defies the laws of nature.",26,"Fantasy, Thriller, Science Fiction",Gauthaam,"Harini Parthibanraj, Poompavai, Rinthiya, Sakthi Nivashini, Swetha M",Calidon Pictures,17-08-2026,2026,8,Monday,33,16700,0,0,0,0,0,0.3384,0,0
1463544,Kesakambali,"A man, lost in the chaos of endless binge-watching, spirals into madness. In the emptiness, he is reborn as Ajita Kesakambali, accepting a world without inherent meaning.",27,,Monish,Logeshwaran,M,15-04-2025,2025,4,Tuesday,5,0,0,0,0,0,0,0.376,0,0
1477701,Amaran,"A terminally ill man begs an immortal stranger to share his secret, only to discover that living forever may be the worst fate of all.",25,"Crime, Thriller, Drama",Chandra Mohan,"Vigneshwaran, Anas, Sam Cruz, Senthamizh",Unknown,09-05-2025,2025,5,Friday,18,29141.5,0,0,0,0,0,0.2983,0,0
1500526,Mirugasirisham: The Orion,"A family is haunted by strange and frightening events, forcing them to seek the help of a tok guru to resolve their dispute. Can the tok guru uncover the cause of the disturbance before things get more serious? Or is there something bigger waiting?",44,,Unknown,,Unknown,19-06-2025,2025,6,Thursday,135,0,0,0,0,0,0,0.3039,0,0
330412,K3,K3 is an Indian Tamil film released on Feb 20th 2015,11,,M. S. Annadurai,,Unknown,20-02-2015,2015,2,Friday,0,0,0,0,0,0,0,0.2883,8,2
1297527,Living Faith,"Despite the prayers of many for a drug-free city, the fact that alcohol shops remain open raises questions about the strength of our collective faith or whether it might not align with what some perceive as the will of God for a drug-free environment. The ongoing existence of these establishments creates a paradox, making one ponder whether our aspirations for a substance-free community are hindered by a lack of faith or if such a transformation is not in line with what some believe to be God's plan. This situation brings to light the complex interplay between faith, societal goals, and the challenges associated with achieving a drug-free status.",108,Drama,Austin Solomon Raj,"Austin Solomon Raj, Jhewin Frank, Melvin Isaac, Angelin Jenifer, Gifto Davi",Jhewin Media,01-01-2024,2024,1,Monday,10,20875,0,0,0,0,0,0.2958,0,0
1186417,GR3Y,In the depths of despair! The world's color turns GR3Y!,10,"Mystery, Thriller, Fantasy",Nishanth Manisekar,"Kuldeep Kolle, Joseph Wesley, Kuldeep Kolle, Joseph Wesley, Harshavarthan M K",A D - Addicted Directoroids,30-09-2023,2023,9,Saturday,33,0,0,0,0,0,0,0.2975,0,0
1357529,Thozhar Cheguevara,"An innocent boy hailing from a village is struck by an unfortunate incident, which webs him in conflicts that endanger his life and his community under threat. His idyllic life is shattered, deftly turning his world upside down. A bounty is announced on the boy's name to kill him on the same night. Whether he can recoup and overcome the labyrinth of conflicts forms the crux of the story",69,"Action, Drama",Alex A D,"Sathyaraj, Rajendran, Cool Suresh, Nanjil Sampath, Alex A D",Grey Magic Creations,20-09-2024,2024,9,Friday,120,0,0,0,0,0,0,0.3537,0,0
1476344,Iraiyin Mozhi Mounama ?,Events revolving around the question of existence of God.,9,"Fantasy, Drama",Sheik Raashid,"Subakhan, Munthazir, Subramani, Nandhakishore, Pranav",Unknown,08-09-2023,2023,9,Friday,14,0,8350,0,0,0,0,0.291,0,0
1422297,The Briefcase,"Protagonist, a skilled operative, must retrieve a stolen briefcase containing classified documents. He battles Gangster 1's gang, uncovering Boss's plan to blackmail the government. Loyalty, morality, and survival hang in the balance",32,"Action, Crime, Thriller",Gersson Daniel,"NADIIN, Abhinivesh, Hari Varshan, Vishal, Sanjay",TSN Studios,24-01-2025,2025,1,Friday,16,0,0,0,0,0,0,0.2824,10,1
1191773,Thiraiyin Marupakkam,"A Tamil movie fan Sathyamoorthy, a farmer by profession, has been duped into selling his land and investing in a movie by a guy full of hot air, director Senthil. Lacking expertise in filmmaking, Sathyamoorthy is forced to pledge his house to Anbarasu, a cine financier. Senthil fails miserably in delivering the film. What happens to his family? How does he deal with Anbarasu? How does he bring his movie out? Thiraiyin Marupakkam is a perfect mix of black comedy and harsh reality",83,"Comedy, Drama",Nitin Samson,"Mohammed Ghouse, Natarajan Manigandan, Hema Genelia, Nitin Samson",360 Degrees [IN],20-10-2023,2023,10,Friday,131,0,0,0,0,0,0,0.3229,0,0
1440249,Butterfly,"In the Blur of Dreams follows a filmmaker as he directs a dream sequence, navigating the creative process while seamlessly blending the boundaries between his role behind the camera and within the story itself.",34,,Monish,"Jayanth, Kamalesh, Logeshwaran, Sanjay",M,28-02-2025,2025,2,Friday,3,0,0,0,0,0,0,0.3023,10,1
1201524,Niyathi,"When the private detective cheziyan held up with a problem, he try to find the solution for the problem which reveals another problem happened in the past",27,"Crime, Thriller",Naveen Kumar,"Naveen Kumar, Anjana Babu, Theni Murugan, Govindha moorthy, Vijaya Rana Dheeran",Genius film company [in],26-01-2024,2024,1,Friday,0,0,0,0,0,0,0,0.3015,0,0
1101209,120 KMPH,"Jenny, who works in an IT company, is an acquaintance of Actress Shruthika. When Jenny decided to become an actress, she turned to Sruthika for help. Shruthika promises to help him, if she agrees to some conditions.",37,Drama,Unknown,,Unknown,23-02-2023,2023,2,Thursday,0,0,0,0,0,0,0,0.2939,0,0
1480619,Central,"The story is about the hero who comes to Chennai Central from a small village due to his family situation, what kind of hardships does he experience in the name of capitalism and how does he recover from it.",39,Drama,Bharathi Sivalingam,"J Vignesh, Soneshwari, Perarasu, R. Dharshan, Arumugam Bala",Unknown,18-07-2025,2025,7,Friday,130,0,0,0,0,0,0,0.3598,0,0
1716785,Manasukkul Oru Mazhaicharal,"The hero Nakulan is on his way back home enjoying all the changes his village has undergone since he had travelled after for higher studies. He makes a surprise entry and brings in smile in his parents and sisters face. He gives all the gifts which he has bought for them and keeps aside the parcel he had bought for his lover Arthi. After that he goes in search of his school friend Muthu who has his own shop in the market and after that happens to meet his girlfriend and conveys his love for her and she rejects the same. Arthi who is the bread winner for her family rejects Nakuls love, but later situations make her realize his true love and they get united. The situations which bring them together is being neatly showcased in the movie Manasukkul Oru Mazhaicharal.",142,"Romance, Drama",Vinothan,"Jerad, Midhuna",Unknown,05-06-2026,2026,6,Friday,160,0,0,0,0,0,0,0.3041,0,0
1731710,Unsaid,"After missing the chance to express his feelings, a young aspiring writer begins crafting the story he wishes he had lived. As fiction, UNSAID explores love, regret, and the quiet weight of words left unspoken.",35,Drama,Manoj Sukrith,"Jaikanth, Yogesh, Monisha, Manoj Sukrith",Manoj Sukrith Productions,09-07-2026,2026,7,Thursday,12,13026,0,0,0,0,0,0.3191,0,0
1153675,Kaadapura Kalaikuzhu,"Thamizh and Kalaiyarasi, younger siblings of the heads of two rival folk dance groups, falls in love. When their elder brothers support parties in local election, all of their lives turn into chaos.",33,"Drama, Romance, Comedy",Raja Gurusamy,"Hari Krishnan, Swathi Muthu, Munishkanth, Kaali Venkat, Mime Gopi",Unknown,07-07-2023,2023,7,Friday,122,0,0,0,0,0,0,0.3441,0,0
1638930,Ondimuniyum Nallapaadanum,"A poor low-caste farmer wants to sacrifice his goat to deity Ondimuni for saving his son, but temple festivities are suspended due to upper-caste feuding. Can he fulfill his vow?",30,,Unknown,,Unknown,28-11-2025,2025,11,Friday,0,0,0,0,0,0,0,0.2829,0,0
830042,Avanum Nanum,A gay couple faces struggles when registering their marriage.,9,,Praveen Kumar M.,,Unknown,17-02-2021,2021,2,Wednesday,0,0,0,0,0,0,0,0.3001,0,0
1525013,Killing the Travellers,A documentary revealing the Kurukkalmadam Massacre and the abductions of travellers on roads to and from Kattankudy during the civil war in Sri Lanka.,24,Documentary,Baazir Kaleelur Rahman,,Unknown,03-08-2025,2025,8,Sunday,25,0,0,0,0,0,0,0.3091,0,0
1447848,Addiction,Sudden deterioration of a brother and sister due to a social evil.,12,Drama,Kalyan Eswar,"Kalyani R, Sridharan M, Harsha, Kalyan Eswar, Sankeerth",Unknown,13-03-2025,2025,3,Thursday,8,417.5,167,0,0,-250.5,-60,0.3298,0,0
1324252,Vijay LL.B: The Advocate,"A lecturer, Venthan, has been accused in a murder case involving a female student from a private college. All evidence and witnesses seem to be neatly stacked against him, pointing towards his entrapment. Vijay, Venthan`s childhood friend and now a young lawyer, feels compelled to help free his old friend from such serious accusations. The journey towards upholding truth and absolute freedom is not an easy one when power, money, and manipulation become the main chess pieces. It becomes Vijay`s personal responsibility to use all his wisdom to liberate Venthan from these grave charges.",94,,Unknown,,Unknown,28-03-2025,2025,3,Friday,0,0,0,0,0,0,0,0.3368,0,0
1632755,Aval Appadithan 2,,0,Drama,Ra. Mu. Chidambaram,"Syed Abdagir, Sneha Parthibaraja",Yun Flicks,21-07-2023,2023,7,Friday,0,0,0,0,0,0,0,0.3908,0,0
1149869,BOYS,"On Valentine's Day, Saran and his friends find themselves at an empty college campus, unsure of how to spend the day. Their teacher assigns them a task to retrieve camera equipment from the storage room. In an unfortunate turn of events, Saran accidentally pushes his friend Raaja, resulting in a tragic death. To conceal the crime, the group devises a plan to transport the body to a remote location in Kerala for burial. The journey to the burial site becomes the central narrative, filled with amusing incidents and surprising twists. Ultimately, the unexpected conclusion unveils the true nature of Raaja.",100,"Comedy, Crime, Thriller",Saran,"Saran, Praneet Raj, Raaja Kondalaia, Thanush, Haran Sriram",Unknown,21-04-2023,2023,4,Friday,33,0,0,0,0,0,0,0.3806,0,0
1225748,Thuvaanam,"Sri Lankan drama following several members of the Tamil diaspora around the globe, as they struggle to preserve their cultural heritage while navigating the challenges of living in foreign lands.",30,,Sivan Suthan,,Unknown,05-08-2023,2023,8,Saturday,100,0,0,0,0,0,0,0.293,0,0
1556782,Naalai Namadhe,"Naalai Namadhe, a village ruled by the wealthy where no elections have been held for years, a young woman dares to contest, challenging power and awakening change. Inspired by Lenin`s words, the film is a bold take on reclaiming political voice and justice.",43,,Unknown,,Unknown,08-08-2025,2025,8,Friday,0,0,0,0,0,0,0,0.2925,0,0
1371265,Veedu,,0,Drama,Sivakumar Vengadesan,Siva,Sivakumar Vengadesan,15-11-2024,2024,11,Friday,0,0,0,0,0,0,0,0.3026,0,0
1382503,Necklace,"Don’t miss to watch telemovie which will bring you laughter, premiering on November 3 at 6.30 PM, exclusively on Vinmeen. Also available on Astro Go and On Demand.",28,,Unknown,,Unknown,03-11-2024,2024,11,Sunday,0,0,0,0,0,0,0,0.2768,0,0
869973,Alpha Adimai,Alpha Adimai (Alpha Slave) ... A lad working as an aide to a weed supplier recognizes an opportunity to start his dark journey in the midst of a narcotic raid ...,31,,Unknown,,Unknown,03-09-2021,2021,9,Friday,0,0,0,0,0,0,0,0.2949,0,0
1495363,Point to Pointless,How lethal can existential crisis be?,6,Comedy,Antony R,"Sharath, Balaji, Antony R",Unknown,05-08-2024,2024,8,Monday,6,0,0,0,0,0,0,0.239,0,0
891164,The Dogfather,Mahendar develops a software which enables him to understand animal languages.he faces weird and awkward scenarios  while testing his software with his pregnant pet dog (sevvalai).,26,"Comedy, Science Fiction, Drama",Vaishnav,Vaishnav,Unknown,25-07-2021,2021,7,Sunday,8,0,0,0,0,0,0,0.3179,0,0
1567019,Anagram,Anagram is about a split personality who struggles to save himself from the drug addiction and eradicates the source where he buys and supplies from,25,"Mystery, Thriller",Haamid mohammed,"Amrish, siva, Akash ram, Madhusudan, Arun",Filmate,20-08-2020,2020,8,Thursday,0,0,0,0,0,0,0,0.3019,0,0
1508535,Thotram,"An elderly man travels to the city to buy gold for his daughter's wedding, but when he unknowingly gets entangled in a dangerous underworld operation, he must navigate a web of deceit and danger, determined to return home and see the marriage through.",43,,A. Tamilselvan,"E Bharath Kumar, Vasunthara, A. Tamilselvan, Saravanan, Tiruppachi Benjamin",Unknown,11-07-2025,2025,7,Friday,0,0,0,0,0,0,0,0.3212,0,0
1717473,THIRUPARANKUNDRAM FILES,"*Thiruparankundram Files* is a documentary that explores the cultural, religious, and political landscape surrounding Thiruparankundram, Tamil Nadu. Through interviews, observations, and on-the-ground documentation, the film examines the relationship between Hindu and Muslim communities, the role of political movements, and the response of the state government to ongoing controversies. Presented from a witness's perspective, the documentary seeks to document differing viewpoints and social realities while encouraging viewers to form their own conclusions about the issues shaping the region.",77,Documentary,Thavam & Tamizh Dasan,,Unknown,02-03-2026,2026,3,Monday,77,0,0,0,0,0,0,0.2751,0,0
1063772,Karparaa,,0,Drama,Vignesh Kumulai,Sundharammal,Unknown,30-01-2023,2023,1,Monday,71,0,0,0,0,0,0,0.3416,0,0
1571217,BLACKMAIL,"Trapped in escalating blackmail, Mani faces mounting danger as crime, passion, and greed intertwine, exposing hidden truths and changing allegiances throughout his ordeal.",23,"Crime, Thriller",Unknown,,Unknown,01-08-2025,2025,8,Friday,121,0,0,0,0,0,0,0.2974,0,0
1410451,Community Bond,"A group of curious Indian Muslim boys gather in front of the camera, gossiping and attempting to unravel the mystery behind a fight that recently shook their circle.",28,,Mohammed Shafie,,Unknown,27-10-2024,2024,10,Sunday,6,0,0,0,0,0,0,0.3031,0,0
1356638,Aaragan,"Saravanan and Magizhnila, deeply in love, are looking to secure their future together but need more financial stability. When Magizhnila lands a higher-paying job in a new town, it seems like a promising opportunity. However, she soon faces a series of harrowing challenges. How she navigate this turbulent phase forms the heart of the story.",55,"Fantasy, Thriller",Arun KR,"Michael Thangadurai, Kavipriya Manoharan, Sriranjini, Kalairani, Yazar Arafath",Trending arts productions,04-10-2024,2024,10,Friday,90,9519,0,0,0,0,0,0.1608,0,0
1102509,Yevan,,0,,Durai Murugan,"Dhileepan Pugazhendi, Deepthi Manne, Vijay sanjith",Pugazhendi Production,07-04-2023,2023,4,Friday,0,0,0,0,0,0,0,0.3003,0,0
1216744,Prisoners,A jaded 21-year-old smoking addict and a physically abused 15 year-old runaway find unexpected solace and have conversations about life in a brief encounter that could go a long way in defining how they view happiness.....,36,Drama,Koshal Ram Vaikunth,"Ashwin Kumar, Roshan Raj",RakitaRakita Studios,12-12-2023,2023,12,Tuesday,15,2087.5,0,0,0,0,0,0.2726,0,0
1530918,Good Day,"A factory worker gets his delayed salary and celebrates by drinking, causing trouble with his landlord and pursuing a married ex-crush. Later, he assists police in solving a crime.",29,,Unknown,,Unknown,15-08-2025,2025,8,Friday,120,0,0,0,0,0,0,0.2763,0,0
1386008,Roma Nalla Naal,Romba Nalla Naal (2022) - Tamil  Movie,7,,Unknown,,Unknown,01-07-2022,2022,7,Friday,0,0,0,0,0,0,0,0.2724,0,0
1557086,The Well,"A process of self-purification through the removal of sludge and rocks from a well, symbolizing a quest for clarity and connection to the natural world. The project explores themes of healing and grace, suggesting that nature, like people, is capable of forgiveness and restoration.",44,Documentary,Balaji Maheshwar,,Unknown,30-10-2025,2025,10,Thursday,63,0,0,0,0,0,0,0.3288,0,0
1299375,OFF-SCREEN,"Two debutant actors, who finished shooting a romantic movie set in 70’s or 80’s starts flirting.",16,"Romance, Comedy",Abhiraj C K,"Sai srikanth, Suganya Mohan",Kavalli Productions,03-06-2024,2024,6,Monday,2,0,0,0,0,0,0,0.328,0,0
1529276,Kooran,A Stray dog teams up with a retired lawyer to seek justice in court against a rich man who did injustice to it.,23,Drama,Nithin Vemupati,,Kanna Productions,28-02-2025,2025,2,Friday,109,0,0,0,0,0,0,0.2266,0,0
1311392,Naanum Oru Azhagi,Krishnamma went tution to pozhikarayan. Krishnamma studies well and get passed in exams. Krishnamma and pozhikarayan loves each other. Krishnamma marries durai pandi when pozhikarayan went for his work. Duraipandi sent his wife krishnamma to her mother house because of infertility. When krishnamma in her home krishnamma and pozhikarayan had an affair and krishnamma get praganent. Knowing this Duarai pandi tries to kill krishnamma but elders in the town stop this. But Krishnamma dies during herbaby shower with unborn baby,80,"Romance, Drama",Pozhikkarayan .K,"K. Arun, J. Megna, S. Rajadurai",K C Creation,05-07-2024,2024,7,Friday,0,0,0,0,0,0,0,0.2774,0,0
1483832,KEY,"A simple return home turns into an unexpectedly chaotic journey for Tarun, filled with frantic calls, odd timing, and fourth-wall-breaking moments. As the urgency builds, so does the comedy—until everything comes full circle in the most unexpected way.",38,Comedy,Tarun raja,"Fawazur, Sreenithin, Tarun raja, Mohnish arunkumar",Masterpiece productions,27-05-2025,2025,5,Tuesday,5,0,0,0,0,0,0,0.2709,0,0
1382500,Cookies,Two strangers who live in the same building have an encounter and soon a series of unfiltered questions becomes their icebreaker.,21,Drama,Avinash R,"Ajay Akilan, Ishvarya Balaji, Vijayalakshmi Akilan",Escapists Productions,15-08-2023,2023,8,Tuesday,11,0,0,0,0,0,0,0.2765,0,0
1437648,Enough,"Enough follows a person trapped in mobile addiction, leading to laziness and lost productivity. Struggling to break free, they turn to music as a way to regain focus and reclaim control over their life. The film explores the journey of overcoming digital dependency and finding motivation.",46,"Drama, Music",Harish Prabhavathy,"Harnav, MuthAzhagi",Unknown,18-04-2025,2025,4,Friday,0,0,0,0,0,0,0,0.3251,0,0
521849,Dec-13,"December 13 is a Tamil movie starring Brahmini Murala and Khushi Gadhvi in prominent roles. The movie also star Dhadi Siva. It is a thriller action directed by Bhuvanesh with Naresh as musician, forming part of the crew.",38,"Horror, Action",Buvanesh,"Khushi Gadhvi, Brahmini Murala",Unknown,05-01-2018,2018,1,Friday,103,0,0,0,0,0,0,0.286,0,0
1637884,Drowning in the screen,"A girl got phone by her parents, and in mean time, her brother wants to play ring ball with her but she didn't want to play with him because of phone, so he decided to play alone. In this short, they use visual language as a primary tool.",48,Drama,Thilak Subakumar,"B Karan, Lackshaya",Unknown,20-07-2025,2025,7,Sunday,1,0,0,0,0,0,0,0.3046,5,1
1083651,Thunivu,"A short film depicts a woman who struggles to survive in an unfamiliar world and initially tries to commit suicide. However, she eventually meets someone who guides her and later she discovers a purpose in life.",36,Drama,Kodeeswaran,,Unknown,13-12-2020,2020,12,Sunday,0,0,0,0,0,0,0,0.2856,0,0
532427,Ennodu Nee Irundhal,,0,"Romance, Thriller",M. Sathyamoorthy,"Mu Ra Sathya, Manasa Nair",Unknown,15-06-2018,2018,6,Friday,153,0,0,0,0,0,0,0.2466,0,0
527690,Slumdog Kodisvaran,"A Mumbai teen who grew up in the slums, is miraculously on the verge of winning the Indian version of ""Who Wants To Be A Millionaire?"" and is arrested under suspicion of cheating. While being interrogated, events from his life history unfold, explaining why he knows the answers.",48,"Action, Thriller",Arul Raj,,Unknown,13-04-2018,2018,4,Friday,117,0,0,0,0,0,0,0.2466,0,0
1524939,Vijay (Victory),"Untold stories of migrant workers’ hardships and sacrifices, the very people who built the lavish and luxurious Singapore we know, are conveyed through the eyes of Vijay.",27,Documentary,Prashan s/o Elanjelian,,Unknown,02-11-2023,2023,11,Thursday,8,0,0,0,0,0,0,0.3109,0,0
1549411,Sprout,"Making your kite is the new Pendidikan Seni Visual task. As Santosh’s favourite subject is it, he excites to make and show it to his friends. He wants to fly the kite but rain becomes a hurdle for it. However, the rain itself gifted him an unexpected surprise which helps him for his science subject.",55,,Kuhanraj Rajasingam,K. Neeveshkumar,Unknown,13-09-2025,2025,9,Saturday,7,0,0,0,0,0,0,0.2724,0,0
1539325,"Dumb, Dumber& Dumbest.","Three quirky criminals discovered that one of them had betrayed the other two, leading to an unexpectedly quirky situation.",19,"Action, Comedy",Someshwaran,"Rishikesh Dhamodaran, Sree Kumar, Santhosh",Unknown,05-09-2025,2025,9,Friday,7,0,0,0,0,0,0,0.3101,0,0
573347,1 A.M,"A horror thriller film directed by Rahul, starring Mohan and Sasvatha in the lead roles.",15,Horror,Rahul Paramahamsa,"T. Mohan, Sasvatha",Unknown,24-03-2017,2017,3,Friday,95,0,0,0,0,0,0,0.3013,5,1
1480633,Aagakadavana,"Three friends desires to start their own medical shop, find issues by chain of troubles, Struggles inside a thorn forest along with strangers to resolve all their issues before they lost their life more than money.",36,Thriller,Dharma,"Aathiran Suresh, Vincent S, CR Rahul, Micheal S, Dashna",Unknown,23-05-2025,2025,5,Friday,110,0,0,0,0,0,0,0.2661,0,0
1375430,Il Tha Ka Sai Aa,It's all about the hero Ram suffering from Peculiar Nightmares which is coming true in his day to day Life!!!,20,Thriller,Sadha Nadar,"Sadha Nadar, Monica Selena, K Sudhanthiran, Marudhu Saravanan",Couple Creations,25-10-2024,2024,10,Friday,0,0,0,0,0,0,0,0.2965,0,0
1217275,Soodu,a 2020 tamil film,4,,Unknown,,Unknown,04-12-2020,2020,12,Friday,0,0,0,0,0,0,0,0.2809,0,0
521851,Paarka Thonuthe,The movie is directed by Jai Senthilkumar and featured Arsha and Sarah as lead characters.,15,Drama,Jai Senthilkumar,"Arsha, Sarah",Unknown,05-01-2018,2018,1,Friday,0,0,0,0,0,0,0,0.2447,0,0
1669443,8th Street,"Late at night in a quiet place, three lives intersect — a weary stranger, a silent old man, and a tired waiter. Through glances, gestures, and fragments of conversation, their fragile interactions unravel hidden tensions and unspoken histories. What begins as routine slowly transforms into a haunting exploration of loneliness, memory, and the search for meaning.",56,"Mystery, Drama",Abdul Rahman,"Babu Paramasivan, Vignesh, Venkatesan, Karthick",Unknown,12-04-2026,2026,4,Sunday,60,35070,0,0,0,0,0,0.2854,0,0
1426625,Titanic Modhiya Iceberg Ivan,"In a hilariously chaotic bid for independence, a submissive boyfriend stages a series of absurd escape attempts from his overbearing girlfriend’s clutches, only to find himself tangled in increasingly ridiculous situations that blur the line between love and captivity.",39,"Drama, Comedy",Kamesh Seshadri,"Purushoth, Praveena",Barefoot Entertainment,01-01-2025,2025,1,Wednesday,8,0,0,0,0,0,0,0.2993,7,1
1467256,Through the window,"Inspired and adapted from the short story 'The Last Leaf' by O.Henry , Jannal Vazhiye ( Through the Window ) is a bittersweet tale that explores the enduring bond between a father and his daughter, the importance of embracing our loved ones in their twilight years, and how hope can give us the strength to fight even the inevitable forces.",60,Drama,Manish Periyakaruppan,"Kovai Gurumoorthy, Varshini Karmegham, Avanesh Kannan, Lalitha Kulanthaivel, Vidhya Velmurugan",Unknown,20-03-2025,2025,3,Thursday,39,0,0,0,0,0,0,0.2736,0,0
1454391,A Cool Summer Time...,"Surya is an aspiring cricketer undergoing a difficult phase in life. His life changes when he meets Aadhya, a medical student.",21,Drama,Rahul Akshith,"Rohit Kumar, Shivani, Rahul Ramanathan, Madhusree, Thiruvarul",The Movie Brats,10-04-2025,2025,4,Thursday,70,10855,0,0,0,0,0,0.2656,0,0
1410444,No Worry Chicken Curry,A village boy is sent to town by his mother to deliver a freshly caught chicken to his uncle. This short film intimately follows his journey as he struggles to navigate the modern landscape with the live chicken in tow.,40,,Shunmgam Karuppannan,,Unknown,27-10-2024,2024,10,Sunday,10,0,0,0,0,0,0,0.2656,0,0
1156115,Abijith's Alone,"A teenage boy who spirals into alcoholism following a breakup, and also experiences a story written by his ex-girlfriend,  but finds redemption through a numberless phone call from his ex-girlfriend who was already dead by Leukemia.",36,Drama,Abijith Jay,"Abijith Jay, Shafna Ashraf, Agnel Niju, Rich Jewin",The United Hands Productions,23-07-2023,2023,7,Sunday,13,0,0,0,0,0,0,0.2777,0,0
1712038,Three Pieces,"Three friends quickly realize they keep ending up at the same location repeatedly (marked at 10:33 on a timer/clock). Every time they try to move forward, they're pulled back to the exact same spot, experiencing the same bell sound and events over and over again.",45,"Mystery, Science Fiction",Sairam,"Sairam, Vidhushan, Naveen Kumar, Purushothaman",Middle Bench,22-01-2026,2026,1,Thursday,8,0,0,0,0,0,0,0.332,0,0
1281705,Bulb,"A guy proposes to a lesbian girl without knowing what she is, and then the guy feels disgusted after knowing what she is. But the next day the boy searches for the girl again. Why?",35,Drama,Srinath Kannan,"Alen Biju Varghese, Srinath Kannan, Jein Nishanth",Unknown,12-01-2024,2024,1,Friday,16,0,0,0,0,0,0,0.2643,0,0
855216,Footwear,"Inspired by Cultural Medallion Recipient KTM Iqbal’s poem “Irataiyar” (Twins), this film follows the protagonist on the morning of a crucial job interview. Will he make it in time?",29,Comedy,Somasundaram Sembian,"Somasundaram Sembian, Meena Sembian, Shaanmugam",Unknown,15-05-2020,2020,5,Friday,5,0,0,0,0,0,0,0.2869,0,0
656081,Stories at 8,"World's 1st anthology in 8 languages, written, produced and directed by a single film maker. First feature film in 8 Indian languages - Assamese, Bengali, Gujarati, Malayalam, Marathi, Punjabi, Tamil and Telugu.",32,Drama,Unknown,,Unknown,31-08-2019,2019,8,Saturday,90,0,0,0,0,0,0,0.2534,0,0
1509748,Siru Ula Siru Mozhi,"In this breezy tale of two souls, a disheartened Anandhi reconnects with her college friend Balaji, and through a night of heartfelt conversation and carefree wandering, her perspective on life takes a transformative turn.",34,Drama,Avinash Tamilselvan,"Tamizhazhagan, Varshini Karmegham, Arul",Unknown,11-10-2024,2024,10,Friday,18,0,0,0,0,0,0,0.2393,0,0
1500030,Wishes of the Blind birds,"Siddarth, a tired  delivery boy, is broke and hungry after a long day of work. While talking to his friend Giri outside a luxury café, Sidd decides to step in for a quick meal. Inside, he accidentally meets Indira, a blind girl who mistakes him for a waiter. Sidd plays along, helps her order, and quietly sits across from her, sharing a small, silent connection.",65,Drama,Raghul,"Mithun, Abirami murugesan, Siddarth, Vijay lakshmi",SERDGE,07-08-2025,2025,8,Thursday,10,41750,0,0,0,0,0,0.2393,0,0
1212072,Dream,An interesting and fun tale about love!,7,Drama,Joel Reubenraj,"Praveen, Vishali, Sujith Kumar, Vinisha Virginia, Kishor",CJRR Studios,25-12-2021,2021,12,Saturday,23,0,0,0,0,0,0,0.2574,0,0
869283,Kumar's Cafe,The owner of a very old hotel does all that it takes to keep his business afloat.,17,Drama,Akshay Thiagarajan,,Unknown,28-08-2021,2021,8,Saturday,14,0,0,0,0,0,0,0.2493,0,0
854431,Clubfoot,"A teenage boy with clubfoot (birth defect) struggles to land his first kick on a ball because of fear and insecurity. He watches football matches, plays games related to football and even watches tutorials online on how to kick a ball but none of them help him to make his kick come true. Will he be able to muster up courage to kick a ball?",65,Drama,Nanthakumaran Rajavijayan,,DN Studio,01-01-2021,2021,1,Friday,7,0,0,0,0,0,0,0.2493,0,0
968969,Paper Rockets,"A boy gets to interact with an anonymous person who paints his portraits and throws them at him, hiding their identity. The boy forms an affection towards the person and when he finally learns the real identity of the person, it shocks him. What did he do after that is the rest of the story.",55,"Romance, Mystery",Geethan gunaratnam,"Muthu sudar, Pavishka, Dr. Abdul halim, Siva kumar",Surukku pai,26-12-2021,2021,12,Sunday,19,33400,8350,0,0,-25050,-75,0.2665,0,0
914890,Writer's block,The story of a lonely writer going through ... writer's block,11,"Thriller, Drama",Rohith Saravanan,"swaminathan n, Rohith Saravanan",Unknown,27-03-2021,2021,3,Saturday,10,8350,417.5,0,0,-7932.5,-95,0.2665,9,1
1733023,Yaazhi,"Yaazhi, a mythical creature once sworn to protect its land and people, fails and abandons the battlefield. As it flees, the real war begins-a battle within the mind. When a protector turns deserter, can redemption ever be found?",38,"Drama, War",Lingeshwer S,"Kathiravan Annamalai, Sathya Kanagavel",Bohemian Film Movement,18-04-2025,2025,4,Friday,30,0,0,0,0,0,0,0.1529,0,0
1638379,Eegai,"A boy upset with his roommate's torture of giving back his debt money so that he decided to be alone and have food, and he ends up with be kind.",30,Drama,Thilak Subakumar,"Vasanth T kumar, Vijayan, Thanesh Athithya",Unknown,07-04-2023,2023,4,Friday,15,0,0,0,0,0,0,0.2218,0,0
1217295,Aathikka Varkkam,a 2021 tamil film,4,,Unknown,,Unknown,01-01-2021,2021,1,Friday,0,0,0,0,0,0,0,0.2528,0,0
1582512,Naattumirandi,"An action crime thriller which portrays the conflict between two villages in the late 90's, where a family hatred occurs",20,Crime,Unknown,"Kalesh, Arun Kanjikode, Shekar Narayan",ShortFlix,18-06-2022,2022,6,Saturday,36,0,0,0,0,0,0,0.1822,7,1
1236223,Kodai,A gang robs a large donation to an orphanage for needy children and how do the protagonist and his friends recover from the disaster? and the struggle which takes a dangerous twists and turn from which they recover the lost gift?,41,"Comedy, Drama, Music",Unknown,,Unknown,10-02-2023,2023,2,Friday,136,0,0,0,0,0,0,0.2497,0,0
740020,Grace,"Can a Trans woman reimagine the world before her, without a fight for her rights, acceptance in the society and equal opportunity? A documentary short about a young trans woman, seeking a dignified life for her and her community.",39,,Smarak Samarjeet,,Unknown,27-09-2020,2020,9,Sunday,31,0,0,0,0,0,0,0.332,0,0
536460,R.I.P.?,"Everything a person does, whether good or bad, always has consequences. It also reflects the innermost self, needs and wants of humanity and stresses of the message that people need to take their life and their responsibilities seriously.",38,Drama,S. T. Bala,"S. T. Bala, Suloshna Balan, S. S. Shivajee, Venumathi",Unknown,08-06-2017,2017,6,Thursday,90,0,0,0,0,0,0,0.2482,0,0
1172735,The Failed Artist,An Aspiring filmmaker finds himself in a dilemmatic situation when casting for his upcoming short film project. His world changes when he stumbles upon this situation. Did he stumble or did the dilemma stumble on his art?,37,Drama,L.S. MADHESH,"L.S. MADHESH, Monish Suresh",Unknown,09-01-2023,2023,1,Monday,23,0,0,0,0,0,0,0.2651,0,0
1154520,STRIKER'S GAME,"A retired carrom legend faces off against a menacing gangster, using his unmatched skills to safeguard the integrity of the game and secure his lasting legacy in this high-stakes short film!",31,"Crime, Comedy, Drama",Praneet Raj,"Saran, Sowntharya Maran, Raaja Kondalaia, Praneet Raj, Thanush",Fill The Void Productions,11-06-2023,2023,6,Sunday,11,0,0,0,0,0,0,0.247,0,0
639852,The Search,"Sudha, a transgender woman, has felt the sting of rejection her whole life, including from her own mother. All alone and trying to find her place in the world, Sudha struggles, falls, and picks herself back up. As her mother begins to understand Sudha’s perspective, they embark on a journey of self-discovery, acceptance, and love – and face the ugly prejudices against transgender people together.",65,,Monachan R,,Unknown,22-02-2017,2017,2,Wednesday,19,0,0,0,0,0,0,0.2466,0,0
1565017,The Last Endless Night,"On a war-torn evening, young Vendan watches his parents’ bitter fight at his grandmother’s home. His mother, weary of neglect, resolves to leave and his father’s threats force her to escape alone into the night. The next morning, Vendan searches for clues of their mother’s fate – shattered glass, bicycle tracks or a body.",54,Drama,Jacob Luke Jeroshan,,Unknown,30-10-2025,2025,10,Thursday,19,0,0,0,0,0,0,0.2303,0,0
1740310,Dark Horizon: Trash Pickup,"Two friends who like to meet in person and talk. Constructive, not just idle chatter.",15,Drama,Yahiya,"Yahiya, Sai Mohan",Mankind Movies,05-09-2015,2015,9,Saturday,31,6513,0,0,0,0,0,0.1831,10,1
1565132,Dear Jeeva: An Unconditional Love Story,"Jeeva,a next-door guy who is seeking a job and living alone and Ms Jeeva is a focused workaholic. When they met for an interview, they began to like each other and fell in love.After a lot of emotional journey, both got married and started their lives happily. However, after a few months of marriage, Jeeva lost his job. Mrs. Jeeva received an onsite opportunity simultaneously.Ego starts to build between them and at one point Mrs. Jeeva wants to distance herself from him, but The news of Covid-lockdown has left them with no choice but to stay together.The rest of the story is about how situations during the lockdown helped them understand each other, whether they separated or accepted each other.",120,,Unknown,Varna,Unknown,19-10-2025,2025,10,Sunday,0,0,0,0,0,0,0,0.2445,0,0
752856,ஆடி / Mirror,A film is about a mirror in my house. About its beauty and its pride. How its sees other things and humans.,22,,Manikandan,,Unknown,19-08-2020,2020,8,Wednesday,10,0,0,0,0,0,0,0.2608,0,0
719111,Physicality,Krithika and Shireen are friends who strive for societal recognition of their preferred and lived gender. Shireen drives a taxi to support herself and nurses a dream to be a popular theater actress while Krithika is focused in her ambition to become a police officer. Soon both of them realize that the society and people around them can't think beyond the physicality of being a male and female.,68,,V. Ramanathan,,Unknown,14-10-2017,2017,10,Saturday,18,0,0,0,0,0,0,0.2776,0,0
1727536,Their Aravan,"Aravan is a minor character in the Sanskrit versions of Mahabharatha. He is the son of Arjuna and Ulupi, a naga princess. However, the Tamil folklore retelling places Aravan as a prominent character. The primary worship happens at the Aravan temple at the Koovagam village which has also been gaining attention in recent decades due to the large presence of the transwomen. The transwomen identify themselves with Krishna who changed his sex and married Aravan. Seeking Aravan's love, these transgenders symbolically marry Aravan with the priests of the temple tying Taali around their necks. The next day, when Aravan is symbolically sacrificed, the transwomen wear white saris, tear out their hair and break bangles and mourn for their beloved Aravan.",120,Documentary,Revanth Malige,"Dhanalakshmi, Shankari, Renuka Devi, Sowmya, Shakti",Unknown,01-10-2025,2025,10,Wednesday,29,0,0,0,0,0,0,0.2471,0,0
1168930,Harbour Chapter 1,"A story based on unity of Indonesians, Malaysians, Chinese and Indians. In north Indonesia, a powerful international gangster tried to encroach a part of fishers region to build a harbour for corporates but they failed as the people who live there are experts in the Silat martial arts. After 16 years, David returns with another strategy to defeat Anwar Hussain- the godfather of Asian silat warriors.",66,"Action, Drama",Megna,"Megna, Hussaini, Dr SK, Alex Don",Megna's Vera Mari Production,26-08-2023,2023,8,Saturday,80,0,0,0,0,0,0,0.2435,0,0
1216275,The Copper Story: Untold,"The story closure of the Sterlite Copper plant in Tuticorin, Tamil Nadu, and how this closure impacted people in Tuticorin while also affecting the business ecosystem",26,,Latha Krishna,,Krishna Swamy Associates Ltd.,08-12-2023,2023,12,Friday,27,0,0,0,0,0,0,0.2418,0,0
1651262,Bullet Virumandi,"In a village, people treat Virumandi like a god. With the help of his Bullet bike, he contests in an election. Unable to tolerate his popularity, the opposition leader Kanniyappan murders him. After his death, Virumandi appears in his assistant’s dreams and guides him to destroy the enemies and take revenge.",51,"Thriller, Drama",Ashok,"Thennarasu, John Deva, Paramasivam, Irulandi, Manjula",Unknown,10-04-2026,2026,4,Friday,100,0,0,0,0,0,0,0.3295,0,0
1598608,Wrapped-Oru Arimugam,A brief introduction about Cinema and Wrapped YT channel,9,Documentary,Manikandan,"Jaiyanth, Nishok, Manikandan",Unknown,27-09-2025,2025,9,Saturday,3,0,0,0,0,0,0,0.2393,0,0
1509771,Trigger,A father faces a evil for his daughter,8,,Logesh,"Premkumar, Sanjai kumar",Unknown,07-05-2025,2025,5,Wednesday,9,0,0,0,0,0,0,0.2393,0,0
1169732,Thedu,"Thedu revolves around a drunkard, another obsessed with selfies and a lover couple. The repercussions they face and how they overcome it forms the crux.",25,,Eeshwar,"Santhosh Sanjay, Meghna, Sivakasi Murugesan, Kamaraj, Rani",Kishore Cine Art,03-01-2020,2020,1,Friday,99,0,0,0,0,0,0,0.2393,0,0
1010920,Uravugal Thodarkathai,Tale about four different people united by love. Explores the lives of characters are catapulted into a deep conversation about their problems and what happen next is the crux of the story,32,Drama,Yashwiin Nair,,360 Visual Film,20-08-2021,2021,8,Friday,13,0,0,0,0,0,0,0.2111,0,0
358559,For the Love of a Man,"Tamil superstar Rajinikanth: Actor, Leader, Hero, God. Men from various generations alter their lives, sell their belongings, and place fandom above their families in devotion to an iconic South Indian superstars.",31,Documentary,Rinku Kalsy,,Anecdote Films,04-09-2015,2015,9,Friday,85,0,0,0,0,0,0,0.1988,7.2,4
1410450,HAIKU: A Neurodivergent Harmony,"Deena, a neurodivergent artist struggles with familial estrangement and societal expectations, her journey becomes a balance of creativity, doubt, and self-discovery. She faces the chaos of artistic liberation while striving to find acceptance in her identity.",36,,Deena Dakshini,,Unknown,27-10-2024,2024,10,Sunday,10,0,0,0,0,0,0,0.2665,0,0
1542106,Sweet Beginning,"In a small private school nestled within the vibrant city of Chennai, two remarkable individuals are quietly revolutionizing the classroom experience, shattering the glass ceiling by becoming transwomen educators.",29,,Amal Allesse,,Unknown,05-06-2025,2025,6,Thursday,19,0,0,0,0,0,0,0.2177,0,0
1428855,Sithariya Pakkangal,"The protagonist discovers a story penned by his father, depicting a husband and wife in three intertwined narratives. These stories explore the themes of love, sacrifice, and the emotional intricacies of their relationship, unraveling the depth of their connection.",39,Drama,Unknown,"Bhoopendra Raja, Abi Ilakkiya",Unknown,03-01-2025,2025,1,Friday,109,0,0,0,0,0,0,0.232,0,0
1353182,Thoppur,,0,Horror,Unknown,,Unknown,21-03-2025,2025,3,Friday,244,0,0,0,0,0,0,0.1887,0,0
1583926,Uruttu Uruttu,"A village girl's heart unexpectedly belongs to a gang member who allegedly wronged her. As she defies her gangster father to protect him, their forbidden love unleashes chaos in their dangerous world.",32,Comedy,Baskar Sadhasivam,,Unknown,12-09-2025,2025,9,Friday,110,0,0,0,0,0,0,0.2136,0,0
1172110,"Platform Ghosts – Turker, Farmer, Bot","Natural lifecycles, the labour of scavengers pouring over carrion, perform counterpoint to outsourced ghost tales from a Mechanical Turk platform.",20,Documentary,Aarti Sunder,,Unknown,08-10-2023,2023,10,Sunday,13,0,0,0,0,0,0,0.2136,0,0
1102352,Dance Today,"It tells a story of Rudra, who dreams of performing in a dance competition, were paused after he was met with an accident. How will Rudra and his friend overcome it? How will they achieve their dreams? Come down to find out!",42,Drama,Unknown,,NYP ICG Productions,22-03-2023,2023,3,Wednesday,24,0,0,0,0,0,0,0.2136,0,0
1515599,Avantaa - Event Promotion film,"An ameteur promo film for an event called ""Avantaa"" that was held at Sri Krishna College of Technology.  This promo is meant to prove ""Art is Contagious"".",27,Drama,Vishal N,"Daraneesh, Jejo, Vishmaya, Sharon Reshma, Nitheesh",Unknown,22-02-2024,2024,2,Thursday,8,83.5,0,0,0,0,0,0.2111,0,0
1480540,Thozhan,'Thozhan' elaborates the bond of three friends and the love of a father towards his son.,16,,Unknown,,Unknown,02-08-2020,2020,8,Sunday,0,0,0,0,0,0,0,0.2111,0,0
1400781,Panivizhum Iravu: The Onset,,0,"Crime, Thriller, Action",Subikshan,"Velarasan, Gowtham, Meera Aravindha, Mohan Raj, Venkatesan",KK Productions House,01-01-2025,2025,1,Wednesday,0,83500,0,0.01,0,0,0,0.2278,0,0
1124067,Normalcy,"A short film about the normal life of a transgender person as a homemaker, wife and student.",17,,V. Ramanathan,Grace Banu,Unknown,22-07-2016,2016,7,Friday,16,0,0,0,0,0,0,0.2111,0,0
980126,Appavin Parisu,An Electrician in desperation to keep up a promise he made to his son commits an offence at a client's house. The act pushes him into an uncomfortable confrontation where he has to uphold either his dignity or the promise.,40,,Unknown,,Unknown,02-10-2021,2021,10,Saturday,20,0,0,0,0,0,0,0.2446,0,0
936380,Aval Thediyathu?,,0,"Horror, Thriller, Comedy",Unknown,,AT Movies,10-02-2022,2022,2,Thursday,152,0,0,0,0,0,0,0.2446,2,2
1351604,Yellow Fellow,"A young intruder breaks into a house, indulges in its luxuries, but soon realizes the owners are returning.",18,Comedy,Dev,"Baviysh, Kishore, Chadhitya, Santhiya",Gangster Club Films,15-10-2024,2024,10,Tuesday,5,3924.5,0,0,0,0,0,0.1995,0,0
1376772,The 16 Melodies,"When her widowed father Karthik starts to date again, Nithya begins to reconsider her father’s relationship with her late mother. When she finds a song that ties her past, present and future together, Nithya must decide if she will choose to accept her father’s new partner, Sakthi.",47,,Muthaiah Keerthivasan,,Unknown,31-10-2024,2024,10,Thursday,14,0,0,0,0,0,0,0.1756,0,0
946010,My Caste,"My Caste is a documentation of the experiences of people coming to learn their own caste at various intersections in their lives.  Victims of caste atrocities from different parts of the state of Tamilnadu share their violations in the hands of police, caste Hindus and men. Some of the stories are brutal, some are subtle and some are psychological and all are violent.",63,,R. P. Amudhan,,Unknown,01-01-2019,2019,1,Tuesday,78,0,0,0,0,0,0,0.1904,0,0
1662329,Ennodu Nee Irunthal,A dangerous man falls in love with a girl who already loves a simple boy.,15,Thriller,Dhanasekar,"JK, Mohan Kumar, Gokul, Kavyaa",DR Pictures,17-05-2025,2025,5,Saturday,6,0,0,0,0,0,0,0.1714,0,0
1420415,Letter,"a boy finds a letter cover that speaks to him, and after reading it, he transforms into the letter cover, then the same boy come and finds a letter, starting an endless loop cycle curse.",35,"Fantasy, Mystery, Drama",Hariprasanth.G,Hariprasanth.G,Unknown,25-12-2024,2024,12,Wednesday,2,0,0,0,0,0,0,0.1862,0,0
1740386,Tholaivil Oru Kadhal,"Love, gossip, and misunderstandings collide at a Tamil-run tech company in the US as four lives become tangled in unexpected ways.",21,,Unknown,,Unknown,16-07-2026,2026,7,Thursday,95,0,0,0,0,0,0,0.0445,0,0
